open_time,open,high,low,close,volume,close_time,quote_asset_volume,num_trades,taker_buy_base,taker_buy_quote,ignore,fg_index
2024-05-01 00:00:00,0.3257,0.3276,0.3211,0.3229,620443.1,1714525199999,201099.45798,1612,304054.8,98573.18064,0,0.54
2024-05-01 01:00:00,0.3229,0.3271,0.3212,0.3256,696296.7,1714528799999,226165.03473,1438,370176.5,120232.75547,0,0.54
2024-05-01 02:00:00,0.3255,0.3268,0.3205,0.326,438682.5,1714532399999,142232.85607,929,238440.9,77343.07454,0,0.54
2024-05-01 03:00:00,0.326,0.3281,0.3257,0.3274,89623.6,1714535999999,29277.01753,362,44801.3,14637.5293,0,0.54
2024-05-01 04:00:00,0.3274,0.328,0.3256,0.3267,113109.6,1714539599999,36955.81114,288,57735.9,18859.31423,0,0.54
2024-05-01 05:00:00,0.3267,0.3275,0.3246,0.3253,181441.0,1714543199999,59074.46454,400,92119.6,29981.35583,0,0.54
2024-05-01 06:00:00,0.3255,0.3256,0.3206,0.3209,177415.5,1714546799999,57375.0745,562,86278.0,27891.85874,0,0.54
2024-05-01 07:00:00,0.3209,0.3219,0.311,0.3151,1361362.4,1714550399999,428945.76382,3038,645541.6,203486.74291,0,0.54
2024-05-01 08:00:00,0.3149,0.3158,0.3067,0.3124,766372.6,1714553999999,238056.7094,1782,385172.2,119731.20571,0,0.54
2024-05-01 09:00:00,0.3124,0.3175,0.312,0.3142,363354.2,1714557599999,114509.08441,1048,177788.5,56038.66044,0,0.54
2024-05-01 10:00:00,0.3141,0.3167,0.3129,0.3161,205363.3,1714561199999,64588.2197,571,109627.0,34476.96233,0,0.54
2024-05-01 11:00:00,0.316,0.3169,0.3145,0.3169,96956.5,1714564799999,30587.25366,281,40611.9,12809.80124,0,0.54
2024-05-01 12:00:00,0.3169,0.3206,0.3165,0.3191,573393.6,1714568399999,183106.02447,1231,326751.2,104363.89902,0,0.54
2024-05-01 13:00:00,0.3191,0.3193,0.3151,0.3158,523412.8,1714571999999,165769.55591,1047,231543.5,73358.93444,0,0.54
2024-05-01 14:00:00,0.3159,0.317,0.3142,0.316,403088.9,1714575599999,127136.43983,1051,259270.9,81787.45178,0,0.54
2024-05-01 15:00:00,0.3161,0.3161,0.3117,0.3144,261341.1,1714579199999,82068.63654,554,142706.2,44799.71774,0,0.54
2024-05-01 16:00:00,0.3144,0.3168,0.3123,0.313,314727.0,1714582799999,98884.04278,579,162495.7,51035.87622,0,0.54
2024-05-01 17:00:00,0.3127,0.3184,0.3112,0.3178,246575.9,1714586399999,77410.47346,546,129131.0,40562.21699,0,0.54
2024-05-01 18:00:00,0.3177,0.337,0.3177,0.3272,1341290.3,1714589999999,437880.75912,2868,804142.9,263198.21076,0,0.54
2024-05-01 19:00:00,0.3274,0.3292,0.3179,0.3192,976901.5,1714593599999,314256.23748,2394,463559.0,149137.70865,0,0.54
2024-05-01 20:00:00,0.3197,0.3226,0.3171,0.3211,286839.5,1714597199999,91840.40991,628,165889.9,53132.44184,0,0.54
2024-05-01 21:00:00,0.3212,0.3255,0.3205,0.3248,327724.3,1714600799999,106016.69619,534,166480.4,53920.03891,0,0.54
2024-05-01 22:00:00,0.3248,0.3264,0.324,0.3257,253109.8,1714604399999,82422.526,415,100113.7,32607.99165,0,0.54
2024-05-01 23:00:00,0.3257,0.3293,0.3249,0.3268,303783.7,1714607999999,99452.23605,649,130290.5,42696.73965,0,0.54
2024-05-02 00:00:00,0.3268,0.3279,0.3207,0.321,485454.2,1714611599999,157084.56545,1254,204165.6,65995.86277,0,0.43
2024-05-02 01:00:00,0.3211,0.3225,0.3161,0.3199,479952.8,1714615199999,153484.66682,1155,232093.6,74208.29502,0,0.43
2024-05-02 02:00:00,0.3201,0.322,0.3196,0.3211,196016.9,1714618799999,62897.62723,403,103255.0,33138.15239,0,0.43
2024-05-02 03:00:00,0.3209,0.3233,0.3209,0.322,174507.7,1714622399999,56222.54725,303,91194.8,29377.44703,0,0.43
2024-05-02 04:00:00,0.3221,0.3234,0.3202,0.3205,56142.9,1714625999999,18090.45097,175,28805.6,9285.29736,0,0.43
2024-05-02 05:00:00,0.321,0.3211,0.3184,0.3206,119165.5,1714629599999,38134.18601,316,56730.0,18157.29719,0,0.43
2024-05-02 06:00:00,0.3207,0.3215,0.32,0.3205,216887.0,1714633199999,69557.90307,367,89829.1,28816.17855,0,0.43
2024-05-02 07:00:00,0.3206,0.3225,0.3203,0.3205,209895.6,1714636799999,67467.46164,440,94539.9,30381.06133,0,0.43
2024-05-02 08:00:00,0.3203,0.3221,0.3196,0.3214,221753.0,1714640399999,71161.76132,408,109554.1,35132.88293,0,0.43
2024-05-02 09:00:00,0.3216,0.3229,0.3209,0.3228,134479.7,1714643999999,43293.81823,279,67240.7,21650.94518,0,0.43
2024-05-02 10:00:00,0.3228,0.3244,0.3215,0.3241,183442.4,1714647599999,59251.62582,428,95403.4,30841.06265,0,0.43
2024-05-02 11:00:00,0.324,0.3284,0.3239,0.327,587125.0,1714651199999,191851.24783,982,247351.4,80799.19691,0,0.43
2024-05-02 12:00:00,0.3269,0.3283,0.3253,0.3255,405859.6,1714654799999,132663.2255,693,153985.7,50325.80393,0,0.43
2024-05-02 13:00:00,0.3252,0.326,0.3235,0.3243,282112.1,1714658399999,91633.94797,561,147239.7,47842.68047,0,0.43
2024-05-02 14:00:00,0.3243,0.3296,0.3233,0.3285,391187.8,1714661999999,127582.563,979,213114.1,69532.48971,0,0.43
2024-05-02 15:00:00,0.3285,0.3308,0.328,0.3298,469463.5,1714665599999,154813.63981,806,263636.4,86964.52888,0,0.43
2024-05-02 16:00:00,0.3298,0.3303,0.3278,0.3294,985539.1,1714669199999,324863.81699,1592,411911.0,135678.82337,0,0.43
2024-05-02 17:00:00,0.3295,0.3349,0.3293,0.3342,411492.6,1714672799999,136700.35052,1215,229268.3,76166.26814,0,0.43
2024-05-02 18:00:00,0.3342,0.3377,0.3328,0.3359,468415.5,1714676399999,157060.68442,1213,243917.3,81784.26956,0,0.43
2024-05-02 19:00:00,0.3359,0.3362,0.3344,0.3361,220261.8,1714679999999,73909.2959,474,87347.7,29310.76975,0,0.43
2024-05-02 20:00:00,0.3358,0.3372,0.3328,0.3342,379600.6,1714683599999,127101.95877,734,199685.4,66903.46295,0,0.43
2024-05-02 21:00:00,0.3341,0.339,0.3341,0.3371,327178.9,1714687199999,110142.46257,510,162112.0,54541.61053,0,0.43
2024-05-02 22:00:00,0.3374,0.3393,0.337,0.3377,327048.9,1714690799999,110555.20653,726,152575.5,51581.96412,0,0.43
2024-05-02 23:00:00,0.3378,0.3382,0.3357,0.3357,66453.5,1714694399999,22407.47475,264,29798.6,10053.552,0,0.43
2024-05-03 00:00:00,0.3356,0.3361,0.3331,0.3345,167149.8,1714697999999,55947.42608,623,68743.1,23014.51418,0,0.48
2024-05-03 01:00:00,0.3345,0.3406,0.3342,0.3389,459687.7,1714701599999,155588.24574,1210,219633.7,74351.31703,0,0.48
2024-05-03 02:00:00,0.3387,0.343,0.3383,0.3388,437137.8,1714705199999,148688.38248,1051,251838.9,85626.1971,0,0.48
2024-05-03 03:00:00,0.3388,0.3412,0.3387,0.3397,155884.1,1714708799999,53014.01885,315,65139.5,22169.63255,0,0.48
2024-05-03 04:00:00,0.3395,0.34,0.3377,0.3386,56132.0,1714712399999,19013.56598,196,35792.8,12124.63672,0,0.48
2024-05-03 05:00:00,0.3388,0.3392,0.3376,0.3376,148477.5,1714715999999,50241.7102,373,84644.1,28645.99075,0,0.48
2024-05-03 06:00:00,0.3376,0.3379,0.3359,0.336,266943.4,1714719599999,89961.41904,821,123470.5,41619.04822,0,0.48
2024-05-03 07:00:00,0.336,0.3375,0.3345,0.3353,292960.6,1714723199999,98452.86633,770,156245.8,52516.72141,0,0.48
2024-05-03 08:00:00,0.3353,0.3381,0.3351,0.3369,309950.1,1714726799999,104389.11915,858,112435.7,37851.20135,0,0.48
2024-05-03 09:00:00,0.3368,0.3378,0.3366,0.3366,123880.0,1714730399999,41752.19476,467,45167.7,15227.92717,0,0.48
2024-05-03 10:00:00,0.3367,0.3379,0.3329,0.334,788132.1,1714733999999,263728.05242,1405,345107.9,115578.95497,0,0.48
2024-05-03 11:00:00,0.334,0.3352,0.3326,0.3341,250713.1,1714737599999,83700.05747,1075,133166.8,44453.07883,0,0.48
2024-05-03 12:00:00,0.334,0.3445,0.3332,0.3426,820720.7,1714741199999,278705.1242,2254,430344.9,146167.33099,0,0.48
2024-05-03 13:00:00,0.3424,0.3442,0.3404,0.3424,575867.0,1714744799999,197230.6752,1125,254444.4,87185.94918,0,0.48
2024-05-03 14:00:00,0.3424,0.3435,0.3401,0.3418,283302.9,1714748399999,96837.23495,930,148172.2,50670.30824,0,0.48
2024-05-03 15:00:00,0.3418,0.3425,0.3404,0.3416,360716.6,1714751999999,123063.17225,848,101333.4,34593.666,0,0.48
2024-05-03 16:00:00,0.3417,0.3437,0.3417,0.3429,352832.0,1714755599999,120979.27713,814,181604.1,62285.59066,0,0.48
2024-05-03 17:00:00,0.343,0.3453,0.3425,0.3447,178725.4,1714759199999,61519.95655,654,58318.1,20084.95922,0,0.48
2024-05-03 18:00:00,0.3447,0.3462,0.3442,0.3446,138531.4,1714762799999,47811.93185,614,54251.1,18722.01596,0,0.48
2024-05-03 19:00:00,0.3445,0.3459,0.3434,0.3459,204209.7,1714766399999,70339.29659,690,85439.8,29427.02795,0,0.48
2024-05-03 20:00:00,0.3459,0.3493,0.3454,0.3481,321665.5,1714769999999,111784.90074,857,165824.0,57626.37171,0,0.48
2024-05-03 21:00:00,0.3481,0.3489,0.3457,0.3477,223632.6,1714773599999,77593.89492,448,68595.4,23832.20565,0,0.48
2024-05-03 22:00:00,0.3479,0.3483,0.3462,0.3476,211511.0,1714777199999,73464.88348,501,118207.3,41062.49711,0,0.48
2024-05-03 23:00:00,0.3475,0.3493,0.3464,0.3469,107975.2,1714780799999,37528.43003,358,39240.1,13634.26271,0,0.48
2024-05-04 00:00:00,0.3466,0.3491,0.3461,0.3466,190793.7,1714784399999,66230.19576,752,71388.7,24783.27223,0,0.67
2024-05-04 01:00:00,0.3465,0.3489,0.3455,0.3455,203406.9,1714787999999,70545.27394,687,110032.9,38186.83059,0,0.67
2024-05-04 02:00:00,0.3454,0.3459,0.3426,0.3431,371194.2,1714791599999,127493.49832,899,173552.0,59609.59564,0,0.67
2024-05-04 03:00:00,0.3433,0.3449,0.3422,0.3444,206477.1,1714795199999,70933.7116,535,86085.0,29597.68313,0,0.67
2024-05-04 04:00:00,0.3442,0.3459,0.3436,0.3458,98197.1,1714798799999,33866.85848,397,53652.1,18510.83957,0,0.67
2024-05-04 05:00:00,0.3453,0.3456,0.3432,0.3454,95415.6,1714802399999,32854.17761,321,36352.1,12520.89296,0,0.67
2024-05-04 06:00:00,0.3453,0.3453,0.3435,0.3437,236348.0,1714805999999,81421.25367,516,104843.7,36142.57501,0,0.67
2024-05-04 07:00:00,0.3441,0.3448,0.3435,0.3435,56711.5,1714809599999,19521.65024,236,28493.5,9809.70949,0,0.67
2024-05-04 08:00:00,0.3435,0.3455,0.3435,0.3454,129553.3,1714813199999,44666.23302,345,90689.4,31276.66354,0,0.67
2024-05-04 09:00:00,0.3452,0.346,0.3435,0.3443,129207.3,1714816799999,44558.62898,302,65159.6,22492.14044,0,0.67
2024-05-04 10:00:00,0.3442,0.3485,0.3437,0.3484,386810.4,1714820399999,133787.20618,1073,212022.4,73343.8833,0,0.67
2024-05-04 11:00:00,0.3484,0.349,0.3444,0.3453,408443.9,1714823999999,141819.70072,1180,219162.0,76084.80365,0,0.67
2024-05-04 12:00:00,0.3454,0.3497,0.3446,0.3496,250494.0,1714827599999,87000.59129,810,142576.2,49530.46315,0,0.67
2024-05-04 13:00:00,0.3496,0.3502,0.345,0.347,369770.8,1714831199999,128174.29643,1005,172972.0,59987.63185,0,0.67
2024-05-04 14:00:00,0.3471,0.3481,0.3461,0.3475,162014.0,1714834799999,56275.76774,371,72753.0,25256.65223,0,0.67
2024-05-04 15:00:00,0.3477,0.3479,0.3452,0.3465,187019.1,1714838399999,64801.85552,448,66887.3,23168.02204,0,0.67
2024-05-04 16:00:00,0.3465,0.348,0.3452,0.3475,262065.1,1714841999999,90816.10349,697,104983.7,36421.51993,0,0.67
2024-05-04 17:00:00,0.3473,0.3478,0.3453,0.3466,272697.4,1714845599999,94532.19444,893,107590.8,37311.84463,0,0.67
2024-05-04 18:00:00,0.3466,0.3489,0.346,0.348,136946.7,1714849199999,47617.18537,561,60800.3,21138.68575,0,0.67
2024-05-04 19:00:00,0.3479,0.3498,0.3476,0.3492,179649.5,1714852799999,62606.80731,626,102456.2,35714.34108,0,0.67
2024-05-04 20:00:00,0.3493,0.3502,0.3478,0.348,177970.7,1714856399999,62128.93281,614,79927.5,27927.0812,0,0.67
2024-05-04 21:00:00,0.3479,0.3488,0.3452,0.3474,150594.4,1714859999999,52321.48049,433,64125.4,22266.62677,0,0.67
2024-05-04 22:00:00,0.3474,0.3476,0.3452,0.3453,206802.5,1714863599999,71569.15638,428,73783.0,25538.9281,0,0.67
2024-05-04 23:00:00,0.3453,0.3461,0.345,0.3452,254884.8,1714867199999,88087.24472,405,100849.9,34854.35759,0,0.67
2024-05-05 00:00:00,0.3453,0.3462,0.3419,0.344,362606.6,1714870799999,124764.67885,705,183927.0,63282.355,0,0.69
2024-05-05 01:00:00,0.3439,0.3443,0.3385,0.3416,472963.7,1714874399999,161273.43231,1107,203770.7,69460.72137,0,0.69
2024-05-05 02:00:00,0.3413,0.343,0.3407,0.3407,121349.3,1714877999999,41466.29033,302,50862.5,17386.42503,0,0.69
2024-05-05 03:00:00,0.3408,0.3421,0.3398,0.3419,189367.0,1714881599999,64560.98781,308,98674.5,33658.95144,0,0.69
2024-05-05 04:00:00,0.3422,0.3427,0.3408,0.3413,160548.1,1714885199999,54906.58848,199,34290.7,11722.09602,0,0.69
2024-05-05 05:00:00,0.3415,0.342,0.3384,0.3387,181727.8,1714888799999,61730.09461,304,122052.1,41446.89266,0,0.69
2024-05-05 06:00:00,0.3391,0.3413,0.3388,0.3406,138985.8,1714892399999,47311.84196,312,65618.1,22333.72321,0,0.69
2024-05-05 07:00:00,0.3406,0.3434,0.3399,0.342,146478.4,1714895999999,50111.35122,482,77963.7,26666.73669,0,0.69
2024-05-05 08:00:00,0.342,0.3444,0.3411,0.3433,336812.5,1714899599999,115464.93904,738,160388.7,54993.57755,0,0.69
2024-05-05 09:00:00,0.3433,0.3441,0.3417,0.3434,128436.9,1714903199999,44066.75482,481,62933.8,21581.12808,0,0.69
2024-05-05 10:00:00,0.3434,0.3442,0.3416,0.3429,293646.4,1714906799999,100664.90512,832,122406.3,41960.74419,0,0.69
2024-05-05 11:00:00,0.3428,0.3435,0.3418,0.3424,191125.4,1714910399999,65480.34056,717,85841.8,29414.08671,0,0.69
2024-05-05 12:00:00,0.3425,0.3426,0.3401,0.3405,198776.6,1714913999999,67884.63141,665,76791.8,26236.37382,0,0.69
2024-05-05 13:00:00,0.3406,0.3437,0.3403,0.343,325148.2,1714917599999,111177.28638,1193,174068.6,59502.9426,0,0.69
2024-05-05 14:00:00,0.3429,0.3466,0.3408,0.3462,304749.1,1714921199999,104661.3337,990,184806.7,63461.19866,0,0.69
2024-05-05 15:00:00,0.3463,0.351,0.3461,0.3504,453960.3,1714924799999,158383.81867,1676,199672.4,69685.39139,0,0.69
2024-05-05 16:00:00,0.3503,0.3521,0.3498,0.3507,355613.0,1714928399999,124914.22531,1050,106544.4,37423.17921,0,0.69
2024-05-05 17:00:00,0.3507,0.3517,0.3493,0.3497,197205.3,1714931999999,69081.53481,459,79324.1,27786.2242,0,0.69
2024-05-05 18:00:00,0.3497,0.3497,0.3464,0.3471,247906.0,1714935599999,86243.65504,665,95879.5,33346.61833,0,0.69
2024-05-05 19:00:00,0.3472,0.3477,0.3464,0.3466,115019.9,1714939199999,39911.74208,341,61409.8,21307.34924,0,0.69
2024-05-05 20:00:00,0.3465,0.3473,0.3448,0.3456,181653.3,1714942799999,62817.81176,631,100015.1,34597.01025,0,0.69
2024-05-05 21:00:00,0.3454,0.3466,0.3446,0.3466,125474.4,1714946399999,43348.70523,421,73815.3,25512.29698,0,0.69
2024-05-05 22:00:00,0.3466,0.3467,0.3454,0.3458,142085.3,1714949999999,49162.67957,466,71566.8,24761.58314,0,0.69
2024-05-05 23:00:00,0.3462,0.3474,0.3457,0.3462,186015.2,1714953599999,64456.14038,624,109627.5,37988.24392,0,0.69
2024-05-06 00:00:00,0.3463,0.3484,0.3461,0.3483,177736.9,1714957199999,61699.44208,720,90952.2,31573.47307,0,0.71
2024-05-06 01:00:00,0.3483,0.3493,0.3464,0.3465,214025.3,1714960799999,74541.28388,737,101937.6,35475.47116,0,0.71
2024-05-06 02:00:00,0.3465,0.3472,0.344,0.3441,71471.6,1714964399999,24718.65387,297,33129.8,11456.28755,0,0.71
2024-05-06 03:00:00,0.344,0.3449,0.3425,0.3435,148537.2,1714967999999,51024.86058,392,86743.1,29800.52897,0,0.71
2024-05-06 04:00:00,0.3434,0.3441,0.342,0.344,106582.4,1714971599999,36550.18117,376,55652.1,19076.53825,0,0.71
2024-05-06 05:00:00,0.3439,0.3455,0.3421,0.3453,180968.5,1714975199999,62253.30822,512,102001.9,35071.45674,0,0.71
2024-05-06 06:00:00,0.3453,0.3482,0.3448,0.3467,382516.6,1714978799999,132510.67954,899,233972.6,81028.44317,0,0.71
2024-05-06 07:00:00,0.3464,0.35,0.3464,0.3495,263197.9,1714982399999,91791.70377,821,162894.2,56847.29603,0,0.71
2024-05-06 08:00:00,0.3493,0.3544,0.349,0.3517,617058.6,1714985999999,217528.21597,1550,300795.5,105969.18802,0,0.71
2024-05-06 09:00:00,0.3517,0.3537,0.3517,0.3529,255677.5,1714989599999,90241.69121,621,159257.1,56220.18492,0,0.71
2024-05-06 10:00:00,0.3529,0.3541,0.3437,0.3459,1085591.5,1714993199999,377127.42641,3256,540189.5,187770.14762,0,0.71
2024-05-06 11:00:00,0.346,0.3493,0.3459,0.3484,426914.2,1714996799999,148544.3741,1376,217965.5,75827.99302,0,0.71
2024-05-06 12:00:00,0.3485,0.349,0.3383,0.3412,1028512.0,1715000399999,353148.25652,2960,486138.8,166965.87665,0,0.71
2024-05-06 13:00:00,0.3412,0.3478,0.3403,0.3467,356068.7,1715003999999,122535.96307,1696,166304.0,57263.46643,0,0.71
2024-05-06 14:00:00,0.3468,0.3485,0.341,0.3412,336919.5,1715007599999,116316.22974,1071,166513.0,57474.79849,0,0.71
2024-05-06 15:00:00,0.3413,0.3454,0.3387,0.3449,364835.0,1715011199999,124548.67213,1276,164655.8,56181.22531,0,0.71
2024-05-06 16:00:00,0.3448,0.3456,0.342,0.3426,178872.9,1715014799999,61510.24297,577,74365.1,25574.1082,0,0.71
2024-05-06 17:00:00,0.3426,0.345,0.3406,0.3424,260683.8,1715018399999,89307.82736,761,91948.2,31493.46763,0,0.71
2024-05-06 18:00:00,0.3425,0.3445,0.3414,0.3437,146865.6,1715021999999,50363.08211,449,61061.9,20945.54134,0,0.71
2024-05-06 19:00:00,0.3433,0.3434,0.3392,0.3424,246021.7,1715025599999,83931.47092,796,88753.7,30283.54633,0,0.71
2024-05-06 20:00:00,0.3426,0.3444,0.3422,0.3438,163157.9,1715029199999,55977.69018,390,73002.8,25042.62299,0,0.71
2024-05-06 21:00:00,0.3439,0.3449,0.3435,0.3441,93720.6,1715032799999,32260.02076,275,55728.8,19185.21019,0,0.71
2024-05-06 22:00:00,0.3441,0.3441,0.3414,0.3419,108435.3,1715036399999,37160.57588,429,50263.6,17224.28566,0,0.71
2024-05-06 23:00:00,0.342,0.3421,0.3397,0.3404,162267.9,1715039999999,55264.02986,629,91941.9,31317.98461,0,0.71
2024-05-07 00:00:00,0.3405,0.3435,0.3393,0.342,206217.4,1715043599999,70518.27235,1032,100121.2,34246.66421,0,0.68
2024-05-07 01:00:00,0.3417,0.3434,0.3407,0.3431,193315.8,1715047199999,66175.02193,723,110036.7,37683.87173,0,0.68
2024-05-07 02:00:00,0.3432,0.3434,0.3412,0.342,70831.5,1715050799999,24232.5629,278,44127.0,15089.1255,0,0.68
2024-05-07 03:00:00,0.3421,0.3425,0.3345,0.338,524059.9,1715054399999,176751.31935,2069,238062.7,80264.38252,0,0.68
2024-05-07 04:00:00,0.3378,0.3407,0.3377,0.3407,209426.0,1715057999999,71077.92693,808,113990.8,38695.8192,0,0.68
2024-05-07 05:00:00,0.3407,0.341,0.3375,0.3394,295111.3,1715061599999,100181.94081,918,145635.9,49462.40539,0,0.68
2024-05-07 06:00:00,0.3393,0.34,0.337,0.3389,131874.2,1715065199999,44629.46094,485,65918.6,22310.45182,0,0.68
2024-05-07 07:00:00,0.3388,0.3406,0.3381,0.3392,106788.8,1715068799999,36258.9188,385,34472.6,11704.55989,0,0.68
2024-05-07 08:00:00,0.3392,0.3444,0.3385,0.3437,217638.6,1715072399999,74492.51753,601,115713.5,39601.72098,0,0.68
2024-05-07 09:00:00,0.3436,0.3457,0.3431,0.3432,124995.1,1715075999999,43077.12076,416,69589.3,23979.63174,0,0.68
2024-05-07 10:00:00,0.3433,0.3438,0.3413,0.3435,138371.6,1715079599999,47401.81173,366,66016.8,22620.435,0,0.68
2024-05-07 11:00:00,0.3434,0.3439,0.3399,0.3401,173061.2,1715083199999,59138.86202,627,83636.6,28587.81958,0,0.68
2024-05-07 12:00:00,0.3402,0.344,0.3401,0.3436,166097.5,1715086799999,56782.26634,736,76460.8,26152.64006,0,0.68
2024-05-07 13:00:00,0.3434,0.3443,0.3395,0.3409,171381.8,1715090399999,58539.01376,798,83226.1,28424.11949,0,0.68
2024-05-07 14:00:00,0.341,0.3463,0.3395,0.3463,110880.2,1715093999999,38093.18614,456,56056.3,19253.75376,0,0.68
2024-05-07 15:00:00,0.3462,0.3475,0.3446,0.3446,254216.7,1715097599999,87993.51757,761,127375.6,44099.84345,0,0.68
2024-05-07 16:00:00,0.3446,0.3455,0.3427,0.3441,219732.3,1715101199999,75601.22496,559,119697.9,41199.24103,0,0.68
2024-05-07 17:00:00,0.344,0.344,0.3422,0.3426,86869.6,1715104799999,29805.7539,414,37520.1,12872.29517,0,0.68
2024-05-07 18:00:00,0.3426,0.3426,0.3391,0.3414,194190.3,1715108399999,66131.92738,824,83641.4,28497.47052,0,0.68
2024-05-07 19:00:00,0.3414,0.3421,0.3402,0.3407,132258.1,1715111999999,45134.96779,537,56034.1,19132.28949,0,0.68
2024-05-07 20:00:00,0.3408,0.3424,0.3394,0.3403,152438.8,1715115599999,51932.94934,707,73590.2,25071.03686,0,0.68
2024-05-07 21:00:00,0.3401,0.342,0.3381,0.3398,146301.9,1715119199999,49765.65739,539,67988.7,23130.25853,0,0.68
2024-05-07 22:00:00,0.3397,0.3403,0.3367,0.3381,262400.6,1715122799999,88812.79934,799,107450.9,36378.99658,0,0.68
2024-05-07 23:00:00,0.3382,0.3383,0.3349,0.3358,221845.2,1715126399999,74554.96819,1013,93085.9,31289.8979,0,0.68
2024-05-08 00:00:00,0.3358,0.3373,0.3323,0.3348,485765.5,1715129999999,162658.76476,1369,221007.9,74014.81169,0,0.64
2024-05-08 01:00:00,0.3349,0.3359,0.3323,0.3329,185546.9,1715133599999,62015.50808,558,93812.4,31386.71502,0,0.64
2024-05-08 02:00:00,0.3329,0.3348,0.3321,0.3339,69561.2,1715137199999,23202.14342,329,49123.6,16386.65806,0,0.64
2024-05-08 03:00:00,0.3337,0.3357,0.3325,0.3346,38057.4,1715140799999,12723.2841,158,23923.5,7996.6232,0,0.64
2024-05-08 04:00:00,0.3341,0.335,0.3311,0.3326,90944.8,1715144399999,30248.27588,381,39985.5,13292.15921,0,0.64
2024-05-08 05:00:00,0.3325,0.3335,0.3306,0.3323,172998.3,1715147999999,57314.51458,438,55052.7,18256.31812,0,0.64
2024-05-08 06:00:00,0.3322,0.3329,0.3281,0.3306,302916.0,1715151599999,99895.93718,1133,117507.3,38773.91696,0,0.64
2024-05-08 07:00:00,0.3305,0.3317,0.3283,0.3286,211666.8,1715155199999,69774.72552,540,134235.9,44239.4152,0,0.64
2024-05-08 08:00:00,0.3287,0.3308,0.3266,0.3303,227961.9,1715158799999,74903.19187,766,103731.2,34141.89856,0,0.64
2024-05-08 09:00:00,0.3303,0.3308,0.3267,0.3301,236634.7,1715162399999,77771.60213,809,101229.8,33294.01316,0,0.64
2024-05-08 10:00:00,0.33,0.3312,0.3295,0.3299,122749.3,1715165999999,40535.89616,475,55179.8,18222.42892,0,0.64
2024-05-08 11:00:00,0.3298,0.3302,0.3275,0.3285,119389.4,1715169599999,39225.01813,517,43118.4,14172.18009,0,0.64
2024-05-08 12:00:00,0.3286,0.3299,0.3259,0.3278,260500.8,1715173199999,85345.50026,659,149202.9,48875.3042,0,0.64
2024-05-08 13:00:00,0.3278,0.3334,0.3265,0.333,322885.8,1715176799999,106476.57386,1044,181616.2,59996.44348,0,0.64
2024-05-08 14:00:00,0.3331,0.3428,0.3314,0.3383,1226829.4,1715180399999,415736.98754,3962,749497.4,254177.16406,0,0.64
2024-05-08 15:00:00,0.3384,0.3389,0.3323,0.3356,912189.8,1715183999999,305729.84365,1781,373388.7,125129.73476,0,0.64
2024-05-08 16:00:00,0.3354,0.3356,0.3322,0.3347,335033.1,1715187599999,111906.40864,714,164514.4,54934.71065,0,0.64
2024-05-08 17:00:00,0.3347,0.337,0.3342,0.335,150957.6,1715191199999,50659.02623,373,79449.7,26667.31629,0,0.64
2024-05-08 18:00:00,0.3351,0.3383,0.3349,0.3355,178563.7,1715194799999,60184.35842,296,81791.5,27538.80715,0,0.64
2024-05-08 19:00:00,0.3356,0.3364,0.3321,0.3347,176904.0,1715198399999,59135.37388,448,78232.9,26146.90091,0,0.64
2024-05-08 20:00:00,0.3348,0.3363,0.329,0.3307,705165.3,1715201999999,233751.75306,1544,324110.9,107420.80749,0,0.64
2024-05-08 21:00:00,0.3306,0.3334,0.3294,0.332,226274.9,1715205599999,74969.52075,434,135751.0,44959.22847,0,0.64
2024-05-08 22:00:00,0.3322,0.3323,0.3297,0.3308,284072.6,1715209199999,93964.16789,521,124595.3,41221.60032,0,0.64
2024-05-08 23:00:00,0.3308,0.3314,0.3292,0.3301,173593.7,1715212799999,57350.33136,494,80264.1,26512.82117,0,0.64
2024-05-09 00:00:00,0.3297,0.332,0.3283,0.3313,139911.4,1715216399999,46197.95057,430,87401.8,28858.81535,0,0.55
2024-05-09 01:00:00,0.3313,0.3326,0.3299,0.3312,93366.7,1715219999999,30906.10138,418,48419.9,16028.97665,0,0.55
2024-05-09 02:00:00,0.3308,0.3313,0.329,0.3301,228196.6,1715223599999,75239.03053,342,68354.8,22548.33346,0,0.55
2024-05-09 03:00:00,0.3301,0.3309,0.3287,0.3305,109560.4,1715227199999,36147.79881,332,68536.4,22617.67465,0,0.55
2024-05-09 04:00:00,0.3301,0.3315,0.3286,0.3288,145937.5,1715230799999,48156.01196,439,100475.6,33153.11089,0,0.55
2024-05-09 05:00:00,0.3287,0.3304,0.3285,0.3293,192980.0,1715234399999,63601.34689,573,131397.9,43303.89668,0,0.55
2024-05-09 06:00:00,0.3291,0.3309,0.3291,0.3302,343326.7,1715237999999,113375.95533,1230,161793.9,53431.70837,0,0.55
2024-05-09 07:00:00,0.3301,0.3303,0.327,0.3278,272016.6,1715241599999,89385.59926,1106,151987.9,49941.90143,0,0.55
2024-05-09 08:00:00,0.3278,0.3287,0.327,0.3284,225001.5,1715245199999,73766.80283,672,123634.4,40526.96648,0,0.55
2024-05-09 09:00:00,0.3283,0.3287,0.3247,0.3269,396629.3,1715248799999,129530.72115,1547,234462.0,76618.10795,0,0.55
2024-05-09 10:00:00,0.3269,0.327,0.3233,0.3235,203272.2,1715252399999,66033.82531,1005,118854.2,38617.15462,0,0.55
2024-05-09 11:00:00,0.3236,0.328,0.3228,0.3268,156945.5,1715255999999,50997.98341,864,95189.5,30937.74225,0,0.55
2024-05-09 12:00:00,0.327,0.3302,0.3268,0.3288,227834.7,1715259599999,74760.45292,658,179653.9,58941.83139,0,0.55
2024-05-09 13:00:00,0.3289,0.329,0.3247,0.327,183275.0,1715263199999,59949.54562,938,105184.3,34411.47586,0,0.55
2024-05-09 14:00:00,0.327,0.3296,0.3264,0.3289,159596.4,1715266799999,52364.60137,758,59222.5,19429.77608,0,0.55
2024-05-09 15:00:00,0.329,0.3329,0.3281,0.3324,313627.8,1715270399999,103907.54926,1230,175011.6,57979.4251,0,0.55
2024-05-09 16:00:00,0.3322,0.3343,0.3305,0.3307,209730.1,1715273999999,69718.17289,1007,104231.9,34639.92403,0,0.55
2024-05-09 17:00:00,0.3307,0.3332,0.3302,0.3325,220982.0,1715277599999,73388.90442,744,104937.2,34848.16297,0,0.55
2024-05-09 18:00:00,0.3326,0.3346,0.3323,0.3345,166592.3,1715281199999,55644.99358,659,62678.0,20932.71183,0,0.55
2024-05-09 19:00:00,0.3345,0.3359,0.3343,0.3349,270664.5,1715284799999,90683.52756,829,113577.2,38062.74716,0,0.55
2024-05-09 20:00:00,0.3351,0.3359,0.3342,0.335,93515.7,1715288399999,31316.71208,559,36594.7,12259.26291,0,0.55
2024-05-09 21:00:00,0.335,0.3379,0.335,0.3377,231217.9,1715291999999,77851.90396,656,157935.5,53198.86756,0,0.55
2024-05-09 22:00:00,0.3375,0.3406,0.337,0.3395,161497.1,1715295599999,54744.74867,1083,83742.4,28396.78789,0,0.55
2024-05-09 23:00:00,0.3396,0.3397,0.3376,0.3389,123426.1,1715299199999,41792.31003,736,46790.1,15837.28333,0,0.55
2024-05-10 00:00:00,0.3388,0.3389,0.336,0.3361,233508.0,1715302799999,78743.53825,852,127557.3,43012.30881,0,0.66
2024-05-10 01:00:00,0.3362,0.3388,0.335,0.3378,121210.5,1715306399999,40845.4272,586,59518.3,20063.81051,0,0.66
2024-05-10 02:00:00,0.3378,0.3387,0.3372,0.3381,56260.4,1715309999999,19008.51408,516,30386.0,10268.9617,0,0.66
2024-05-10 03:00:00,0.3381,0.3385,0.3372,0.3382,65019.9,1715313599999,21980.7883,360,30581.4,10339.2172,0,0.66
2024-05-10 04:00:00,0.3383,0.34,0.3377,0.3398,80060.1,1715317199999,27158.70589,458,53952.9,18307.37397,0,0.66
2024-05-10 05:00:00,0.3399,0.3403,0.3384,0.3396,101956.4,1715320799999,34618.03522,512,60789.7,20644.32249,0,0.66
2024-05-10 06:00:00,0.3396,0.3423,0.3395,0.3415,121949.3,1715324399999,41551.18951,699,73493.2,25051.10801,0,0.66
2024-05-10 07:00:00,0.3416,0.3424,0.3409,0.3412,156300.2,1715327999999,53372.7522,694,57446.6,19621.17508,0,0.66
2024-05-10 08:00:00,0.3413,0.3417,0.3405,0.3414,74965.7,1715331599999,25574.4624,477,35608.3,12150.01162,0,0.66
2024-05-10 09:00:00,0.3414,0.3416,0.3405,0.3408,134411.5,1715335199999,45823.90194,559,93549.9,31890.7865,0,0.66
2024-05-10 10:00:00,0.3408,0.3427,0.3404,0.3423,337748.8,1715338799999,115373.31184,865,215928.4,73747.66307,0,0.66
2024-05-10 11:00:00,0.3423,0.3438,0.3416,0.3436,165107.3,1715342399999,56588.37345,985,92255.4,31633.22133,0,0.66
2024-05-10 12:00:00,0.3437,0.3442,0.3417,0.3421,173505.0,1715345999999,59563.69889,759,93767.2,32188.67633,0,0.66
2024-05-10 13:00:00,0.3422,0.3434,0.3407,0.3427,173999.0,1715349599999,59496.89166,769,107996.6,36937.45574,0,0.66
2024-05-10 14:00:00,0.3427,0.3436,0.3309,0.3343,1692539.3,1715353199999,569373.39355,5206,740641.9,249109.17422,0,0.66
2024-05-10 15:00:00,0.3344,0.3355,0.332,0.3338,600797.5,1715356799999,200486.36044,2350,307699.9,102698.36975,0,0.66
2024-05-10 16:00:00,0.3333,0.3352,0.3286,0.3328,397246.9,1715360399999,131832.18818,1250,206594.2,68576.4869,0,0.66
2024-05-10 17:00:00,0.3326,0.3335,0.328,0.3303,434747.9,1715363999999,143621.69966,1070,147613.6,48836.64499,0,0.66
2024-05-10 18:00:00,0.3304,0.3306,0.3283,0.3305,153679.6,1715367599999,50641.2387,462,94655.5,31203.10758,0,0.66
2024-05-10 19:00:00,0.3306,0.3315,0.3266,0.3276,88530.0,1715371199999,29123.20385,443,44888.2,14761.66932,0,0.66
2024-05-10 20:00:00,0.3276,0.3288,0.3239,0.3262,342837.2,1715374799999,111721.77552,988,145317.5,47362.10287,0,0.66
2024-05-10 21:00:00,0.3262,0.3267,0.3251,0.3266,184058.3,1715378399999,59997.05751,571,67512.1,22010.27517,0,0.66
2024-05-10 22:00:00,0.3266,0.3274,0.3244,0.3262,353021.6,1715381999999,115060.65178,1127,103526.5,33732.47796,0,0.66
2024-05-10 23:00:00,0.3262,0.3278,0.3258,0.3262,115630.1,1715385599999,37781.23156,391,46041.1,15043.74421,0,0.66
2024-05-11 00:00:00,0.3261,0.3277,0.3252,0.3264,118290.8,1715389199999,38583.411,459,66836.5,21793.66658,0,0.53
2024-05-11 01:00:00,0.3264,0.3307,0.3264,0.3278,147332.4,1715392799999,48492.32686,552,81749.1,26901.09148,0,0.53
2024-05-11 02:00:00,0.3279,0.3281,0.3255,0.3264,278731.9,1715396399999,90999.02201,754,116848.6,38141.24604,0,0.53
2024-05-11 03:00:00,0.3264,0.3274,0.3254,0.3261,59556.0,1715399999999,19442.48121,263,38441.3,12552.62352,0,0.53
2024-05-11 04:00:00,0.3262,0.3268,0.3258,0.326,72638.4,1715403599999,23687.16517,281,16607.5,5418.95732,0,0.53
2024-05-11 05:00:00,0.3261,0.3278,0.3259,0.3268,48139.7,1715407199999,15737.21638,207,27378.2,8948.61229,0,0.53
2024-05-11 06:00:00,0.3269,0.328,0.3266,0.3271,42002.7,1715410799999,13744.75681,229,19414.9,6353.8231,0,0.53
2024-05-11 07:00:00,0.3271,0.3278,0.3264,0.3272,58933.3,1715414399999,19268.96029,267,19023.6,6220.4225,0,0.53
2024-05-11 08:00:00,0.3274,0.328,0.3256,0.3259,188184.2,1715417999999,61391.44514,790,103827.1,33876.22329,0,0.53
2024-05-11 09:00:00,0.3258,0.3274,0.3255,0.3269,61207.9,1715421599999,19979.08075,467,26577.2,8679.39539,0,0.53
2024-05-11 10:00:00,0.327,0.327,0.3243,0.3248,67313.8,1715425199999,21900.35736,320,27962.3,9088.88473,0,0.53
2024-05-11 11:00:00,0.325,0.3257,0.3226,0.3252,142158.0,1715428799999,46092.19026,672,65444.3,21223.42479,0,0.53
2024-05-11 12:00:00,0.3252,0.3289,0.3251,0.3271,281978.3,1715432399999,92379.88491,944,146805.6,48113.14592,0,0.53
2024-05-11 13:00:00,0.3273,0.3296,0.3267,0.3293,236210.8,1715435999999,77565.85827,733,130209.4,42756.71685,0,0.53
2024-05-11 14:00:00,0.3294,0.3294,0.3265,0.3272,37217.0,1715439599999,12189.64756,266,16726.8,5477.22077,0,0.53
2024-05-11 15:00:00,0.3271,0.3306,0.327,0.3284,121345.2,1715443199999,39924.89356,550,57183.3,18809.01962,0,0.53
2024-05-11 16:00:00,0.3284,0.329,0.3277,0.3282,176489.8,1715446799999,57976.05584,539,69938.0,22976.09741,0,0.53
2024-05-11 17:00:00,0.3282,0.3284,0.3272,0.3273,92618.6,1715450399999,30357.42056,434,61327.8,20100.63472,0,0.53
2024-05-11 18:00:00,0.3275,0.328,0.3269,0.3272,175136.1,1715453999999,57325.20749,704,131870.2,43161.50361,0,0.53
2024-05-11 19:00:00,0.3272,0.3274,0.3262,0.3269,212464.6,1715457599999,69450.79226,584,106239.6,34729.55247,0,0.53
2024-05-11 20:00:00,0.3268,0.3275,0.3253,0.3264,145938.6,1715461199999,47669.13113,575,87371.6,28547.31775,0,0.53
2024-05-11 21:00:00,0.3263,0.3263,0.325,0.3258,79175.0,1715464799999,25785.69826,370,49750.9,16203.0223,0,0.53
2024-05-11 22:00:00,0.3257,0.3267,0.3252,0.3256,194119.5,1715468399999,63228.66493,586,89841.5,29262.93236,0,0.53
2024-05-11 23:00:00,0.3257,0.326,0.3239,0.3246,75222.9,1715471999999,24435.53122,303,40709.8,13224.4554,0,0.53
2024-05-12 00:00:00,0.3243,0.3264,0.3242,0.3258,138685.1,1715475599999,45097.51774,433,81531.1,26512.649,0,0.56
2024-05-12 01:00:00,0.3258,0.3264,0.3246,0.3248,102664.7,1715479199999,33379.99743,416,62250.8,20240.04458,0,0.56
2024-05-12 02:00:00,0.3247,0.3258,0.3239,0.325,89966.7,1715482799999,29196.15186,343,42517.1,13801.84411,0,0.56
2024-05-12 03:00:00,0.3248,0.3265,0.3245,0.3264,38134.9,1715486399999,12415.26336,174,30661.5,9981.86606,0,0.56
2024-05-12 04:00:00,0.3261,0.3285,0.3261,0.3279,145780.9,1715489999999,47736.69621,407,94913.4,31070.26286,0,0.56
2024-05-12 05:00:00,0.3278,0.3278,0.3267,0.3274,37243.0,1715493599999,12191.38634,136,15294.3,5007.5284,0,0.56
2024-05-12 06:00:00,0.3274,0.3275,0.3259,0.3261,145619.7,1715497199999,47582.39263,448,39331.4,12847.45067,0,0.56
2024-05-12 07:00:00,0.3262,0.3267,0.3231,0.324,193355.9,1715500799999,62715.98078,688,102874.6,33341.40313,0,0.56
2024-05-12 08:00:00,0.3237,0.3248,0.3224,0.3243,177571.6,1715504399999,57472.65094,611,111812.1,36196.5453,0,0.56
2024-05-12 09:00:00,0.3243,0.3246,0.3235,0.3241,105811.9,1715507999999,34292.61391,397,59440.6,19265.01035,0,0.56
2024-05-12 10:00:00,0.3242,0.3276,0.324,0.3259,259333.1,1715511599999,84538.50911,530,109212.6,35588.90635,0,0.56
2024-05-12 11:00:00,0.3259,0.3269,0.3255,0.3258,31858.3,1715515199999,10385.66041,160,17206.5,5609.48629,0,0.56
2024-05-12 12:00:00,0.3256,0.3262,0.3248,0.3254,94649.8,1715518799999,30784.13928,435,45004.0,14637.23897,0,0.56
2024-05-12 13:00:00,0.3255,0.3269,0.3246,0.3259,128829.4,1715522399999,41947.28945,424,89421.1,29110.67948,0,0.56
2024-05-12 14:00:00,0.3259,0.3264,0.3244,0.3245,140298.8,1715525999999,45650.86042,488,75109.3,24439.7396,0,0.56
2024-05-12 15:00:00,0.3246,0.3263,0.3235,0.326,797150.8,1715529599999,259036.73539,2529,215420.7,70029.59234,0,0.56
2024-05-12 16:00:00,0.3259,0.3272,0.3244,0.3244,177359.0,1715533199999,57808.97099,632,92110.8,30032.05998,0,0.56
2024-05-12 17:00:00,0.3244,0.3256,0.3234,0.3249,188928.2,1715536799999,61356.57942,548,127455.5,41395.06035,0,0.56
2024-05-12 18:00:00,0.3249,0.3255,0.3231,0.3235,315767.5,1715540399999,102479.17802,880,105645.0,34308.65838,0,0.56
2024-05-12 19:00:00,0.3235,0.3236,0.3227,0.3232,261742.4,1715543999999,84591.23741,602,113884.0,36804.42099,0,0.56
2024-05-12 20:00:00,0.3233,0.3233,0.3216,0.3218,475313.5,1715547599999,153243.53393,1607,179906.8,58016.57255,0,0.56
2024-05-12 21:00:00,0.3219,0.3222,0.3192,0.3209,532796.8,1715551199999,170949.51838,1214,291860.1,93692.749,0,0.56
2024-05-12 22:00:00,0.3208,0.3208,0.3192,0.3203,303196.9,1715554799999,96993.90931,972,141091.5,45132.82411,0,0.56
2024-05-12 23:00:00,0.3203,0.321,0.32,0.3209,175921.6,1715558399999,56375.26505,605,135803.9,43518.95246,0,0.56
2024-05-13 00:00:00,0.3209,0.3231,0.3209,0.3221,451443.4,1715561999999,145196.46921,891,157088.1,50530.0559,0,0.57
2024-05-13 01:00:00,0.3221,0.3224,0.3165,0.3179,1019920.8,1715565599999,325761.42394,2083,328045.3,104590.58538,0,0.57
2024-05-13 02:00:00,0.3179,0.3185,0.3102,0.3122,965880.6,1715569199999,302537.49012,2385,476836.5,149536.17131,0,0.57
2024-05-13 03:00:00,0.3122,0.3124,0.3085,0.3119,337109.3,1715572799999,104690.90074,813,164939.7,51238.92554,0,0.57
2024-05-13 04:00:00,0.3123,0.3123,0.308,0.3104,442495.6,1715576399999,137189.45301,732,214978.7,66703.63561,0,0.57
2024-05-13 05:00:00,0.3104,0.3127,0.3099,0.3112,116348.9,1715579999999,36199.38728,586,73541.0,22872.59542,0,0.57
2024-05-13 06:00:00,0.3113,0.3177,0.3113,0.3167,177931.2,1715583599999,55996.33813,862,87654.6,27590.96174,0,0.57
2024-05-13 07:00:00,0.3168,0.3218,0.3162,0.321,119958.7,1715587199999,38235.53574,662,65720.6,20941.18068,0,0.57
2024-05-13 08:00:00,0.3211,0.325,0.3211,0.3241,502688.1,1715590799999,162648.00575,1331,265859.0,86009.66822,0,0.57
2024-05-13 09:00:00,0.3242,0.3274,0.3242,0.3265,208338.4,1715594399999,67874.54584,752,114508.3,37262.82091,0,0.57
2024-05-13 10:00:00,0.3265,0.3266,0.3233,0.3245,130893.2,1715597999999,42516.98251,628,61432.6,19954.51076,0,0.57
2024-05-13 11:00:00,0.3246,0.3252,0.3221,0.323,80908.0,1715601599999,26148.26277,498,45418.8,14678.84567,0,0.57
2024-05-13 12:00:00,0.3229,0.3231,0.3204,0.3224,130313.9,1715605199999,41965.71519,561,64194.2,20665.57419,0,0.57
2024-05-13 13:00:00,0.3225,0.3235,0.3214,0.3222,125825.1,1715608799999,40603.35658,503,50608.4,16332.75557,0,0.57
2024-05-13 14:00:00,0.3224,0.3248,0.322,0.3226,374325.2,1715612399999,121049.96851,926,119943.3,38792.84877,0,0.57
2024-05-13 15:00:00,0.3226,0.3248,0.3225,0.3236,177192.5,1715615999999,57362.51507,674,97757.3,31653.01835,0,0.57
2024-05-13 16:00:00,0.3238,0.3281,0.3233,0.3281,453483.6,1715619599999,147806.03139,1715,257568.0,83964.21331,0,0.57
2024-05-13 17:00:00,0.3281,0.3284,0.323,0.3239,437400.6,1715623199999,142292.4396,1790,210514.9,68441.49783,0,0.57
2024-05-13 18:00:00,0.3238,0.3242,0.3211,0.3223,73958.1,1715626799999,23837.5765,379,27644.4,8908.6007,0,0.57
2024-05-13 19:00:00,0.3223,0.3248,0.3223,0.324,49892.6,1715630399999,16153.43457,196,25646.6,8299.27094,0,0.57
2024-05-13 20:00:00,0.3243,0.3243,0.3226,0.3234,36445.2,1715633999999,11782.2023,159,19517.5,6309.07382,0,0.57
2024-05-13 21:00:00,0.3233,0.3237,0.3219,0.3222,279431.6,1715637599999,90320.66356,382,212187.3,68589.69237,0,0.57
2024-05-13 22:00:00,0.3225,0.323,0.3208,0.3213,78565.0,1715641199999,25296.18061,465,44583.2,14352.1125,0,0.57
2024-05-13 23:00:00,0.3214,0.323,0.3212,0.3221,143625.7,1715644799999,46215.12268,322,108188.4,34799.26442,0,0.57
2024-05-14 00:00:00,0.3221,0.3244,0.321,0.3213,529388.8,1715648399999,170529.51596,1195,308434.0,99362.27033,0,0.66
2024-05-14 01:00:00,0.3213,0.3227,0.3184,0.3197,312507.5,1715651999999,99987.90472,1148,143516.9,45923.3081,0,0.66
2024-05-14 02:00:00,0.3196,0.3198,0.3173,0.3193,341594.1,1715655599999,108809.95542,1199,215384.1,68572.83653,0,0.66
2024-05-14 03:00:00,0.3194,0.322,0.319,0.3209,116357.4,1715659199999,37337.73588,393,66348.2,21298.90831,0,0.66
2024-05-14 04:00:00,0.321,0.323,0.3209,0.3225,67294.9,1715662799999,21671.08312,266,36865.4,11873.15231,0,0.66
2024-05-14 05:00:00,0.3223,0.3246,0.3221,0.3227,48441.6,1715666399999,15662.14499,258,23253.2,7520.74496,0,0.66
2024-05-14 06:00:00,0.3229,0.3229,0.3135,0.3194,650435.4,1715669999999,205777.72838,2191,232688.9,73642.39924,0,0.66
2024-05-14 07:00:00,0.3192,0.321,0.3192,0.32,176085.3,1715673599999,56384.40466,616,76062.2,24360.03303,0,0.66
2024-05-14 08:00:00,0.3199,0.32,0.317,0.3186,200557.4,1715677199999,63898.08521,893,58664.5,18700.7632,0,0.66
2024-05-14 09:00:00,0.3184,0.3204,0.3181,0.3187,95913.2,1715680799999,30646.73032,344,44562.2,14244.78355,0,0.66
2024-05-14 10:00:00,0.3187,0.3199,0.3185,0.3198,105780.3,1715684399999,33748.84605,500,40085.2,12790.59578,0,0.66
2024-05-14 11:00:00,0.3195,0.3209,0.3195,0.3204,63465.7,1715687999999,20325.95599,252,35972.4,11517.44823,0,0.66
2024-05-14 12:00:00,0.3204,0.3221,0.3179,0.3187,663043.2,1715691599999,211490.56475,1745,403534.5,128664.67711,0,0.66
2024-05-14 13:00:00,0.3186,0.321,0.3181,0.3184,221489.7,1715695199999,70717.0986,1139,87143.1,27830.57698,0,0.66
2024-05-14 14:00:00,0.3185,0.3194,0.3139,0.316,1003559.1,1715698799999,318209.33912,3035,384312.0,121809.03484,0,0.66
2024-05-14 15:00:00,0.3158,0.3193,0.3147,0.3175,319420.7,1715702399999,101334.91131,1397,121401.3,38481.33232,0,0.66
2024-05-14 16:00:00,0.3176,0.3177,0.315,0.316,113126.8,1715705999999,35747.02636,744,63759.5,20151.95248,0,0.66
2024-05-14 17:00:00,0.3159,0.3163,0.312,0.3148,245657.3,1715709599999,77128.51967,1039,131018.2,41128.60077,0,0.66
2024-05-14 18:00:00,0.3149,0.3173,0.3144,0.3166,80333.2,1715713199999,25419.06665,370,30138.2,9536.08602,0,0.66
2024-05-14 19:00:00,0.3168,0.3175,0.316,0.3164,39401.4,1715716799999,12481.59171,190,17705.5,5610.92734,0,0.66
2024-05-14 20:00:00,0.3162,0.3167,0.3148,0.3151,54564.3,1715720399999,17221.61819,225,25042.8,7906.60918,0,0.66
2024-05-14 21:00:00,0.3154,0.3154,0.3128,0.3144,189342.4,1715723999999,59390.27242,329,70642.0,22154.12231,0,0.66
2024-05-14 22:00:00,0.3141,0.3148,0.3123,0.313,109544.8,1715727599999,34330.22824,381,60909.6,19097.41442,0,0.66
2024-05-14 23:00:00,0.313,0.3131,0.3114,0.3124,87785.1,1715731199999,27410.66122,428,49809.8,15557.71226,0,0.66
2024-05-15 00:00:00,0.3124,0.3141,0.3096,0.3102,312020.0,1715734799999,97259.53328,1366,115342.7,35949.39118,0,0.64
2024-05-15 01:00:00,0.3102,0.3142,0.3101,0.3138,109109.9,1715738399999,34115.72983,628,64399.7,20136.38966,0,0.64
2024-05-15 02:00:00,0.3139,0.3154,0.3133,0.314,83376.2,1715741999999,26210.24066,557,45845.2,14413.81757,0,0.64
2024-05-15 03:00:00,0.3139,0.3162,0.3139,0.3155,104054.8,1715745599999,32838.08339,326,41766.8,13176.8709,0,0.64
2024-05-15 04:00:00,0.3155,0.3159,0.3141,0.3148,108936.5,1715749199999,34267.35203,296,68312.7,21487.87194,0,0.64
2024-05-15 05:00:00,0.3147,0.315,0.3135,0.314,109765.5,1715752799999,34496.02724,365,47940.8,15078.76353,0,0.64
2024-05-15 06:00:00,0.3142,0.3144,0.3133,0.314,59449.4,1715756399999,18654.55416,248,39262.4,12320.43385,0,0.64
2024-05-15 07:00:00,0.3141,0.3156,0.314,0.315,122916.5,1715759999999,38699.11906,505,72618.8,22872.28958,0,0.64
2024-05-15 08:00:00,0.3151,0.3152,0.3133,0.3143,93182.3,1715763599999,29252.0385,399,47961.9,15055.95927,0,0.64
2024-05-15 09:00:00,0.3142,0.3188,0.3115,0.3178,208057.1,1715767199999,65575.26172,1056,117397.5,37032.32139,0,0.64
2024-05-15 10:00:00,0.3178,0.319,0.3165,0.317,108135.3,1715770799999,34346.29818,582,32210.5,10231.5505,0,0.64
2024-05-15 11:00:00,0.3168,0.3174,0.3134,0.3151,75307.2,1715774399999,23728.57298,405,38463.7,12112.28089,0,0.64
2024-05-15 12:00:00,0.3151,0.3237,0.3147,0.3224,627537.4,1715777999999,201249.89502,1752,335323.7,107284.2921,0,0.64
2024-05-15 13:00:00,0.323,0.3276,0.3219,0.3248,427552.7,1715781599999,139229.88632,1247,253267.6,82513.54494,0,0.64
2024-05-15 14:00:00,0.3251,0.3278,0.3247,0.3272,252895.5,1715785199999,82642.63397,828,92303.0,30163.97704,0,0.64
2024-05-15 15:00:00,0.3274,0.3277,0.3245,0.3257,370639.3,1715788799999,120898.26045,754,125981.5,41102.2821,0,0.64
2024-05-15 16:00:00,0.3258,0.327,0.3244,0.3264,134152.0,1715792399999,43709.8968,478,61169.7,19929.95049,0,0.64
2024-05-15 17:00:00,0.3266,0.3282,0.3264,0.3277,146852.9,1715795999999,48096.8737,357,70598.8,23122.79532,0,0.64
2024-05-15 18:00:00,0.3275,0.3294,0.3273,0.3291,162249.9,1715799599999,53264.62393,586,107474.7,35291.00358,0,0.64
2024-05-15 19:00:00,0.3291,0.3314,0.3275,0.3311,359724.0,1715803199999,118544.09076,795,270640.4,89238.12935,0,0.64
2024-05-15 20:00:00,0.3312,0.3332,0.3309,0.333,281704.9,1715806799999,93606.12529,711,153344.2,50975.50886,0,0.64
2024-05-15 21:00:00,0.333,0.3334,0.3322,0.3323,119909.5,1715810399999,39895.74823,388,56572.9,18832.92553,0,0.64
2024-05-15 22:00:00,0.3324,0.3336,0.3321,0.3329,62682.2,1715813999999,20859.0425,269,21372.9,7112.53857,0,0.64
2024-05-15 23:00:00,0.333,0.3335,0.3321,0.3324,129073.4,1715817599999,42939.09552,556,71492.7,23783.66287,0,0.64
2024-05-16 00:00:00,0.3324,0.3358,0.3309,0.3334,369038.6,1715821199999,123181.81733,1282,186714.5,62324.15108,0,0.7
2024-05-16 01:00:00,0.3334,0.3343,0.3328,0.3333,163434.9,1715824799999,54484.67204,366,111605.5,37207.61909,0,0.7
2024-05-16 02:00:00,0.3333,0.3343,0.3331,0.3339,160681.9,1715828399999,53610.14624,496,105585.7,35230.29068,0,0.7
2024-05-16 03:00:00,0.3341,0.3379,0.3337,0.337,193044.1,1715831999999,64908.83554,652,114476.8,38510.91626,0,0.7
2024-05-16 04:00:00,0.3371,0.3373,0.3351,0.3357,115141.3,1715835599999,38708.10411,347,60214.0,20248.73622,0,0.7
2024-05-16 05:00:00,0.3357,0.3358,0.3336,0.3345,573970.1,1715839199999,191982.15221,1079,233233.9,77982.26256,0,0.7
2024-05-16 06:00:00,0.3344,0.3354,0.334,0.3347,57920.9,1715842799999,19389.14761,297,22295.4,7463.86353,0,0.7
2024-05-16 07:00:00,0.3347,0.3363,0.3347,0.3355,135664.3,1715846399999,45530.69402,553,68767.8,23075.74142,0,0.7
2024-05-16 08:00:00,0.3354,0.3361,0.3334,0.3337,126511.4,1715849999999,42310.52014,431,52535.4,17568.87948,0,0.7
2024-05-16 09:00:00,0.3337,0.3354,0.3328,0.3354,250001.7,1715853599999,83494.02158,416,198830.9,66405.98842,0,0.7
2024-05-16 10:00:00,0.3354,0.3355,0.3316,0.3328,200507.6,1715857199999,66845.31018,662,78840.2,26306.08575,0,0.7
2024-05-16 11:00:00,0.3328,0.3351,0.3324,0.335,172738.5,1715860799999,57583.20667,656,103143.8,34379.88428,0,0.7
2024-05-16 12:00:00,0.3349,0.3351,0.3309,0.3327,306327.9,1715864399999,101967.75078,1278,165233.7,55019.27267,0,0.7
2024-05-16 13:00:00,0.3326,0.335,0.33,0.3349,220303.0,1715867999999,73241.64509,707,113457.8,37733.83523,0,0.7
2024-05-16 14:00:00,0.3347,0.3348,0.3272,0.328,310410.2,1715871599999,102457.45526,1063,122355.0,40393.49157,0,0.7
2024-05-16 15:00:00,0.3281,0.334,0.3276,0.3331,191634.3,1715875199999,63432.98213,648,79684.4,26404.64902,0,0.7
2024-05-16 16:00:00,0.3334,0.3334,0.3312,0.3334,122247.7,1715878799999,40632.98286,520,41940.0,13947.1666,0,0.7
2024-05-16 17:00:00,0.3333,0.3345,0.3308,0.3328,307613.7,1715882399999,102508.32833,743,186417.6,62137.39505,0,0.7
2024-05-16 18:00:00,0.3328,0.3329,0.331,0.3314,88284.4,1715885999999,29265.60365,276,39082.7,12960.21953,0,0.7
2024-05-16 19:00:00,0.3312,0.332,0.3302,0.3303,62928.4,1715889599999,20848.01333,278,34432.0,11413.55286,0,0.7
2024-05-16 20:00:00,0.3303,0.3305,0.3291,0.33,154222.8,1715893199999,50847.00397,370,58587.1,19324.71376,0,0.7
2024-05-16 21:00:00,0.3301,0.3306,0.3292,0.3303,64399.5,1715896799999,21256.38669,265,29520.3,9738.66949,0,0.7
2024-05-16 22:00:00,0.3304,0.3306,0.3288,0.3305,54024.9,1715900399999,17819.35238,310,25155.3,8294.65558,0,0.7
2024-05-16 23:00:00,0.3305,0.3308,0.3296,0.3304,113275.2,1715903999999,37406.32356,479,45878.7,15149.27395,0,0.7
2024-05-17 00:00:00,0.3303,0.3315,0.3298,0.3305,115668.6,1715907599999,38239.36422,512,52025.9,17197.14244,0,0.74
2024-05-17 01:00:00,0.3306,0.3306,0.3273,0.3288,133169.4,1715911199999,43802.81223,600,66250.4,21785.12972,0,0.74
2024-05-17 02:00:00,0.3288,0.331,0.3282,0.3302,103503.3,1715914799999,34043.53681,391,36876.4,12138.01015,0,0.74
2024-05-17 03:00:00,0.3303,0.3329,0.3299,0.3317,117408.2,1715918399999,38952.94569,495,88737.4,29456.44848,0,0.74
2024-05-17 04:00:00,0.3315,0.3321,0.3305,0.3308,29955.5,1715921999999,9927.37734,147,9397.4,3115.33057,0,0.74
2024-05-17 05:00:00,0.3308,0.3329,0.3308,0.3325,94716.5,1715925599999,31458.40813,335,45106.6,14979.1959,0,0.74
2024-05-17 06:00:00,0.3325,0.3357,0.3315,0.3347,156338.8,1715929199999,52208.41578,463,85289.3,28469.59451,0,0.74
2024-05-17 07:00:00,0.3349,0.3386,0.3349,0.3372,325496.0,1715932799999,109801.92163,1089,170148.3,57425.32044,0,0.74
2024-05-17 08:00:00,0.3373,0.338,0.3344,0.3348,210378.1,1715936399999,70681.04072,729,111117.8,37343.75667,0,0.74
2024-05-17 09:00:00,0.3349,0.3356,0.3339,0.3351,178137.9,1715939999999,59633.35983,385,130898.0,43827.44765,0,0.74
2024-05-17 10:00:00,0.3348,0.3356,0.3336,0.3355,110809.3,1715943599999,37096.21403,480,71023.1,23777.81918,0,0.74
2024-05-17 11:00:00,0.3354,0.3355,0.334,0.3345,115554.1,1715947199999,38652.13693,444,51641.1,17273.69253,0,0.74
2024-05-17 12:00:00,0.3346,0.3371,0.3331,0.3367,129617.6,1715950799999,43426.7985,569,73728.1,24693.32877,0,0.74
2024-05-17 13:00:00,0.3368,0.3369,0.3337,0.3352,119279.6,1715954399999,39977.70497,633,73877.2,24754.61073,0,0.74
2024-05-17 14:00:00,0.3352,0.338,0.335,0.338,127699.3,1715957999999,43035.42405,584,62261.2,20990.29572,0,0.74
2024-05-17 15:00:00,0.3379,0.3406,0.3364,0.3403,261018.2,1715961599999,88496.66457,793,138993.5,47098.34716,0,0.74
2024-05-17 16:00:00,0.3403,0.3416,0.3388,0.339,158403.9,1715965199999,53864.20698,503,78372.0,26671.16389,0,0.74
2024-05-17 17:00:00,0.3389,0.3401,0.3382,0.3384,239730.4,1715968799999,81295.47848,640,52727.4,17880.07229,0,0.74
2024-05-17 18:00:00,0.3382,0.339,0.3366,0.3385,119397.4,1715972399999,40320.99642,666,50344.8,17007.51838,0,0.74
2024-05-17 19:00:00,0.3385,0.3386,0.3375,0.3378,68325.7,1715975999999,23109.48582,232,39184.2,13255.51118,0,0.74
2024-05-17 20:00:00,0.3379,0.3389,0.3375,0.3388,77147.1,1715979599999,26096.64165,221,32301.1,10930.07217,0,0.74
2024-05-17 21:00:00,0.3387,0.339,0.3381,0.3387,221516.3,1715983199999,75026.38476,478,90748.7,30747.28754,0,0.74
2024-05-17 22:00:00,0.3386,0.3407,0.3384,0.3404,145015.7,1715986799999,49207.06256,363,98309.1,33375.35152,0,0.74
2024-05-17 23:00:00,0.3402,0.3407,0.339,0.3394,88318.5,1715990399999,30009.95561,356,39873.7,13547.41239,0,0.74
2024-05-18 00:00:00,0.3393,0.3394,0.3379,0.3386,92572.7,1715993999999,31363.65022,404,46604.2,15788.41994,0,0.73
2024-05-18 01:00:00,0.3385,0.3403,0.3382,0.3403,68340.4,1715997599999,23172.86726,271,45399.5,15398.00448,0,0.73
2024-05-18 02:00:00,0.3403,0.341,0.3387,0.3399,34696.9,1716001199999,11797.82998,205,17935.1,6096.59226,0,0.73
2024-05-18 03:00:00,0.3397,0.3411,0.3397,0.3404,167840.4,1716004799999,57147.10271,467,110453.2,37614.92435,0,0.73
2024-05-18 04:00:00,0.3405,0.3408,0.3394,0.3401,36776.9,1716008399999,12513.05309,234,17029.6,5794.39363,0,0.73
2024-05-18 05:00:00,0.3402,0.3429,0.3397,0.3413,123615.3,1716011999999,42185.66337,743,74096.1,25286.75245,0,0.73
2024-05-18 06:00:00,0.3413,0.3418,0.3406,0.3415,46987.1,1716015599999,16037.00097,343,18754.8,6400.49917,0,0.73
2024-05-18 07:00:00,0.3415,0.3428,0.3397,0.34,338261.9,1716019199999,115499.63872,565,163045.4,55706.87633,0,0.73
2024-05-18 08:00:00,0.3399,0.3415,0.3395,0.3414,116854.6,1716022799999,39819.64925,406,57232.4,19509.26774,0,0.73
2024-05-18 09:00:00,0.341,0.3423,0.341,0.342,174606.1,1716026399999,59639.51921,396,141103.3,48202.103,0,0.73
2024-05-18 10:00:00,0.3421,0.3422,0.34,0.3409,96123.4,1716029999999,32765.34021,416,48936.3,16673.14508,0,0.73
2024-05-18 11:00:00,0.3408,0.3412,0.3404,0.3406,46947.1,1716033599999,15998.59781,208,23186.1,7901.6571,0,0.73
2024-05-18 12:00:00,0.3406,0.3407,0.3386,0.3386,149422.3,1716037199999,50762.33558,528,68656.4,23328.78441,0,0.73
2024-05-18 13:00:00,0.3388,0.3393,0.3363,0.3365,154968.4,1716040799999,52347.97627,607,55461.0,18737.5948,0,0.73
2024-05-18 14:00:00,0.3366,0.3385,0.3355,0.3374,158601.2,1716044399999,53420.39933,514,81767.2,27540.11869,0,0.73
2024-05-18 15:00:00,0.3374,0.3392,0.3371,0.3389,80444.8,1716047999999,27201.81618,267,26992.8,9120.4649,0,0.73
2024-05-18 16:00:00,0.3391,0.34,0.3377,0.3379,51473.0,1716051599999,17457.28644,208,22527.8,7641.28607,0,0.73
2024-05-18 17:00:00,0.3379,0.339,0.3371,0.3384,148669.9,1716055199999,50293.04381,450,78598.7,26589.68899,0,0.73
2024-05-18 18:00:00,0.3384,0.339,0.3376,0.3376,67168.5,1716058799999,22723.96739,139,11216.3,3796.28064,0,0.73
2024-05-18 19:00:00,0.3376,0.3383,0.3372,0.3382,23846.5,1716062399999,8053.40753,143,12879.2,4349.20998,0,0.73
2024-05-18 20:00:00,0.3381,0.3389,0.3374,0.3382,59632.4,1716065999999,20146.68884,280,26410.9,8924.84012,0,0.73
2024-05-18 21:00:00,0.3382,0.3391,0.3364,0.3375,297692.5,1716069599999,100695.25376,494,125571.8,42488.51912,0,0.73
2024-05-18 22:00:00,0.3374,0.3391,0.337,0.3377,167307.7,1716073199999,56558.15554,356,116825.6,39511.71953,0,0.73
2024-05-18 23:00:00,0.3378,0.3388,0.3376,0.3382,35944.6,1716076799999,12158.25264,154,14438.8,4884.84201,0,0.73
2024-05-19 00:00:00,0.3382,0.3387,0.3367,0.3372,102913.4,1716080399999,34714.382,398,60418.8,20372.49064,0,0.72
2024-05-19 01:00:00,0.3376,0.3387,0.3369,0.3376,105387.1,1716083999999,35585.83629,355,56009.1,18909.87595,0,0.72
2024-05-19 02:00:00,0.3377,0.34,0.3373,0.3394,287927.0,1716087599999,97734.36257,662,148883.0,50553.87219,0,0.72
2024-05-19 03:00:00,0.3394,0.3399,0.3384,0.3387,25226.8,1716091199999,8555.8617,109,8525.3,2891.09884,0,0.72
2024-05-19 04:00:00,0.3387,0.3387,0.3366,0.3377,29525.9,1716094799999,9971.43802,205,15838.0,5350.21314,0,0.72
2024-05-19 05:00:00,0.3376,0.3379,0.336,0.3363,133721.4,1716098399999,45061.94181,407,72735.6,24524.64515,0,0.72
2024-05-19 06:00:00,0.3361,0.3361,0.3333,0.3342,86780.6,1716101999999,29059.36742,446,47171.0,15791.39233,0,0.72
2024-05-19 07:00:00,0.3343,0.3361,0.3337,0.3352,52659.4,1716105599999,17629.75222,273,33093.4,11076.72231,0,0.72
2024-05-19 08:00:00,0.3356,0.3359,0.3328,0.3337,121995.9,1716109199999,40766.91316,418,58363.4,19504.83915,0,0.72
2024-05-19 09:00:00,0.3336,0.3341,0.3322,0.3341,207846.3,1716112799999,69219.11373,567,78992.6,26315.90351,0,0.72
2024-05-19 10:00:00,0.3339,0.3357,0.3328,0.3334,103568.6,1716116399999,34611.97667,452,54598.4,18250.52462,0,0.72
2024-05-19 11:00:00,0.3334,0.3336,0.3311,0.3326,208521.4,1716119999999,69252.86308,898,97942.4,32532.05452,0,0.72
2024-05-19 12:00:00,0.3326,0.3327,0.3285,0.3293,314638.3,1716123599999,103896.77851,1326,166894.2,55114.20243,0,0.72
2024-05-19 13:00:00,0.3292,0.331,0.3276,0.3301,286815.5,1716127199999,94390.53716,1370,189664.0,62428.02951,0,0.72
2024-05-19 14:00:00,0.3301,0.3307,0.3282,0.3288,153527.1,1716130799999,50551.78213,743,65813.8,21666.0709,0,0.72
2024-05-19 15:00:00,0.3287,0.3287,0.3261,0.3276,174501.0,1716134399999,57124.08899,851,76137.0,24931.571,0,0.72
2024-05-19 16:00:00,0.3276,0.328,0.3245,0.3247,266441.5,1716137999999,86886.35524,963,103694.3,33814.30685,0,0.72
2024-05-19 17:00:00,0.3247,0.3262,0.3246,0.3254,166839.0,1716141599999,54306.42348,777,104903.5,34144.11701,0,0.72
2024-05-19 18:00:00,0.3251,0.3254,0.3239,0.324,92803.9,1716145199999,30115.72013,397,54917.4,17825.53366,0,0.72
2024-05-19 19:00:00,0.324,0.326,0.3234,0.3244,280289.2,1716148799999,91071.63149,1038,105917.3,34425.23227,0,0.72
2024-05-19 20:00:00,0.3244,0.3252,0.3242,0.3247,120636.1,1716152399999,39156.14435,412,65417.2,21232.49658,0,0.72
2024-05-19 21:00:00,0.3245,0.325,0.3207,0.323,269495.7,1716155999999,86878.88012,869,98799.8,31880.72,0,0.72
2024-05-19 22:00:00,0.3231,0.3252,0.3228,0.3238,197620.7,1716159599999,64148.99785,719,102198.0,33178.55448,0,0.72
2024-05-19 23:00:00,0.3237,0.3237,0.3219,0.3228,117152.4,1716163199999,37810.004,383,63956.1,20641.51025,0,0.72
2024-05-20 00:00:00,0.3228,0.3236,0.3203,0.3223,269037.7,1716166799999,86669.0956,951,110577.6,35640.52133,0,0.7
2024-05-20 01:00:00,0.3222,0.3229,0.3158,0.3212,272811.2,1716170399999,87215.4713,1120,143331.7,45822.35463,0,0.7
2024-05-20 02:00:00,0.321,0.3238,0.3208,0.3234,130456.8,1716173999999,42105.32918,580,71462.7,23059.66053,0,0.7
2024-05-20 03:00:00,0.3234,0.324,0.3223,0.3226,98730.9,1716177599999,31913.72875,519,53283.7,17233.08553,0,0.7
2024-05-20 04:00:00,0.3224,0.3278,0.3222,0.3274,258206.0,1716181199999,84152.38964,1037,155835.8,50728.75196,0,0.7
2024-05-20 05:00:00,0.3274,0.3295,0.3274,0.3291,127251.7,1716184799999,41827.56213,777,62562.6,20565.80026,0,0.7
2024-05-20 06:00:00,0.3288,0.3288,0.3206,0.3218,115562.4,1716188399999,37475.60974,775,51471.6,16676.43493,0,0.7
2024-05-20 07:00:00,0.3218,0.3281,0.3214,0.3274,574611.6,1716191999999,186554.4292,1561,301193.3,97777.52085,0,0.7
2024-05-20 08:00:00,0.3274,0.3289,0.3272,0.3279,100963.6,1716195599999,33127.28601,580,48849.3,16023.35007,0,0.7
2024-05-20 09:00:00,0.3278,0.3286,0.3274,0.3275,113383.2,1716199199999,37150.38622,489,41451.4,13580.92499,0,0.7
2024-05-20 10:00:00,0.3274,0.3296,0.3274,0.3286,155947.5,1716202799999,51247.7551,688,52979.2,17422.42254,0,0.7
2024-05-20 11:00:00,0.3286,0.33,0.3275,0.3285,244876.8,1716206399999,80581.42538,916,145942.7,48024.88101,0,0.7
2024-05-20 12:00:00,0.3285,0.3292,0.3255,0.3261,264454.3,1716209999999,86807.88326,747,80846.4,26503.28149,0,0.7
2024-05-20 13:00:00,0.3259,0.3283,0.3255,0.3276,123422.5,1716213599999,40294.77068,703,82806.7,27039.02749,0,0.7
2024-05-20 14:00:00,0.3274,0.3275,0.3246,0.3259,89204.4,1716217199999,29079.19072,523,55656.0,18145.75432,0,0.7
2024-05-20 15:00:00,0.3259,0.3299,0.3254,0.3295,176591.1,1716220799999,58002.95581,836,85159.8,27966.00515,0,0.7
2024-05-20 16:00:00,0.3296,0.3325,0.3292,0.3321,315417.7,1716224399999,104421.56453,1063,154343.7,51142.24115,0,0.7
2024-05-20 17:00:00,0.3321,0.3343,0.3317,0.3335,249827.2,1716227999999,83102.90845,926,163609.9,54418.43464,0,0.7
2024-05-20 18:00:00,0.3335,0.3342,0.3328,0.333,116335.8,1716231599999,38794.86533,744,58601.2,19544.49109,0,0.7
2024-05-20 19:00:00,0.3327,0.3453,0.3313,0.3446,1210373.4,1716235199999,412826.67137,5190,562739.6,191722.77694,0,0.7
2024-05-20 20:00:00,0.3446,0.35,0.3437,0.348,661508.1,1716238799999,229363.7277,2752,387649.1,134391.60527,0,0.7
2024-05-20 21:00:00,0.3481,0.3512,0.3458,0.3509,333568.6,1716242399999,116210.0583,1166,180293.8,62857.76533,0,0.7
2024-05-20 22:00:00,0.351,0.3513,0.3488,0.3502,227231.5,1716245999999,79587.37331,969,120500.3,42209.11704,0,0.7
2024-05-20 23:00:00,0.3501,0.3525,0.3499,0.3525,382536.9,1716249599999,134326.49106,1703,251253.6,88218.40685,0,0.7
2024-05-21 00:00:00,0.3526,0.3567,0.3511,0.3534,287197.3,1716253199999,101875.22709,1530,134017.1,47533.58742,0,0.76
2024-05-21 01:00:00,0.3534,0.3534,0.3478,0.3528,326675.0,1716256799999,114630.59778,1151,135699.1,47628.63884,0,0.76
2024-05-21 02:00:00,0.3528,0.3534,0.3497,0.3497,236552.1,1716260399999,83183.32589,858,110251.6,38785.0329,0,0.76
2024-05-21 03:00:00,0.3499,0.3518,0.3493,0.3496,155235.5,1716263999999,54383.98736,833,85020.1,29779.00028,0,0.76
2024-05-21 04:00:00,0.3496,0.3516,0.3486,0.3486,107816.8,1716267599999,37749.14691,466,50133.9,17566.68851,0,0.76
2024-05-21 05:00:00,0.3486,0.3512,0.3468,0.3505,304344.2,1716271199999,105959.38653,863,132771.5,46198.89096,0,0.76
2024-05-21 06:00:00,0.3506,0.3517,0.3493,0.3504,174388.9,1716274799999,61143.48515,683,80576.4,28264.23266,0,0.76
2024-05-21 07:00:00,0.3505,0.3514,0.3482,0.3509,180614.0,1716278399999,63302.21367,821,89324.2,31317.87928,0,0.76
2024-05-21 08:00:00,0.351,0.3519,0.3498,0.3516,303017.1,1716281999999,106204.37569,838,177617.3,62254.84902,0,0.76
2024-05-21 09:00:00,0.3517,0.3528,0.3513,0.3517,144963.7,1716285599999,51038.75065,550,67400.0,23740.97255,0,0.76
2024-05-21 10:00:00,0.3518,0.3526,0.3509,0.3519,288644.6,1716289199999,101559.9705,1322,102808.2,36167.33356,0,0.76
2024-05-21 11:00:00,0.3519,0.3526,0.3506,0.3514,274027.4,1716292799999,96415.60211,1274,116977.1,41155.88245,0,0.76
2024-05-21 12:00:00,0.3514,0.353,0.3496,0.3518,351210.4,1716296399999,123362.39306,1457,183551.1,64471.92115,0,0.76
2024-05-21 13:00:00,0.3517,0.3551,0.3497,0.3517,325268.3,1716299999999,114640.44266,1404,169362.4,59743.09964,0,0.76
2024-05-21 14:00:00,0.3519,0.3542,0.3511,0.3516,256670.2,1716303599999,90447.63428,1107,120416.3,42429.00471,0,0.76
2024-05-21 15:00:00,0.3515,0.3548,0.3489,0.3501,691640.4,1716307199999,243244.05927,2081,327638.7,115323.93613,0,0.76
2024-05-21 16:00:00,0.3502,0.3546,0.3489,0.353,172271.2,1716310799999,60730.65496,2134,92332.7,32550.01694,0,0.76
2024-05-21 17:00:00,0.3531,0.3555,0.3519,0.3545,143554.4,1716314399999,50815.56712,818,69401.5,24567.30428,0,0.76
2024-05-21 18:00:00,0.3545,0.3555,0.3518,0.3535,250548.9,1716317999999,88518.11492,741,117595.2,41563.67903,0,0.76
2024-05-21 19:00:00,0.3534,0.3537,0.3473,0.3488,266596.8,1716321599999,93170.20222,1293,94681.6,33103.23731,0,0.76
2024-05-21 20:00:00,0.3489,0.3525,0.3489,0.3513,113573.6,1716325199999,39892.65351,567,51481.8,18077.04661,0,0.76
2024-05-21 21:00:00,0.3512,0.3514,0.348,0.3498,120543.1,1716328799999,42094.08987,459,59125.0,20639.67806,0,0.76
2024-05-21 22:00:00,0.3501,0.3521,0.3495,0.3519,129836.6,1716332399999,45524.59663,505,50565.0,17731.7182,0,0.76
2024-05-21 23:00:00,0.3519,0.3519,0.3501,0.3503,76760.3,1716335999999,26902.34149,381,29272.5,10260.63153,0,0.76
2024-05-22 00:00:00,0.3503,0.3515,0.3474,0.3476,103980.8,1716339599999,36374.49348,468,41338.6,14469.83186,0,0.76
2024-05-22 01:00:00,0.3476,0.3495,0.3473,0.3491,72520.5,1716343199999,25276.14427,384,36566.2,12744.19616,0,0.76
2024-05-22 02:00:00,0.3491,0.3502,0.3479,0.3492,70491.7,1716346799999,24609.41836,442,40989.0,14307.08957,0,0.76
2024-05-22 03:00:00,0.3491,0.3493,0.3471,0.3482,53187.9,1716350399999,18508.59253,450,28543.0,9929.71486,0,0.76
2024-05-22 04:00:00,0.3482,0.3484,0.3424,0.3471,309811.6,1716353999999,106978.02772,1605,170248.2,58819.7039,0,0.76
2024-05-22 05:00:00,0.3471,0.3492,0.3457,0.3489,171007.2,1716357599999,59507.45747,873,90172.9,31377.00686,0,0.76
2024-05-22 06:00:00,0.3488,0.352,0.3486,0.3517,158260.5,1716361199999,55470.97387,1064,86333.2,30270.17018,0,0.76
2024-05-22 07:00:00,0.3517,0.3521,0.3477,0.3485,169524.9,1716364799999,59174.77445,663,61372.1,21405.27247,0,0.76
2024-05-22 08:00:00,0.3485,0.3513,0.3469,0.3496,202759.8,1716368399999,70851.24277,652,112090.1,39180.08519,0,0.76
2024-05-22 09:00:00,0.3496,0.3503,0.3471,0.349,208140.3,1716371999999,72588.20294,625,112553.3,39272.16125,0,0.76
2024-05-22 10:00:00,0.3488,0.3513,0.3488,0.3507,166005.1,1716375599999,58134.55713,844,77373.4,27098.03608,0,0.76
2024-05-22 11:00:00,0.3506,0.3511,0.3464,0.3464,140827.9,1716379199999,49169.09457,802,77869.2,27175.55303,0,0.76
2024-05-22 12:00:00,0.3463,0.3489,0.3415,0.3424,266195.6,1716382799999,91994.42172,1561,133371.5,46112.6903,0,0.76
2024-05-22 13:00:00,0.3423,0.3474,0.3421,0.3474,230745.8,1716386399999,79581.21715,908,133004.3,45873.08355,0,0.76
2024-05-22 14:00:00,0.3474,0.3507,0.3453,0.3473,286916.0,1716389999999,99876.29523,1081,128408.0,44692.9839,0,0.76
2024-05-22 15:00:00,0.3474,0.3499,0.3452,0.3497,145575.5,1716393599999,50576.80289,505,61986.5,21537.37908,0,0.76
2024-05-22 16:00:00,0.3497,0.3502,0.3477,0.3496,255458.0,1716397199999,89216.66621,667,82746.1,28893.36784,0,0.76
2024-05-22 17:00:00,0.3494,0.3514,0.3466,0.3473,298580.7,1716400799999,104268.64897,709,93900.8,32788.42846,0,0.76
2024-05-22 18:00:00,0.3471,0.3485,0.3439,0.3462,212434.0,1716404399999,73398.57564,749,130495.7,45089.24318,0,0.76
2024-05-22 19:00:00,0.3461,0.3475,0.3451,0.3466,53481.0,1716407999999,18530.01413,314,29229.8,10129.99246,0,0.76
2024-05-22 20:00:00,0.3466,0.3494,0.3432,0.3451,277356.5,1716411599999,95918.45123,1043,129997.1,44973.94109,0,0.76
2024-05-22 21:00:00,0.3452,0.349,0.3427,0.348,158486.9,1716415199999,54709.12087,537,58926.9,20359.36972,0,0.76
2024-05-22 22:00:00,0.3478,0.3482,0.3454,0.3462,77930.1,1716418799999,27026.97953,234,34088.8,11819.84994,0,0.76
2024-05-22 23:00:00,0.3462,0.3462,0.345,0.3456,43497.1,1716422399999,15032.23497,165,21295.0,7358.67335,0,0.76
2024-05-23 00:00:00,0.3456,0.3481,0.3451,0.3466,110225.6,1716425999999,38188.39453,370,60584.3,20983.28758,0,0.76
2024-05-23 01:00:00,0.3465,0.3486,0.3445,0.3467,299393.3,1716429599999,103528.01825,756,104424.3,36161.94713,0,0.76
2024-05-23 02:00:00,0.3469,0.3478,0.3454,0.3468,66141.0,1716433199999,22902.59069,220,29839.7,10324.9066,0,0.76
2024-05-23 03:00:00,0.3469,0.3486,0.3459,0.348,206554.1,1716436799999,71759.32675,485,73573.0,25564.31518,0,0.76
2024-05-23 04:00:00,0.3482,0.349,0.347,0.3484,40523.0,1716440399999,14099.48075,227,22474.4,7817.91078,0,0.76
2024-05-23 05:00:00,0.3483,0.3491,0.347,0.3478,134718.3,1716443999999,46887.46125,377,80624.0,28062.02714,0,0.76
2024-05-23 06:00:00,0.3477,0.3494,0.3465,0.3486,86792.3,1716447599999,30159.16602,451,37585.3,13065.6802,0,0.76
2024-05-23 07:00:00,0.3481,0.3497,0.3471,0.3482,104691.1,1716451199999,36474.66303,761,45244.7,15759.2125,0,0.76
2024-05-23 08:00:00,0.348,0.348,0.3455,0.3461,50325.9,1716454799999,17466.86243,437,26057.9,9040.8439,0,0.76
2024-05-23 09:00:00,0.3462,0.3469,0.3441,0.3448,122559.7,1716458399999,42367.93194,581,81366.4,28126.36129,0,0.76
2024-05-23 10:00:00,0.3447,0.3459,0.3426,0.3439,100550.0,1716461999999,34646.12376,650,46343.6,15965.06764,0,0.76
2024-05-23 11:00:00,0.3439,0.3485,0.3439,0.3482,102178.3,1716465599999,35383.24851,846,45651.0,15803.4491,0,0.76
2024-05-23 12:00:00,0.3481,0.3487,0.3381,0.3409,480842.7,1716469199999,164874.18876,2228,215895.7,73958.30739,0,0.76
2024-05-23 13:00:00,0.3409,0.3437,0.332,0.3356,1232603.7,1716472799999,416197.30576,4134,586875.8,198135.34613,0,0.76
2024-05-23 14:00:00,0.3353,0.3391,0.3341,0.3344,368858.4,1716476399999,124015.30854,1415,192173.8,64606.09182,0,0.76
2024-05-23 15:00:00,0.3344,0.3396,0.3336,0.3366,196705.0,1716479999999,66223.7242,700,109913.6,37024.96039,0,0.76
2024-05-23 16:00:00,0.3365,0.3381,0.335,0.3363,327821.7,1716483599999,110537.57694,712,241048.3,81316.71588,0,0.76
2024-05-23 17:00:00,0.3363,0.3366,0.334,0.3341,149475.9,1716487199999,50153.23329,533,69384.2,23292.19364,0,0.76
2024-05-23 18:00:00,0.334,0.3345,0.3286,0.3343,473121.0,1716490799999,156868.83323,1436,229043.5,76000.75726,0,0.76
2024-05-23 19:00:00,0.3339,0.3359,0.3313,0.3331,339018.4,1716494399999,113104.72048,527,131320.1,43763.95256,0,0.76
2024-05-23 20:00:00,0.3328,0.3336,0.3228,0.333,1162109.4,1716497999999,380400.34519,2867,517394.9,169227.42103,0,0.76
2024-05-23 21:00:00,0.3332,0.3392,0.3308,0.3365,1557471.7,1716501599999,522432.67136,3379,833388.9,279758.67279,0,0.76
2024-05-23 22:00:00,0.3366,0.3373,0.3344,0.3363,204773.0,1716505199999,68742.46828,568,120143.3,40323.35274,0,0.76
2024-05-23 23:00:00,0.3365,0.3373,0.335,0.3373,107180.2,1716508799999,36017.52171,334,62022.8,20846.4048,0,0.76
2024-05-24 00:00:00,0.3372,0.3412,0.3358,0.3404,227939.4,1716512399999,77111.67472,685,134824.4,45600.28853,0,0.74
2024-05-24 01:00:00,0.3403,0.3411,0.3377,0.3406,234096.5,1716515999999,79261.73177,521,125553.1,42503.66077,0,0.74
2024-05-24 02:00:00,0.3406,0.3424,0.3387,0.3421,142352.6,1716519599999,48449.22798,449,87653.4,29835.68913,0,0.74
2024-05-24 03:00:00,0.342,0.3427,0.3409,0.3415,64363.7,1716523199999,21995.03268,284,30809.8,10529.05693,0,0.74
2024-05-24 04:00:00,0.3415,0.3427,0.3409,0.341,95053.4,1716526799999,32463.77733,320,42076.4,14382.10686,0,0.74
2024-05-24 05:00:00,0.341,0.3412,0.3359,0.3372,280656.6,1716530399999,94828.83997,909,103061.9,34807.18871,0,0.74
2024-05-24 06:00:00,0.337,0.3384,0.3333,0.3339,311029.8,1716533999999,104271.00073,857,167169.4,56043.06129,0,0.74
2024-05-24 07:00:00,0.3336,0.3373,0.3319,0.3367,227767.9,1716537599999,76200.10525,641,107412.5,35945.85063,0,0.74
2024-05-24 08:00:00,0.3369,0.3382,0.3323,0.3382,173618.2,1716541199999,58155.77797,519,85321.2,28575.95217,0,0.74
2024-05-24 09:00:00,0.3379,0.3409,0.3376,0.3409,296775.5,1716544799999,100754.69418,795,135227.3,45914.43547,0,0.74
2024-05-24 10:00:00,0.3408,0.3416,0.3396,0.34,180405.3,1716548399999,61462.52092,414,73585.0,25069.2911,0,0.74
2024-05-24 11:00:00,0.3401,0.3427,0.3393,0.3421,435015.2,1716551999999,148364.25691,1339,270718.2,92406.4934,0,0.74
2024-05-24 12:00:00,0.3423,0.3456,0.3408,0.3443,343151.3,1716555599999,117771.7894,1936,153462.6,52676.34162,0,0.74
2024-05-24 13:00:00,0.3445,0.3458,0.3417,0.3422,401610.4,1716559199999,138368.61159,1321,126244.6,43489.78018,0,0.74
2024-05-24 14:00:00,0.3423,0.347,0.3415,0.3455,264092.9,1716562799999,91028.84363,1255,117417.4,40478.42226,0,0.74
2024-05-24 15:00:00,0.3455,0.347,0.3435,0.3445,221198.8,1716566399999,76399.25399,710,101650.9,35128.52419,0,0.74
2024-05-24 16:00:00,0.3444,0.3446,0.3396,0.3402,326927.2,1716569999999,111613.52322,755,142160.6,48461.54278,0,0.74
2024-05-24 17:00:00,0.3401,0.3434,0.34,0.3431,109093.8,1716573599999,37254.92798,353,50365.6,17204.13151,0,0.74
2024-05-24 18:00:00,0.343,0.3468,0.3429,0.3456,344686.6,1716577199999,119145.15076,794,167974.7,58079.75458,0,0.74
2024-05-24 19:00:00,0.3456,0.3463,0.345,0.3461,110288.1,1716580799999,38122.14268,336,55740.0,19266.63263,0,0.74
2024-05-24 20:00:00,0.3463,0.3475,0.346,0.3468,273211.0,1716584399999,94722.17092,443,110918.6,38456.42259,0,0.74
2024-05-24 21:00:00,0.3469,0.348,0.3464,0.3472,115877.6,1716587999999,40223.26681,345,61029.7,21182.90159,0,0.74
2024-05-24 22:00:00,0.3472,0.3474,0.3454,0.3466,91109.8,1716591599999,31545.34439,287,26025.6,9017.90776,0,0.74
2024-05-24 23:00:00,0.3464,0.3489,0.3457,0.3484,150804.5,1716595199999,52366.15524,362,82140.3,28499.73684,0,0.74
2024-05-25 00:00:00,0.3484,0.3529,0.3473,0.3519,433423.5,1716598799999,151992.41734,1266,241380.8,84653.53492,0,0.76
2024-05-25 01:00:00,0.3522,0.3529,0.3482,0.3489,320076.2,1716602399999,112188.31374,837,122891.2,43083.5776,0,0.76
2024-05-25 02:00:00,0.3488,0.3488,0.3467,0.3476,192342.6,1716605999999,66839.15877,427,83674.7,29077.34942,0,0.76
2024-05-25 03:00:00,0.3476,0.348,0.3462,0.3472,121839.6,1716609599999,42262.95415,284,49918.5,17316.53954,0,0.76
2024-05-25 04:00:00,0.3475,0.3494,0.347,0.3488,548573.3,1716613199999,191234.46543,842,277195.8,96672.07551,0,0.76
2024-05-25 05:00:00,0.3488,0.3498,0.3479,0.3481,502808.4,1716616799999,175335.64419,930,251316.2,87674.07111,0,0.76
2024-05-25 06:00:00,0.3482,0.349,0.3473,0.3478,453972.7,1716620399999,158090.25812,815,218006.1,75953.74667,0,0.76
2024-05-25 07:00:00,0.3478,0.3478,0.3463,0.3467,126101.2,1716623999999,43759.14109,291,43093.2,14952.33373,0,0.76
2024-05-25 08:00:00,0.3466,0.3478,0.3459,0.347,223894.4,1716627599999,77721.47851,503,105899.3,36781.35486,0,0.76
2024-05-25 09:00:00,0.3469,0.3483,0.3468,0.3477,182784.6,1716631199999,63543.06032,506,99017.3,34418.02349,0,0.76
2024-05-25 10:00:00,0.3478,0.3856,0.3473,0.3704,11622052.8,1716634799999,4307125.49054,28528,6603117.4,2446785.34089,0,0.76
2024-05-25 11:00:00,0.3704,0.3736,0.3669,0.3692,2439186.2,1716638399999,904073.90793,6331,1150540.8,426641.72334,0,0.76
2024-05-25 12:00:00,0.369,0.379,0.3671,0.3714,3417509.5,1716641999999,1275934.99804,9055,1735235.0,647926.71293,0,0.76
2024-05-25 13:00:00,0.3715,0.3722,0.364,0.3655,2329620.8,1716645599999,855650.0085,5979,1001470.8,367674.93601,0,0.76
2024-05-25 14:00:00,0.3656,0.3723,0.3651,0.3703,1320003.7,1716649199999,486328.52987,2836,583024.4,214767.70729,0,0.76
2024-05-25 15:00:00,0.3702,0.373,0.3686,0.369,1042217.5,1716652799999,386330.00254,2377,476569.6,176664.95985,0,0.76
2024-05-25 16:00:00,0.3692,0.3692,0.3666,0.3676,677334.9,1716656399999,249128.89355,1380,293969.8,108150.3361,0,0.76
2024-05-25 17:00:00,0.3676,0.3686,0.366,0.3676,499530.8,1716659999999,183370.3685,1084,235569.4,86496.67916,0,0.76
2024-05-25 18:00:00,0.3676,0.3689,0.3664,0.3684,402572.2,1716663599999,148007.00891,967,196868.9,72381.60888,0,0.76
2024-05-25 19:00:00,0.368,0.3686,0.3659,0.3659,407247.9,1716667199999,149524.1933,813,159598.5,58604.33226,0,0.76
2024-05-25 20:00:00,0.366,0.3679,0.3634,0.3648,682451.8,1716670799999,249400.15103,1576,267278.3,97663.63543,0,0.76
2024-05-25 21:00:00,0.3648,0.365,0.3626,0.3634,436624.8,1716674399999,158829.94782,915,185698.3,67561.71103,0,0.76
2024-05-25 22:00:00,0.3636,0.3636,0.3621,0.3632,313249.7,1716677999999,113660.81758,758,137999.3,50084.55653,0,0.76
2024-05-25 23:00:00,0.3631,0.3665,0.363,0.3658,323208.1,1716681599999,117932.57957,868,157830.6,57579.87736,0,0.76
2024-05-26 00:00:00,0.3658,0.3757,0.3642,0.3653,2903477.3,1716685199999,1074934.65296,6865,1404633.7,520033.11677,0,0.75
2024-05-26 01:00:00,0.3653,0.3676,0.3644,0.3644,577444.4,1716688799999,211370.41316,1257,305284.5,111745.15385,0,0.75
2024-05-26 02:00:00,0.3647,0.365,0.3586,0.3615,1002752.5,1716692399999,362122.90969,2159,491959.7,177639.22527,0,0.75
2024-05-26 03:00:00,0.3615,0.3619,0.3597,0.3609,263107.5,1716695999999,94945.88579,593,117122.0,42247.25166,0,0.75
2024-05-26 04:00:00,0.3609,0.3609,0.3575,0.3584,305489.6,1716699599999,109684.44507,828,125232.5,44926.94663,0,0.75
2024-05-26 05:00:00,0.3585,0.3585,0.3556,0.3562,353344.8,1716703199999,126109.01933,816,141340.4,50450.17479,0,0.75
2024-05-26 06:00:00,0.3564,0.3578,0.3557,0.3578,432221.4,1716706799999,154275.58138,852,208446.3,74383.65989,0,0.75
2024-05-26 07:00:00,0.3576,0.3595,0.3573,0.3586,478604.0,1716710399999,171646.82536,1173,214886.4,77084.90568,0,0.75
2024-05-26 08:00:00,0.3585,0.3589,0.355,0.3556,421439.3,1716713999999,150513.19822,798,166109.6,59317.65359,0,0.75
2024-05-26 09:00:00,0.3555,0.357,0.3534,0.3547,455205.7,1716717599999,161607.68546,921,234877.6,83385.61074,0,0.75
2024-05-26 10:00:00,0.3548,0.3579,0.3547,0.3578,322249.8,1716721199999,114709.11338,703,183355.8,65281.52868,0,0.75
2024-05-26 11:00:00,0.3576,0.3587,0.3561,0.357,320505.1,1716724799999,114554.31915,778,152587.6,54537.72058,0,0.75
2024-05-26 12:00:00,0.357,0.357,0.3544,0.3554,400943.2,1716728399999,142533.04436,800,148838.3,52901.86553,0,0.75
2024-05-26 13:00:00,0.3556,0.3564,0.3533,0.3559,319857.3,1716731999999,113534.98523,641,163385.8,57988.73002,0,0.75
2024-05-26 14:00:00,0.3559,0.3585,0.3547,0.3584,335834.9,1716735599999,119576.73085,756,203320.2,72402.97414,0,0.75
2024-05-26 15:00:00,0.3585,0.3587,0.3541,0.3554,932034.6,1716739199999,333339.17204,1206,313460.3,112035.52798,0,0.75
2024-05-26 16:00:00,0.3557,0.3572,0.3549,0.3561,196486.3,1716742799999,69939.63184,498,96213.0,34246.91068,0,0.75
2024-05-26 17:00:00,0.3559,0.3567,0.3549,0.3555,197270.4,1716746399999,70164.76381,343,107915.4,38381.05692,0,0.75
2024-05-26 18:00:00,0.3555,0.3558,0.3535,0.3548,353994.9,1716749999999,125563.03413,616,99891.9,35459.2078,0,0.75
2024-05-26 19:00:00,0.355,0.3564,0.3548,0.3553,187425.8,1716753599999,66613.89765,387,103310.8,36729.17346,0,0.75
2024-05-26 20:00:00,0.3553,0.3553,0.3528,0.3529,129651.0,1716757199999,45861.24325,336,54773.4,19372.66848,0,0.75
2024-05-26 21:00:00,0.353,0.3535,0.3497,0.353,501820.2,1716760799999,176393.59429,855,204269.5,71838.25683,0,0.75
2024-05-26 22:00:00,0.3532,0.3542,0.353,0.3534,121315.6,1716764399999,42903.47127,279,71902.7,25434.06946,0,0.75
2024-05-26 23:00:00,0.3536,0.3537,0.3522,0.3528,115841.2,1716767999999,40869.51323,267,50714.7,17892.35821,0,0.75
2024-05-27 00:00:00,0.3526,0.3538,0.3514,0.3526,160685.7,1716771599999,56616.7527,397,87296.3,30756.88134,0,0.74
2024-05-27 01:00:00,0.3525,0.3545,0.3507,0.3538,1421883.1,1716775199999,501086.3393,1667,708730.2,249814.23436,0,0.74
2024-05-27 02:00:00,0.3539,0.3542,0.349,0.3511,491909.6,1716778799999,172910.82602,892,130652.7,45948.75035,0,0.74
2024-05-27 03:00:00,0.3512,0.3527,0.3506,0.351,196721.0,1716782399999,69152.78882,383,71551.1,25140.89121,0,0.74
2024-05-27 04:00:00,0.3509,0.3521,0.3508,0.3514,214935.8,1716785999999,75559.87779,420,99427.5,34958.38653,0,0.74
2024-05-27 05:00:00,0.3514,0.3516,0.3458,0.3481,456599.6,1716789599999,159126.39956,921,177662.2,61918.8348,0,0.74
2024-05-27 06:00:00,0.348,0.3483,0.345,0.3463,274188.0,1716793199999,95025.56271,735,118324.2,41033.03847,0,0.74
2024-05-27 07:00:00,0.346,0.3476,0.3454,0.3463,214903.8,1716796799999,74437.89379,553,112045.0,38815.24293,0,0.74
2024-05-27 08:00:00,0.3462,0.3489,0.3457,0.3483,309284.9,1716800399999,107470.81542,700,136157.3,47310.0673,0,0.74
2024-05-27 09:00:00,0.3485,0.3504,0.348,0.3498,377034.0,1716803999999,131665.22849,986,207191.8,72356.34788,0,0.74
2024-05-27 10:00:00,0.3497,0.3498,0.3477,0.3492,358369.3,1716807599999,124883.78313,793,110921.2,38665.95411,0,0.74
2024-05-27 11:00:00,0.3491,0.3505,0.3485,0.35,308352.1,1716811199999,107842.72644,865,159257.1,55711.69107,0,0.74
2024-05-27 12:00:00,0.3503,0.3509,0.3494,0.3498,331479.8,1716814799999,116077.5956,896,154019.7,53944.64645,0,0.74
2024-05-27 13:00:00,0.3499,0.3542,0.3499,0.3533,489638.5,1716818399999,172671.38981,1338,234844.5,82811.46151,0,0.74
2024-05-27 14:00:00,0.3534,0.3542,0.3513,0.3535,572860.5,1716821999999,202170.83974,1427,276209.8,97449.52224,0,0.74
2024-05-27 15:00:00,0.3534,0.3583,0.3531,0.3574,609254.5,1716825599999,216725.16463,1461,313020.9,111374.3027,0,0.74
2024-05-27 16:00:00,0.3573,0.3603,0.3573,0.36,526764.2,1716829199999,188998.03636,1363,262092.3,94053.71632,0,0.74
2024-05-27 17:00:00,0.36,0.3616,0.3574,0.358,340676.1,1716832799999,122323.84967,974,151929.7,54571.97123,0,0.74
2024-05-27 18:00:00,0.3581,0.3602,0.3576,0.359,361476.5,1716836399999,129864.92455,917,193649.9,69577.89555,0,0.74
2024-05-27 19:00:00,0.359,0.36,0.3521,0.3545,597460.5,1716839999999,212706.79083,1669,265926.7,94687.68894,0,0.74
2024-05-27 20:00:00,0.3544,0.3587,0.3539,0.3583,390818.7,1716843599999,139437.02611,987,184998.7,66009.09727,0,0.74
2024-05-27 21:00:00,0.3584,0.3586,0.357,0.3581,347981.6,1716847199999,124501.15017,671,188740.0,67534.57375,0,0.74
2024-05-27 22:00:00,0.358,0.358,0.3561,0.3565,159992.5,1716850799999,57096.40535,437,72144.8,25746.90735,0,0.74
2024-05-27 23:00:00,0.3565,0.3571,0.3555,0.3564,152733.2,1716854399999,54412.38168,475,60170.8,21439.12707,0,0.74
2024-05-28 00:00:00,0.3561,0.3573,0.3533,0.3542,338624.5,1716857999999,120337.8552,964,168609.4,59925.98402,0,0.72
2024-05-28 01:00:00,0.3541,0.3567,0.3491,0.35,460605.8,1716861599999,162183.82834,1109,197815.0,69682.57577,0,0.72
2024-05-28 02:00:00,0.3499,0.3551,0.3475,0.3546,580009.2,1716865199999,203088.45304,1636,275364.3,96417.35976,0,0.72
2024-05-28 03:00:00,0.3546,0.3554,0.349,0.3504,427860.2,1716868799999,150504.16024,1038,183217.2,64459.55597,0,0.72
2024-05-28 04:00:00,0.3505,0.351,0.344,0.3452,672850.1,1716872399999,232929.46107,1705,270191.0,93570.0341,0,0.72
2024-05-28 05:00:00,0.345,0.3487,0.344,0.3477,282986.0,1716875999999,98034.18796,644,161834.3,56075.33829,0,0.72
2024-05-28 06:00:00,0.3478,0.3482,0.3452,0.3475,285602.1,1716879599999,98953.87868,555,95489.4,33092.82291,0,0.72
2024-05-28 07:00:00,0.3475,0.3492,0.3462,0.348,178012.3,1716883199999,61876.69041,569,87887.2,30553.69755,0,0.72
2024-05-28 08:00:00,0.3478,0.3507,0.3476,0.3499,235302.1,1716886799999,82217.25751,608,104027.6,36350.72663,0,0.72
2024-05-28 09:00:00,0.3498,0.3518,0.3494,0.3509,293087.8,1716890399999,102677.96835,540,161260.3,56490.41779,0,0.72
2024-05-28 10:00:00,0.351,0.3529,0.3506,0.3514,339818.4,1716893999999,119473.75869,753,149910.8,52698.25436,0,0.72
2024-05-28 11:00:00,0.3513,0.353,0.3509,0.3513,246192.2,1716897599999,86617.01932,567,101312.7,35629.16415,0,0.72
2024-05-28 12:00:00,0.3515,0.3523,0.3493,0.3497,428218.5,1716901199999,150026.21748,834,202173.9,70860.12329,0,0.72
2024-05-28 13:00:00,0.35,0.3519,0.3472,0.3488,539684.7,1716904799999,188463.17334,1352,228374.6,79778.73235,0,0.72
2024-05-28 14:00:00,0.3489,0.3502,0.3452,0.3469,451699.3,1716908399999,157242.55382,1198,226145.0,78740.34765,0,0.72
2024-05-28 15:00:00,0.3471,0.3509,0.346,0.3504,421891.4,1716911999999,146721.11673,1007,192616.4,67025.2244,0,0.72
2024-05-28 16:00:00,0.3504,0.3512,0.3481,0.3498,303796.7,1716915599999,106236.81674,731,145729.3,50973.5333,0,0.72
2024-05-28 17:00:00,0.3498,0.353,0.3493,0.3519,304474.7,1716919199999,107084.21918,678,158361.0,55676.77892,0,0.72
2024-05-28 18:00:00,0.3513,0.3529,0.3473,0.3506,335356.9,1716922799999,117478.7357,882,171143.0,59929.27353,0,0.72
2024-05-28 19:00:00,0.3509,0.3562,0.3509,0.3558,284176.4,1716926399999,100529.64245,806,141526.0,50080.81622,0,0.72
2024-05-28 20:00:00,0.3556,0.3577,0.3555,0.3565,214027.8,1716929999999,76385.04539,591,113993.1,40692.58542,0,0.72
2024-05-28 21:00:00,0.3567,0.3571,0.3558,0.357,144071.2,1716933599999,51358.38562,442,76593.8,27302.83886,0,0.72
2024-05-28 22:00:00,0.3568,0.358,0.3566,0.3569,255365.2,1716937199999,91210.42297,428,89687.1,32047.21352,0,0.72
2024-05-28 23:00:00,0.3569,0.3569,0.3544,0.3551,236155.0,1716940799999,83896.17636,651,120163.6,42692.86979,0,0.72
2024-05-29 00:00:00,0.3551,0.356,0.3538,0.3539,117473.1,1716944399999,41740.90487,378,47218.7,16780.80451,0,0.72
2024-05-29 01:00:00,0.3544,0.3546,0.3524,0.3527,197412.5,1716947999999,69761.03806,568,79784.0,28194.43463,0,0.72
2024-05-29 02:00:00,0.3529,0.3544,0.351,0.3541,215645.9,1716951599999,76043.03565,592,102856.9,36297.04533,0,0.72
2024-05-29 03:00:00,0.3541,0.3556,0.3538,0.3542,100926.7,1716955199999,35815.84009,259,54181.6,19230.64534,0,0.72
2024-05-29 04:00:00,0.3544,0.3574,0.3543,0.3569,225145.3,1716958799999,80232.84589,501,131574.4,46894.0247,0,0.72
2024-05-29 05:00:00,0.3569,0.3583,0.3568,0.3575,145159.8,1716962399999,51901.88158,294,67763.9,24232.6563,0,0.72
2024-05-29 06:00:00,0.3574,0.3584,0.3568,0.3568,210084.4,1716965999999,75167.28828,488,96838.3,34652.87361,0,0.72
2024-05-29 07:00:00,0.3568,0.3571,0.3541,0.3543,414350.3,1716969599999,147211.0517,860,202475.5,71932.46031,0,0.72
2024-05-29 08:00:00,0.3542,0.3581,0.3513,0.3571,665743.9,1716973199999,235992.29996,1854,336870.6,119493.59014,0,0.72
2024-05-29 09:00:00,0.357,0.3598,0.3556,0.3582,726542.0,1716976799999,259962.46319,1944,376558.1,134749.20166,0,0.72
2024-05-29 10:00:00,0.3581,0.3593,0.3568,0.3583,417865.2,1716980399999,149541.63028,1121,182689.2,65405.93696,0,0.72
2024-05-29 11:00:00,0.3583,0.3583,0.3547,0.3549,395191.6,1716983999999,140892.21785,938,155497.0,55423.5867,0,0.72
2024-05-29 12:00:00,0.3551,0.3581,0.3535,0.3561,456932.1,1716987599999,162498.33227,1062,173525.8,61747.61584,0,0.72
2024-05-29 13:00:00,0.3563,0.3586,0.3537,0.3556,523428.6,1716991199999,186373.74014,1369,296336.2,105544.07385,0,0.72
2024-05-29 14:00:00,0.3556,0.357,0.3535,0.3549,324055.8,1716994799999,115132.07229,876,160249.3,56932.44754,0,0.72
2024-05-29 15:00:00,0.3547,0.3561,0.3526,0.3529,385367.5,1716998399999,136594.31444,901,189757.5,67245.61164,0,0.72
2024-05-29 16:00:00,0.3527,0.3564,0.3497,0.3561,386697.1,1717001999999,136495.49041,897,198771.7,70212.39743,0,0.72
2024-05-29 17:00:00,0.3562,0.3573,0.3538,0.3563,204242.8,1717005599999,72661.44107,494,122689.7,43640.68555,0,0.72
2024-05-29 18:00:00,0.356,0.3565,0.3533,0.354,196213.7,1717009199999,69614.92456,460,109976.2,39019.94887,0,0.72
2024-05-29 19:00:00,0.3539,0.3555,0.3509,0.3512,241592.8,1717012799999,85162.02177,610,134355.8,47347.24588,0,0.72
2024-05-29 20:00:00,0.3512,0.352,0.3501,0.3515,541389.6,1717016399999,190102.5045,1147,174910.8,61416.5163,0,0.72
2024-05-29 21:00:00,0.3514,0.3514,0.3487,0.3507,225746.6,1717019999999,79009.22214,553,101695.4,35601.87625,0,0.72
2024-05-29 22:00:00,0.3505,0.3508,0.3493,0.3502,101171.5,1717023599999,35413.95967,254,50757.6,17771.0709,0,0.72
2024-05-29 23:00:00,0.3501,0.3504,0.3488,0.3494,89360.4,1717027199999,31255.10566,268,58207.1,20364.34779,0,0.72
2024-05-30 00:00:00,0.3492,0.3522,0.349,0.3495,112881.0,1717030799999,39558.38574,359,61646.7,21597.31267,0,0.73
2024-05-30 01:00:00,0.3497,0.3524,0.349,0.3521,206181.2,1717034399999,72362.41822,552,127521.3,44762.05666,0,0.73
2024-05-30 02:00:00,0.352,0.3554,0.352,0.3543,163970.6,1717037999999,57992.73119,436,83915.0,29683.23346,0,0.73
2024-05-30 03:00:00,0.3543,0.3546,0.3535,0.3542,104171.0,1717041599999,36896.46993,274,60756.7,21521.08531,0,0.73
2024-05-30 04:00:00,0.3543,0.3545,0.3511,0.3513,105789.3,1717045199999,37308.66015,358,36474.1,12858.13803,0,0.73
2024-05-30 05:00:00,0.3512,0.3514,0.35,0.3511,159829.0,1717048799999,56036.08231,410,73675.0,25829.99209,0,0.73
2024-05-30 06:00:00,0.3511,0.3512,0.345,0.3455,637111.9,1717052399999,221391.12428,1533,264417.6,91902.81726,0,0.73
2024-05-30 07:00:00,0.3457,0.3472,0.34,0.3413,650384.9,1717055999999,223390.79939,1626,291051.0,99992.171,0,0.73
2024-05-30 08:00:00,0.3412,0.3453,0.3384,0.3449,788210.6,1717059599999,268533.64916,1942,340815.0,116322.70692,0,0.73
2024-05-30 09:00:00,0.3446,0.3464,0.3438,0.3462,229459.3,1717063199999,79131.96939,598,119302.0,41139.07108,0,0.73
2024-05-30 10:00:00,0.3462,0.3478,0.3441,0.3471,177425.0,1717066799999,61400.78956,525,83730.2,28981.44713,0,0.73
2024-05-30 11:00:00,0.3471,0.3507,0.3467,0.3477,591792.1,1717070399999,206496.93669,1398,363673.4,126980.91514,0,0.73
2024-05-30 12:00:00,0.3477,0.351,0.3474,0.3502,334803.6,1717073999999,116991.1473,761,151293.1,52888.12683,0,0.73
2024-05-30 13:00:00,0.3502,0.352,0.3475,0.3514,688862.9,1717077599999,241174.85839,1301,224913.3,78860.54075,0,0.73
2024-05-30 14:00:00,0.3515,0.3527,0.3471,0.3473,518235.9,1717081199999,181287.71082,1193,196132.6,68663.39047,0,0.73
2024-05-30 15:00:00,0.3473,0.35,0.3461,0.3499,400278.6,1717084799999,139327.90182,1019,203082.8,70720.97311,0,0.73
2024-05-30 16:00:00,0.35,0.3507,0.349,0.3505,217626.2,1717088399999,76108.28372,524,103714.7,36281.05834,0,0.73
2024-05-30 17:00:00,0.3503,0.3525,0.3491,0.3509,331349.3,1717091999999,116345.04155,627,135743.4,47685.25883,0,0.73
2024-05-30 18:00:00,0.3514,0.3515,0.3497,0.3498,133116.7,1717095599999,46645.28863,373,65962.9,23116.99413,0,0.73
2024-05-30 19:00:00,0.3498,0.3501,0.3461,0.348,441897.1,1717099199999,153822.83036,902,224860.6,78241.11224,0,0.73
2024-05-30 20:00:00,0.3479,0.3479,0.3423,0.3449,393513.7,1717102799999,135742.87103,944,183268.8,63218.7276,0,0.73
2024-05-30 21:00:00,0.3447,0.3458,0.3433,0.3455,157781.8,1717106399999,54398.5421,369,94035.0,32422.76662,0,0.73
2024-05-30 22:00:00,0.3457,0.3458,0.3436,0.344,249237.3,1717109999999,85850.21551,464,79816.8,27512.9437,0,0.73
2024-05-30 23:00:00,0.3442,0.3454,0.3437,0.344,108052.6,1717113599999,37226.64472,248,52284.7,18015.39514,0,0.73
2024-05-31 00:00:00,0.344,0.344,0.3401,0.3425,205503.3,1717117199999,70277.73025,534,80148.7,27385.0867,0,0.73
2024-05-31 01:00:00,0.3423,0.3441,0.341,0.3423,160765.0,1717120799999,55062.22742,395,78443.4,26863.16568,0,0.73
2024-05-31 02:00:00,0.3421,0.345,0.3421,0.3435,92745.1,1717124399999,31900.26144,298,56442.3,19423.86206,0,0.73
2024-05-31 03:00:00,0.3437,0.3453,0.3433,0.3447,69889.8,1717127999999,24064.68423,205,45319.0,15602.53772,0,0.73
2024-05-31 04:00:00,0.3449,0.3456,0.3437,0.3443,103317.1,1717131599999,35599.7062,244,50411.4,17371.42537,0,0.73
2024-05-31 05:00:00,0.3443,0.3444,0.3396,0.3428,336287.5,1717135199999,114892.7192,692,145537.8,49798.78778,0,0.73
2024-05-31 06:00:00,0.3427,0.3466,0.3425,0.3438,205012.0,1717138799999,70594.22969,561,86836.3,29904.53861,0,0.73
2024-05-31 07:00:00,0.3439,0.345,0.3428,0.3436,166284.1,1717142399999,57176.9636,423,83384.8,28664.86233,0,0.73
2024-05-31 08:00:00,0.3436,0.3441,0.3429,0.3429,107415.7,1717145999999,36910.32055,263,40880.3,14047.60103,0,0.73
2024-05-31 09:00:00,0.3429,0.3432,0.3409,0.3421,93189.3,1717149599999,31853.87287,308,34836.8,11906.22858,0,0.73
2024-05-31 10:00:00,0.342,0.3444,0.3408,0.3415,372840.0,1717153199999,127582.73221,793,165774.0,56772.89432,0,0.73
2024-05-31 11:00:00,0.3415,0.3442,0.3412,0.3439,166481.8,1717156799999,57059.35223,328,93284.8,31963.95294,0,0.73
2024-05-31 12:00:00,0.3438,0.347,0.3425,0.3455,399978.2,1717160399999,138085.24116,728,216022.0,74662.02719,0,0.73
2024-05-31 13:00:00,0.3454,0.3462,0.3406,0.3408,427929.1,1717163999999,146786.87094,850,185792.6,63760.70091,0,0.73
2024-05-31 14:00:00,0.3406,0.3416,0.3388,0.3412,281855.5,1717167599999,95885.76588,928,138905.0,47256.04101,0,0.73
2024-05-31 15:00:00,0.341,0.3431,0.3384,0.3387,211938.6,1717171199999,72241.60058,576,82287.6,28070.5596,0,0.73
2024-05-31 16:00:00,0.3387,0.3408,0.3351,0.3407,410881.4,1717174799999,138815.84096,1192,202046.6,68257.10235,0,0.73
2024-05-31 17:00:00,0.3404,0.342,0.3403,0.3417,161485.1,1717178399999,55088.02153,617,89721.3,30604.96189,0,0.73
2024-05-31 18:00:00,0.3418,0.3424,0.3405,0.3415,235328.9,1717181999999,80332.32961,748,121744.3,41559.30091,0,0.73
2024-05-31 19:00:00,0.3414,0.3433,0.3403,0.3428,268166.4,1717185599999,91616.47917,736,118816.4,40669.10306,0,0.73
2024-05-31 20:00:00,0.3428,0.343,0.3416,0.342,95192.5,1717189199999,32573.6824,299,42005.8,14378.56864,0,0.73
2024-05-31 21:00:00,0.3419,0.3424,0.3413,0.3414,88692.8,1717192799999,30317.48045,380,54965.5,18794.25186,0,0.73
2024-05-31 22:00:00,0.3411,0.3421,0.3407,0.3409,88558.8,1717196399999,30247.20867,325,44393.2,15165.76219,0,0.73
2024-05-31 23:00:00,0.3408,0.3412,0.3393,0.3401,208743.6,1717199999999,71053.88781,665,110488.4,37621.37083,0,0.73
2024-06-01 00:00:00,0.34,0.3401,0.3384,0.3388,107372.7,1717203599999,36398.0964,329,59321.6,20107.46637,0,0.72
2024-06-01 01:00:00,0.3388,0.3394,0.3375,0.338,90473.1,1717207199999,30609.44826,303,51473.3,17421.70596,0,0.72
2024-06-01 02:00:00,0.3379,0.3389,0.3375,0.3387,91777.7,1717210799999,31054.32317,260,46704.4,15805.11079,0,0.72
2024-06-01 03:00:00,0.3387,0.3389,0.3377,0.3382,48201.8,1717214399999,16311.81382,247,24552.8,8309.72945,0,0.72
2024-06-01 04:00:00,0.3382,0.339,0.3371,0.3388,109710.9,1717217999999,37083.32506,314,40263.9,13618.42063,0,0.72
2024-06-01 05:00:00,0.3387,0.3391,0.3375,0.3377,101107.6,1717221599999,34202.88928,379,47672.6,16131.67221,0,0.72
2024-06-01 06:00:00,0.3377,0.338,0.3364,0.3371,165787.9,1717225199999,55856.84187,449,63134.6,21277.12286,0,0.72
2024-06-01 07:00:00,0.3371,0.3374,0.3365,0.3368,138475.2,1717228799999,46663.03435,390,76797.6,25882.20186,0,0.72
2024-06-01 08:00:00,0.3367,0.3373,0.3364,0.337,156390.4,1717232399999,52660.84125,326,38279.2,12898.24813,0,0.72
2024-06-01 09:00:00,0.337,0.3372,0.3364,0.337,59359.6,1717235999999,19992.77254,231,35238.6,11870.24058,0,0.72
2024-06-01 10:00:00,0.337,0.3374,0.3368,0.337,70390.4,1717239599999,23728.32446,262,35296.4,11899.39877,0,0.72
2024-06-01 11:00:00,0.337,0.3374,0.3367,0.3372,49779.8,1717243199999,16775.25616,208,21716.3,7318.57881,0,0.72
2024-06-01 12:00:00,0.3373,0.3385,0.3371,0.3375,145910.4,1717246799999,49280.91759,450,75710.8,25566.52511,0,0.72
2024-06-01 13:00:00,0.3375,0.3397,0.3374,0.3383,173721.1,1717250399999,58840.51636,444,114040.0,38628.23943,0,0.72
2024-06-01 14:00:00,0.3384,0.3407,0.3384,0.3401,125837.0,1717253999999,42757.5979,442,66654.1,22650.55085,0,0.72
2024-06-01 15:00:00,0.3403,0.3409,0.3392,0.3393,151513.2,1717257599999,51536.23578,492,59474.8,20230.43953,0,0.72
2024-06-01 16:00:00,0.3393,0.3403,0.3382,0.3387,162585.9,1717261199999,55133.91305,500,78510.7,26618.20133,0,0.72
2024-06-01 17:00:00,0.3388,0.3402,0.3381,0.3401,174108.0,1717264799999,59009.69373,460,88126.1,29865.39309,0,0.72
2024-06-01 18:00:00,0.3399,0.3402,0.3393,0.3394,67862.3,1717268399999,23046.94391,215,34717.1,11790.8741,0,0.72
2024-06-01 19:00:00,0.3394,0.3399,0.339,0.3396,60337.8,1717271999999,20480.93719,275,29027.4,9851.73014,0,0.72
2024-06-01 20:00:00,0.3396,0.3401,0.3393,0.3399,80583.7,1717275599999,27375.84753,270,40867.5,13884.11953,0,0.72
2024-06-01 21:00:00,0.34,0.3412,0.3398,0.3407,93166.5,1717279199999,31720.2852,336,56243.8,19146.29721,0,0.72
2024-06-01 22:00:00,0.3407,0.3423,0.3405,0.3414,175064.6,1717282799999,59792.28694,441,118188.3,40375.91774,0,0.72
2024-06-01 23:00:00,0.3414,0.3416,0.3397,0.34,125675.6,1717286399999,42791.67267,443,82579.6,28116.37473,0,0.72
2024-06-02 00:00:00,0.3401,0.3436,0.3396,0.341,401523.8,1717289999999,136971.62901,1155,188965.1,64475.08574,0,0.73
2024-06-02 01:00:00,0.341,0.3433,0.3408,0.3422,163280.7,1717293599999,55853.59005,477,84672.1,28947.89453,0,0.73
2024-06-02 02:00:00,0.3421,0.3423,0.3402,0.3404,76091.9,1717297199999,25975.85818,221,30383.2,10378.83011,0,0.73
2024-06-02 03:00:00,0.3406,0.3423,0.3404,0.3413,101588.1,1717300799999,34699.53188,388,55239.3,18870.96091,0,0.73
2024-06-02 04:00:00,0.3415,0.343,0.3413,0.343,20407.9,1717304399999,6975.12337,113,10430.7,3567.87942,0,0.73
2024-06-02 05:00:00,0.3431,0.3434,0.3411,0.3418,132291.7,1717307999999,45248.99464,383,50931.9,17418.78213,0,0.73
2024-06-02 06:00:00,0.3418,0.3438,0.3418,0.3434,125612.7,1717311599999,43083.86347,470,77868.2,26705.8915,0,0.73
2024-06-02 07:00:00,0.3436,0.3441,0.3407,0.3411,207713.5,1717315199999,71091.39124,597,93693.4,32083.737,0,0.73
2024-06-02 08:00:00,0.3411,0.344,0.3411,0.3434,382225.5,1717318799999,131100.41765,740,257248.0,88220.38134,0,0.73
2024-06-02 09:00:00,0.3433,0.3442,0.3395,0.3405,875412.1,1717322399999,299036.82783,2035,328111.0,111980.47952,0,0.73
2024-06-02 10:00:00,0.3405,0.343,0.3403,0.3428,264020.5,1717325999999,90146.21111,705,156828.3,53537.1249,0,0.73
2024-06-02 11:00:00,0.3429,0.346,0.3418,0.3456,234595.6,1717329599999,80612.29822,678,103220.1,35510.46128,0,0.73
2024-06-02 12:00:00,0.3456,0.3459,0.3432,0.3437,274080.3,1717333199999,94422.46816,728,108122.6,37236.73823,0,0.73
2024-06-02 13:00:00,0.3437,0.3438,0.3428,0.3433,122446.3,1717336799999,42032.20121,290,58662.7,20137.17108,0,0.73
2024-06-02 14:00:00,0.3433,0.3448,0.3428,0.3446,188821.7,1717340399999,64883.64882,487,63482.0,21816.02645,0,0.73
2024-06-02 15:00:00,0.3447,0.3448,0.3427,0.3428,146063.8,1717343999999,50152.12131,501,69508.8,23865.17175,0,0.73
2024-06-02 16:00:00,0.3428,0.3432,0.3403,0.3405,222402.4,1717347599999,75972.07685,604,116627.1,39835.91454,0,0.73
2024-06-02 17:00:00,0.3405,0.3405,0.3364,0.3365,360828.6,1717351199999,122009.77259,1158,178436.2,60337.57515,0,0.73
2024-06-02 18:00:00,0.3363,0.3369,0.3321,0.3362,806192.4,1717354799999,269225.52946,2058,316239.3,105633.61486,0,0.73
2024-06-02 19:00:00,0.3363,0.3363,0.3337,0.335,252031.0,1717358399999,84449.41665,666,83538.4,27989.27345,0,0.73
2024-06-02 20:00:00,0.335,0.3355,0.3325,0.3352,476126.9,1717361999999,159367.23832,707,249541.3,83512.35442,0,0.73
2024-06-02 21:00:00,0.3353,0.3354,0.3334,0.3342,218586.9,1717365599999,73068.32048,684,98971.1,33090.60547,0,0.73
2024-06-02 22:00:00,0.3341,0.3349,0.3326,0.3333,196848.8,1717369199999,65683.91723,548,90589.7,30240.81561,0,0.73
2024-06-02 23:00:00,0.3334,0.3344,0.3332,0.3339,135690.3,1717372799999,45292.06079,425,69533.9,23208.62244,0,0.73
2024-06-03 00:00:00,0.3339,0.3348,0.33,0.3321,377072.5,1717376399999,125223.17404,941,177787.4,59145.44311,0,0.73
2024-06-03 01:00:00,0.3323,0.3376,0.3319,0.3373,415777.4,1717379999999,139536.36829,1236,258599.5,86817.44627,0,0.73
2024-06-03 02:00:00,0.3375,0.3385,0.337,0.3384,303163.9,1717383599999,102375.71079,798,180884.1,61086.44013,0,0.73
2024-06-03 03:00:00,0.3384,0.3385,0.3364,0.3377,166867.5,1717387199999,56284.36664,605,86616.8,29222.33139,0,0.73
2024-06-03 04:00:00,0.3378,0.34,0.3319,0.3375,1093982.2,1717390799999,368732.79009,2807,496054.8,167241.46263,0,0.73
2024-06-03 05:00:00,0.3375,0.3436,0.3375,0.3427,750182.3,1717394399999,256152.31347,1666,396879.0,135551.07143,0,0.73
2024-06-03 06:00:00,0.3428,0.3471,0.3425,0.3454,1104728.9,1717397999999,380730.57092,2656,547066.2,188555.73464,0,0.73
2024-06-03 07:00:00,0.3454,0.355,0.3425,0.347,1807136.5,1717401599999,631024.90469,3987,923818.2,322823.04251,0,0.73
2024-06-03 08:00:00,0.3469,0.3469,0.3435,0.3442,677888.1,1717405199999,233626.63332,1182,253500.5,87350.28816,0,0.73
2024-06-03 09:00:00,0.3442,0.3443,0.3408,0.3436,576861.1,1717408799999,197614.12628,1246,235320.2,80642.67437,0,0.73
2024-06-03 10:00:00,0.3436,0.3445,0.3413,0.342,535555.1,1717412399999,183919.52774,962,190370.1,65378.9871,0,0.73
2024-06-03 11:00:00,0.3421,0.3442,0.3404,0.3412,488431.1,1717415999999,167034.0589,973,277102.6,94792.9417,0,0.73
2024-06-03 12:00:00,0.3412,0.3439,0.3412,0.3437,249272.7,1717419599999,85450.09417,763,144353.3,49482.01627,0,0.73
2024-06-03 13:00:00,0.3437,0.3454,0.3427,0.3441,352568.5,1717423199999,121283.98017,839,161319.4,55553.84476,0,0.73
2024-06-03 14:00:00,0.3441,0.3453,0.337,0.3387,857954.0,1717426799999,291959.52179,1650,414032.2,140867.89687,0,0.73
2024-06-03 15:00:00,0.3387,0.3415,0.3386,0.3414,233954.6,1717430399999,79623.05728,615,106710.2,36325.40302,0,0.73
2024-06-03 16:00:00,0.3416,0.3416,0.3378,0.3394,480253.0,1717433999999,163124.94392,1012,142830.8,48472.58008,0,0.73
2024-06-03 17:00:00,0.3394,0.3408,0.3384,0.34,235109.9,1717437599999,79859.52364,656,120009.8,40779.96229,0,0.73
2024-06-03 18:00:00,0.3398,0.3406,0.3393,0.3396,168386.2,1717441199999,57258.34157,561,74747.9,25418.75931,0,0.73
2024-06-03 19:00:00,0.3394,0.34,0.3388,0.3397,211006.3,1717444799999,71676.27391,427,125742.5,42705.13302,0,0.73
2024-06-03 20:00:00,0.3397,0.3398,0.3383,0.3384,116602.0,1717448399999,39535.65834,336,32953.5,11175.60002,0,0.73
2024-06-03 21:00:00,0.3383,0.3388,0.3367,0.3375,341540.8,1717451999999,115289.95441,958,124374.1,41998.24971,0,0.73
2024-06-03 22:00:00,0.3376,0.3376,0.3361,0.3371,126386.1,1717455599999,42583.54515,491,61145.2,20604.6503,0,0.73
2024-06-03 23:00:00,0.3371,0.3372,0.3356,0.336,166553.1,1717459199999,56056.51055,480,56280.1,18949.7648,0,0.73
2024-06-04 00:00:00,0.3359,0.3385,0.335,0.3383,390317.5,1717462799999,131562.08867,1073,188261.0,63456.86705,0,0.73
2024-06-04 01:00:00,0.3383,0.3383,0.3361,0.3374,145320.4,1717466399999,48966.6989,555,63771.9,21479.2675,0,0.73
2024-06-04 02:00:00,0.3375,0.3375,0.3347,0.3348,118479.7,1717469999999,39795.97369,409,50571.5,16992.51586,0,0.73
2024-06-04 03:00:00,0.3352,0.3363,0.3348,0.335,108245.6,1717473599999,36284.34761,286,56877.1,19064.70134,0,0.73
2024-06-04 04:00:00,0.3348,0.3358,0.334,0.3342,90986.4,1717477199999,30480.3602,322,36069.6,12088.67969,0,0.73
2024-06-04 05:00:00,0.3342,0.3358,0.333,0.3341,295868.6,1717480799999,98824.32697,650,148664.7,49673.10428,0,0.73
2024-06-04 06:00:00,0.334,0.3343,0.3317,0.3321,490474.4,1717484399999,163354.65664,862,147595.0,49150.54475,0,0.73
2024-06-04 07:00:00,0.332,0.3335,0.3317,0.3329,205739.8,1717487999999,68481.38758,528,123600.5,41136.9475,0,0.73
2024-06-04 08:00:00,0.3331,0.3345,0.3317,0.3325,201077.6,1717491599999,66992.51738,854,103180.0,34378.8302,0,0.73
2024-06-04 09:00:00,0.3324,0.3326,0.3304,0.3309,358758.4,1717495199999,118896.52723,1203,137634.5,45620.63772,0,0.73
2024-06-04 10:00:00,0.3309,0.334,0.3305,0.3335,260794.9,1717498799999,86661.19672,954,141652.3,47067.44226,0,0.73
2024-06-04 11:00:00,0.3336,0.3343,0.332,0.3334,245773.3,1717502399999,81946.60422,762,99800.4,33274.36182,0,0.73
2024-06-04 12:00:00,0.3333,0.3339,0.3319,0.3319,277874.7,1717505999999,92501.26691,910,125173.3,41678.77687,0,0.73
2024-06-04 13:00:00,0.3319,0.3351,0.3315,0.3346,430354.0,1717509599999,143387.77629,1203,232070.5,77377.70769,0,0.73
2024-06-04 14:00:00,0.3346,0.3369,0.3336,0.3359,460429.3,1717513199999,154428.23703,1524,264551.6,88732.35953,0,0.73
2024-06-04 15:00:00,0.3359,0.3391,0.3353,0.3385,310303.9,1717516799999,104748.48387,1242,162477.6,54833.81819,0,0.73
2024-06-04 16:00:00,0.3385,0.3397,0.3381,0.3393,211967.4,1717520399999,71828.90287,888,120353.6,40780.60847,0,0.73
2024-06-04 17:00:00,0.3394,0.341,0.3389,0.341,152809.9,1717523999999,51968.60629,590,66271.7,22535.42585,0,0.73
2024-06-04 18:00:00,0.341,0.3423,0.3409,0.3423,134192.7,1717527599999,45847.97619,454,67283.3,22990.9683,0,0.73
2024-06-04 19:00:00,0.3421,0.3436,0.3399,0.3418,532646.3,1717531199999,182131.77199,1114,251733.0,86086.2279,0,0.73
2024-06-04 20:00:00,0.3418,0.3426,0.3409,0.3422,273128.9,1717534799999,93272.92336,678,112072.8,38258.70097,0,0.73
2024-06-04 21:00:00,0.342,0.3448,0.342,0.3446,159578.9,1717538399999,54771.11009,507,98902.2,33954.22872,0,0.73
2024-06-04 22:00:00,0.3447,0.3459,0.3441,0.3458,302610.3,1717541999999,104497.65636,801,146089.0,50459.02952,0,0.73
2024-06-04 23:00:00,0.3458,0.3458,0.3439,0.3451,143378.4,1717545599999,49460.44356,453,50474.7,17414.12692,0,0.73
2024-06-05 00:00:00,0.345,0.3464,0.3449,0.3455,132611.3,1717549199999,45850.23897,671,58567.9,20245.17491,0,0.75
2024-06-05 01:00:00,0.3456,0.3521,0.3452,0.3516,447743.0,1717552799999,156394.97987,1196,249491.8,87099.13103,0,0.75
2024-06-05 02:00:00,0.3516,0.352,0.3488,0.3493,462884.2,1717556399999,162325.55034,750,237629.4,83296.63889,0,0.75
2024-06-05 03:00:00,0.3492,0.3499,0.3464,0.3479,531722.8,1717559999999,184728.54047,1232,211032.3,73311.91863,0,0.75
2024-06-05 04:00:00,0.3479,0.3498,0.3471,0.3485,250624.5,1717563599999,87430.53137,744,140360.8,48968.60719,0,0.75
2024-06-05 05:00:00,0.3485,0.3496,0.347,0.3491,135236.7,1717567199999,47078.34693,601,68096.3,23709.04363,0,0.75
2024-06-05 06:00:00,0.349,0.3508,0.3487,0.3497,95344.8,1717570799999,33335.5543,406,49438.3,17283.22402,0,0.75
2024-06-05 07:00:00,0.3497,0.3501,0.3467,0.3481,179302.2,1717574399999,62489.96393,747,87566.4,30539.16703,0,0.75
2024-06-05 08:00:00,0.348,0.3485,0.346,0.3468,492347.8,1717577999999,170851.43317,1088,267968.1,92959.3133,0,0.75
2024-06-05 09:00:00,0.3469,0.3474,0.3454,0.3466,110338.8,1717581599999,38223.11415,546,53825.8,18654.89625,0,0.75
2024-06-05 10:00:00,0.3467,0.3475,0.3453,0.3465,378184.0,1717585199999,130993.79599,928,228445.2,79155.98211,0,0.75
2024-06-05 11:00:00,0.3465,0.3478,0.3464,0.3471,181893.1,1717588799999,63159.46955,825,77985.3,27090.05162,0,0.75
2024-06-05 12:00:00,0.347,0.3476,0.3449,0.3465,715585.8,1717592399999,247782.37587,1450,461206.4,159706.18223,0,0.75
2024-06-05 13:00:00,0.3465,0.3469,0.3447,0.3453,264714.0,1717595999999,91524.28424,909,134961.6,46672.9222,0,0.75
2024-06-05 14:00:00,0.3453,0.3489,0.3447,0.3489,254774.9,1717599599999,88372.03659,919,131586.3,45636.18078,0,0.75
2024-06-05 15:00:00,0.349,0.35,0.3482,0.3492,182636.2,1717603199999,63769.11854,746,90495.2,31606.4073,0,0.75
2024-06-05 16:00:00,0.3492,0.3516,0.3489,0.3496,279407.3,1717606799999,97877.69288,907,143380.0,50247.39308,0,0.75
2024-06-05 17:00:00,0.3496,0.352,0.3494,0.3507,403157.5,1717610399999,141534.6695,1202,165487.6,58102.01504,0,0.75
2024-06-05 18:00:00,0.351,0.3538,0.3496,0.3499,416472.2,1717613999999,146576.88424,1179,197690.4,69558.28961,0,0.75
2024-06-05 19:00:00,0.35,0.3513,0.3488,0.3511,98251.9,1717617599999,34388.77359,450,36203.5,12677.36275,0,0.75
2024-06-05 20:00:00,0.3511,0.3513,0.3498,0.3504,113182.6,1717621199999,39664.61096,433,51471.8,18046.585,0,0.75
2024-06-05 21:00:00,0.3504,0.3509,0.3498,0.3498,338217.0,1717624799999,118515.15948,722,145225.4,50898.00832,0,0.75
2024-06-05 22:00:00,0.3498,0.3499,0.3486,0.3489,138923.3,1717628399999,48535.32292,376,73256.4,25596.5635,0,0.75
2024-06-05 23:00:00,0.3489,0.3505,0.3489,0.3504,120526.3,1717631999999,42175.6126,389,66837.6,23389.66203,0,0.75
2024-06-06 00:00:00,0.3504,0.3507,0.3492,0.3495,141690.9,1717635599999,49636.75369,351,28449.7,9958.9848,0,0.78
2024-06-06 01:00:00,0.3497,0.3513,0.3487,0.3498,93513.0,1717639199999,32727.39477,472,46864.1,16395.10561,0,0.78
2024-06-06 02:00:00,0.3497,0.3499,0.349,0.3491,37437.6,1717642799999,13085.18479,197,15533.3,5429.75336,0,0.78
2024-06-06 03:00:00,0.3492,0.3493,0.3469,0.347,66325.0,1717646399999,23099.05746,297,13651.2,4753.86194,0,0.78
2024-06-06 04:00:00,0.347,0.3474,0.3458,0.3464,237988.4,1717649999999,82456.48464,625,153202.4,53083.7934,0,0.78
2024-06-06 05:00:00,0.3462,0.3467,0.3455,0.3458,95641.6,1717653599999,33084.5526,350,41835.3,14473.99666,0,0.78
2024-06-06 06:00:00,0.3459,0.3461,0.3447,0.3452,271798.3,1717657199999,93883.4714,570,174823.6,60398.51504,0,0.78
2024-06-06 07:00:00,0.3452,0.347,0.3448,0.3469,230126.5,1717660799999,79503.79939,524,85382.6,29502.19268,0,0.78
2024-06-06 08:00:00,0.3468,0.3469,0.345,0.3453,120422.2,1717664399999,41609.27876,423,50294.8,17376.69152,0,0.78
2024-06-06 09:00:00,0.3452,0.3466,0.3451,0.3464,113735.3,1717667999999,39321.67634,436,43462.5,15026.3487,0,0.78
2024-06-06 10:00:00,0.3464,0.3476,0.3458,0.3469,230898.8,1717671599999,80037.08116,711,129444.0,44870.91389,0,0.78
2024-06-06 11:00:00,0.3468,0.3472,0.3463,0.3468,108421.1,1717675199999,37592.12224,376,50428.7,17486.73751,0,0.78
2024-06-06 12:00:00,0.3468,0.3576,0.3461,0.3534,2560415.1,1717678799999,901119.92772,6946,1292487.2,454807.81001,0,0.78
2024-06-06 13:00:00,0.3532,0.3566,0.3466,0.3482,1401369.3,1717682399999,493905.70393,3663,628639.4,222017.75609,0,0.78
2024-06-06 14:00:00,0.3482,0.3519,0.3477,0.3507,424773.4,1717685999999,148709.87415,1386,246778.5,86406.55624,0,0.78
2024-06-06 15:00:00,0.3507,0.3534,0.3498,0.3501,453999.8,1717689599999,159506.93239,1267,235328.5,82720.45009,0,0.78
2024-06-06 16:00:00,0.3501,0.3508,0.3481,0.3487,653811.2,1717693199999,228466.48619,1885,300482.5,105017.55664,0,0.78
2024-06-06 17:00:00,0.3487,0.3504,0.348,0.35,207555.2,1717696799999,72497.90285,657,72181.7,25206.34529,0,0.78
2024-06-06 18:00:00,0.3501,0.3504,0.3488,0.3497,153039.7,1717700399999,53524.82433,586,83132.2,29078.84598,0,0.78
2024-06-06 19:00:00,0.3497,0.3498,0.3437,0.3449,473239.3,1717703999999,163656.91714,1561,217928.1,75318.26232,0,0.78
2024-06-06 20:00:00,0.345,0.3473,0.3413,0.3471,624825.1,1717707599999,214964.70318,1349,245440.7,84464.11933,0,0.78
2024-06-06 21:00:00,0.3471,0.3475,0.3453,0.3458,169522.3,1717711199999,58777.45231,550,82892.6,28749.71832,0,0.78
2024-06-06 22:00:00,0.3458,0.3469,0.3453,0.3466,60982.0,1717714799999,21112.97821,271,24855.6,8601.98793,0,0.78
2024-06-06 23:00:00,0.3467,0.3471,0.3461,0.3465,71567.0,1717718399999,24800.18864,271,28550.8,9893.60834,0,0.78
2024-06-07 00:00:00,0.3463,0.3474,0.3456,0.3459,64890.1,1717721999999,22466.81636,360,16133.0,5586.59214,0,0.77
2024-06-07 01:00:00,0.3458,0.3458,0.3443,0.3448,113668.3,1717725599999,39206.22434,446,41922.1,14459.70752,0,0.77
2024-06-07 02:00:00,0.3448,0.3457,0.3438,0.3442,112147.5,1717729199999,38655.94687,479,46384.4,15991.11879,0,0.77
2024-06-07 03:00:00,0.3441,0.3446,0.3436,0.3442,76527.8,1717732799999,26336.24237,356,48843.8,16809.88522,0,0.77
2024-06-07 04:00:00,0.3444,0.3468,0.3442,0.3463,107039.1,1717736399999,36996.64501,369,50516.7,17469.31948,0,0.77
2024-06-07 05:00:00,0.3462,0.3478,0.3461,0.3476,84629.4,1717739999999,29387.10489,293,48137.4,16715.6622,0,0.77
2024-06-07 06:00:00,0.3476,0.3479,0.347,0.3477,72716.3,1717743599999,25263.27017,264,37726.3,13107.0162,0,0.77
2024-06-07 07:00:00,0.3476,0.3477,0.3462,0.3468,115058.9,1717747199999,39942.36741,325,27545.7,9561.16406,0,0.77
2024-06-07 08:00:00,0.3468,0.3472,0.3463,0.3467,119574.3,1717750799999,41461.70362,320,39758.7,13789.96146,0,0.77
2024-06-07 09:00:00,0.3467,0.3468,0.3454,0.346,166605.0,1717754399999,57677.90004,588,62211.6,21537.98334,0,0.77
2024-06-07 10:00:00,0.3459,0.3474,0.3456,0.347,200943.2,1717757999999,69566.38315,660,85082.2,29448.19177,0,0.77
2024-06-07 11:00:00,0.3471,0.3501,0.3466,0.3494,131315.6,1717761599999,45731.59065,679,80210.1,27935.95574,0,0.77
2024-06-07 12:00:00,0.3495,0.3507,0.3416,0.3473,722069.1,1717765199999,249804.11577,2232,368821.9,127555.52393,0,0.77
2024-06-07 13:00:00,0.3474,0.3523,0.3466,0.3516,220322.8,1717768799999,77130.07055,973,117936.0,41287.05213,0,0.77
2024-06-07 14:00:00,0.352,0.3532,0.3502,0.3528,114293.1,1717772399999,40190.36045,581,53473.4,18808.40964,0,0.77
2024-06-07 15:00:00,0.3527,0.3532,0.3492,0.3502,286660.0,1717775999999,100635.76238,1349,126000.6,44244.43117,0,0.77
2024-06-07 16:00:00,0.3501,0.3505,0.3455,0.3465,272234.9,1717779599999,94775.77079,920,152468.2,53073.89361,0,0.77
2024-06-07 17:00:00,0.3466,0.3466,0.3398,0.3398,389832.3,1717783199999,133768.00828,1605,159919.7,54897.76545,0,0.77
2024-06-07 18:00:00,0.3397,0.3404,0.2911,0.3134,4723761.4,1717786799999,1469555.96584,12823,2114327.2,655864.305,0,0.77
2024-06-07 19:00:00,0.3134,0.3149,0.3088,0.3131,687794.4,1717790399999,214468.32712,2795,388911.5,121271.90691,0,0.77
2024-06-07 20:00:00,0.313,0.3163,0.3117,0.3152,671481.0,1717793999999,210566.14477,1361,404190.1,126718.46423,0,0.77
2024-06-07 21:00:00,0.3151,0.3164,0.3144,0.3158,405083.9,1717797599999,127715.59077,1140,293259.6,92447.51317,0,0.77
2024-06-07 22:00:00,0.3157,0.3177,0.3143,0.3163,429385.1,1717801199999,135729.99077,1197,241390.9,76316.18271,0,0.77
2024-06-07 23:00:00,0.3163,0.317,0.3156,0.3162,285527.0,1717804799999,90329.31823,716,188726.6,59704.94082,0,0.77
2024-06-08 00:00:00,0.3163,0.3171,0.3135,0.3169,338689.6,1717808399999,106608.62025,1055,217805.9,68553.42888,0,0.72
2024-06-08 01:00:00,0.3167,0.319,0.3164,0.3182,207838.7,1717811999999,66004.54307,626,114273.4,36304.34303,0,0.72
2024-06-08 02:00:00,0.3181,0.3189,0.3171,0.3186,117429.8,1717815599999,37335.9592,399,64153.3,20395.67397,0,0.72
2024-06-08 03:00:00,0.3184,0.3195,0.3178,0.3182,331814.0,1717819199999,105767.12604,816,179275.7,57136.1772,0,0.72
2024-06-08 04:00:00,0.3181,0.3189,0.3172,0.3174,119552.6,1717822799999,38041.3798,411,74999.2,23872.13674,0,0.72
2024-06-08 05:00:00,0.3173,0.3178,0.3164,0.3171,94894.4,1717826399999,30087.66568,487,50496.5,16009.67007,0,0.72
2024-06-08 06:00:00,0.317,0.3171,0.3149,0.316,241518.1,1717829999999,76259.95754,660,84083.3,26558.91462,0,0.72
2024-06-08 07:00:00,0.3161,0.3166,0.3153,0.3159,303505.0,1717833599999,95918.89712,683,131232.0,41479.09651,0,0.72
2024-06-08 08:00:00,0.3159,0.3159,0.3136,0.3142,195069.3,1717837199999,61327.19739,653,72821.6,22888.01011,0,0.72
2024-06-08 09:00:00,0.3141,0.3147,0.3135,0.3138,156688.0,1717840799999,49193.53636,516,73661.5,23131.79061,0,0.72
2024-06-08 10:00:00,0.3138,0.3141,0.3124,0.3134,155587.8,1717844399999,48749.28833,425,102603.3,32147.05665,0,0.72
2024-06-08 11:00:00,0.3134,0.3136,0.3067,0.3069,465607.9,1717847999999,144018.65056,1044,197141.3,60959.25467,0,0.72
2024-06-08 12:00:00,0.3069,0.3092,0.3049,0.3064,524846.1,1717851599999,160911.31472,1269,245733.5,75326.19378,0,0.72
2024-06-08 13:00:00,0.3064,0.3067,0.3015,0.3063,639682.1,1717855199999,194433.82992,1424,288275.3,87637.52046,0,0.72
2024-06-08 14:00:00,0.3061,0.3062,0.3026,0.3058,373839.9,1717858799999,113795.93707,858,209978.6,63912.7238,0,0.72
2024-06-08 15:00:00,0.3058,0.306,0.3038,0.3044,261445.8,1717862399999,79662.22002,662,100442.7,30609.27695,0,0.72
2024-06-08 16:00:00,0.304,0.3049,0.3013,0.3021,235632.9,1717865999999,71347.02315,743,122048.5,36972.81101,0,0.72
2024-06-08 17:00:00,0.3018,0.3039,0.2995,0.303,464896.0,1717869599999,140452.48716,1539,202658.2,61234.92999,0,0.72
2024-06-08 18:00:00,0.3029,0.3063,0.3027,0.3036,250956.6,1717873199999,76471.03198,1031,133935.8,40807.02152,0,0.72
2024-06-08 19:00:00,0.3037,0.3046,0.3012,0.3019,241735.4,1717876799999,73161.86581,1033,130925.3,39633.3251,0,0.72
2024-06-08 20:00:00,0.3019,0.3024,0.3,0.3008,198878.9,1717880399999,59937.72589,816,109956.2,33140.36053,0,0.72
2024-06-08 21:00:00,0.3007,0.3017,0.2999,0.3006,129379.0,1717883999999,38912.46158,525,75861.8,22816.1141,0,0.72
2024-06-08 22:00:00,0.3005,0.3012,0.2977,0.3006,333432.9,1717887599999,99842.97894,1329,182522.7,54661.3606,0,0.72
2024-06-08 23:00:00,0.3004,0.3023,0.2994,0.3022,161592.3,1717891199999,48583.20241,704,102054.1,30693.84286,0,0.72
2024-06-09 00:00:00,0.3018,0.3027,0.3011,0.3022,285736.4,1717894799999,86250.57359,1135,145274.2,43858.51485,0,0.75
2024-06-09 01:00:00,0.3023,0.3044,0.3021,0.304,133156.1,1717898399999,40393.086,653,66360.5,20130.39335,0,0.75
2024-06-09 02:00:00,0.3039,0.3039,0.2995,0.3,168977.9,1717901999999,50925.19297,692,86441.7,26049.47134,0,0.75
2024-06-09 03:00:00,0.3003,0.3019,0.2995,0.3015,126032.9,1717905599999,37865.06712,492,61815.1,18569.88624,0,0.75
2024-06-09 04:00:00,0.3015,0.3024,0.3007,0.301,58531.8,1717909199999,17651.87538,233,23250.4,7017.66708,0,0.75
2024-06-09 05:00:00,0.3011,0.3039,0.2991,0.3036,165343.3,1717912799999,49984.15356,739,77544.6,23446.92997,0,0.75
2024-06-09 06:00:00,0.3037,0.3043,0.3025,0.3041,137519.0,1717916399999,41753.04544,437,58786.8,17863.07756,0,0.75
2024-06-09 07:00:00,0.3041,0.3048,0.3038,0.304,56376.0,1717919999999,17160.98198,230,28424.0,8652.92417,0,0.75
2024-06-09 08:00:00,0.3039,0.3051,0.3034,0.3048,94948.6,1717923599999,28865.22101,393,49346.8,15006.42051,0,0.75
2024-06-09 09:00:00,0.3048,0.3051,0.3043,0.3045,128843.3,1717927199999,39248.52636,372,68845.5,20970.7434,0,0.75
2024-06-09 10:00:00,0.3044,0.3046,0.3037,0.3037,85684.1,1717930799999,26055.03892,380,54936.1,16705.23948,0,0.75
2024-06-09 11:00:00,0.3038,0.3049,0.3037,0.3041,69804.8,1717934399999,21228.95782,284,34470.7,10484.36046,0,0.75
2024-06-09 12:00:00,0.304,0.3069,0.3036,0.3069,208660.5,1717937999999,63714.83687,683,120451.8,36783.46711,0,0.75
2024-06-09 13:00:00,0.3068,0.3071,0.3035,0.3049,229907.6,1717941599999,70098.55621,651,79212.4,24173.82629,0,0.75
2024-06-09 14:00:00,0.305,0.306,0.3036,0.3059,134448.7,1717945199999,41041.82444,448,91767.3,28020.81558,0,0.75
2024-06-09 15:00:00,0.3058,0.306,0.3046,0.3048,107505.4,1717948799999,32824.24175,442,34554.1,10555.45385,0,0.75
2024-06-09 16:00:00,0.3049,0.3061,0.3048,0.3061,57084.3,1717952399999,17441.70339,271,20552.8,6277.01056,0,0.75
2024-06-09 17:00:00,0.3061,0.3062,0.3052,0.3056,85544.0,1717955999999,26157.26161,322,36182.4,11061.64941,0,0.75
2024-06-09 18:00:00,0.3056,0.3074,0.3051,0.3073,142288.5,1717959599999,43612.31965,426,88383.3,27082.74885,0,0.75
2024-06-09 19:00:00,0.3072,0.3077,0.3064,0.3066,179772.4,1717963199999,55221.23159,466,89778.4,27578.40734,0,0.75
2024-06-09 20:00:00,0.3066,0.3067,0.3049,0.3057,90320.4,1717966799999,27595.3885,283,55950.8,17090.79422,0,0.75
2024-06-09 21:00:00,0.3057,0.3069,0.3056,0.3064,165982.2,1717970399999,50823.18061,505,101524.4,31091.92954,0,0.75
2024-06-09 22:00:00,0.3065,0.3065,0.3057,0.306,108650.8,1717973999999,33261.92075,332,35755.0,10944.59351,0,0.75
2024-06-09 23:00:00,0.3061,0.3066,0.3058,0.306,90209.9,1717977599999,27616.3456,265,21957.0,6722.60718,0,0.75
2024-06-10 00:00:00,0.306,0.306,0.3042,0.3052,96215.2,1717981199999,29353.54417,316,40214.7,12268.34674,0,0.72
2024-06-10 01:00:00,0.3051,0.3069,0.3046,0.3058,68017.6,1717984799999,20797.36669,339,32021.7,9798.96467,0,0.72
2024-06-10 02:00:00,0.3056,0.3062,0.3046,0.3048,66234.6,1717988399999,20222.33178,200,35402.0,10809.72795,0,0.72
2024-06-10 03:00:00,0.3048,0.3052,0.3025,0.303,90411.4,1717991999999,27463.9363,313,40868.1,12417.06348,0,0.72
2024-06-10 04:00:00,0.303,0.3043,0.3021,0.3041,120575.2,1717995599999,36572.93268,417,75020.3,22754.22359,0,0.72
2024-06-10 05:00:00,0.3041,0.3041,0.3018,0.3026,155216.5,1717999199999,47002.64324,458,86889.1,26306.25468,0,0.72
2024-06-10 06:00:00,0.3028,0.3032,0.3003,0.301,187131.3,1718002799999,56508.2674,445,66689.7,20129.9758,0,0.72
2024-06-10 07:00:00,0.3012,0.3018,0.2983,0.2989,189558.0,1718006399999,56906.968,609,104307.5,31312.63331,0,0.72
2024-06-10 08:00:00,0.2988,0.3032,0.2987,0.3029,149795.8,1718009999999,45108.85094,543,96446.1,29025.05258,0,0.72
2024-06-10 09:00:00,0.3027,0.3058,0.3027,0.3056,144656.3,1718013599999,43982.85117,432,78717.4,23941.2209,0,0.72
2024-06-10 10:00:00,0.3056,0.3062,0.3042,0.3047,213500.5,1718017199999,65103.32217,467,111321.9,33962.30822,0,0.72
2024-06-10 11:00:00,0.3047,0.3063,0.3039,0.3049,68520.3,1718020799999,20893.51306,197,27358.4,8343.60353,0,0.72
2024-06-10 12:00:00,0.3048,0.305,0.3023,0.3028,244433.5,1718024399999,74183.29778,579,62151.3,18854.64758,0,0.72
2024-06-10 13:00:00,0.3029,0.3042,0.3013,0.3031,162782.0,1718027999999,49281.90401,636,91844.6,27804.91515,0,0.72
2024-06-10 14:00:00,0.3029,0.3054,0.3021,0.305,100438.4,1718031599999,30500.69861,346,63641.3,19325.96401,0,0.72
2024-06-10 15:00:00,0.3053,0.3084,0.3052,0.3082,297093.8,1718035199999,91363.80707,550,80414.1,24706.86067,0,0.72
2024-06-10 16:00:00,0.3084,0.3087,0.3062,0.3081,268978.4,1718038799999,82752.06371,460,111132.5,34172.84955,0,0.72
2024-06-10 17:00:00,0.308,0.3083,0.3067,0.3083,83786.2,1718042399999,25765.04133,327,23998.3,7378.13889,0,0.72
2024-06-10 18:00:00,0.3083,0.3092,0.3054,0.3072,89420.1,1718045999999,27492.36181,452,28394.0,8729.88665,0,0.72
2024-06-10 19:00:00,0.3071,0.3072,0.3043,0.3049,109893.0,1718049599999,33570.42821,683,52277.0,15966.89778,0,0.72
2024-06-10 20:00:00,0.3044,0.3047,0.3016,0.303,257082.3,1718053199999,77910.00202,754,104118.5,31545.65053,0,0.72
2024-06-10 21:00:00,0.3028,0.304,0.3015,0.3029,78661.3,1718056799999,23798.30704,357,42735.8,12933.96254,0,0.72
2024-06-10 22:00:00,0.3028,0.3028,0.3007,0.3025,122757.8,1718060399999,37060.23488,402,46385.4,14019.70233,0,0.72
2024-06-10 23:00:00,0.3027,0.3031,0.3008,0.3026,112996.3,1718063999999,34060.75866,361,55917.5,16846.35117,0,0.72
2024-06-11 00:00:00,0.3024,0.3028,0.3002,0.3008,224587.0,1718067599999,67681.82012,726,77801.5,23445.2786,0,0.74
2024-06-11 01:00:00,0.3009,0.3027,0.2919,0.2959,524773.3,1718071199999,155829.93037,1587,258028.4,76693.04861,0,0.74
2024-06-11 02:00:00,0.2955,0.2987,0.2926,0.2974,543521.4,1718074799999,160570.59072,1867,292032.9,86270.85966,0,0.74
2024-06-11 03:00:00,0.2974,0.2985,0.2959,0.2981,539955.3,1718078399999,160529.36261,1028,217903.4,64792.9988,0,0.74
2024-06-11 04:00:00,0.2976,0.2991,0.2948,0.2977,262347.9,1718081999999,77940.37078,857,113703.3,33746.00558,0,0.74
2024-06-11 05:00:00,0.2976,0.2977,0.2961,0.2977,73405.9,1718085599999,21797.26192,343,27837.9,8267.55749,0,0.74
2024-06-11 06:00:00,0.2977,0.2983,0.2933,0.2953,251235.9,1718089199999,74334.25705,557,109864.2,32546.06985,0,0.74
2024-06-11 07:00:00,0.2945,0.2973,0.2938,0.2959,99382.1,1718092799999,29397.23487,329,52460.9,15513.39888,0,0.74
2024-06-11 08:00:00,0.2957,0.2969,0.2951,0.2961,216054.0,1718096399999,63954.65091,493,88125.7,26109.931,0,0.74
2024-06-11 09:00:00,0.2963,0.2967,0.2948,0.2955,112858.2,1718099999999,33363.49165,279,49806.0,14736.08355,0,0.74
2024-06-11 10:00:00,0.2957,0.2989,0.295,0.2973,198846.5,1718103599999,59195.35696,437,101865.5,30337.35837,0,0.74
2024-06-11 11:00:00,0.2975,0.2976,0.2954,0.2967,258115.3,1718107199999,76538.64148,662,167904.3,49787.26565,0,0.74
2024-06-11 12:00:00,0.2965,0.2972,0.2938,0.2938,271643.2,1718110799999,80356.65946,610,143091.1,42371.83684,0,0.74
2024-06-11 13:00:00,0.2938,0.2949,0.2881,0.2893,556193.8,1718114399999,161612.85448,1557,259708.4,75468.83141,0,0.74
2024-06-11 14:00:00,0.2893,0.2919,0.2885,0.2915,224184.1,1718117999999,65149.31148,610,104152.2,30279.02075,0,0.74
2024-06-11 15:00:00,0.2916,0.2924,0.2829,0.2871,1122592.0,1718121599999,321461.0434,2619,537294.2,153893.46421,0,0.74
2024-06-11 16:00:00,0.2867,0.2909,0.286,0.2876,369496.9,1718125199999,106723.99348,1005,194144.4,56129.70769,0,0.74
2024-06-11 17:00:00,0.288,0.2901,0.2837,0.2888,224015.3,1718128799999,64271.50617,508,108156.9,31052.21109,0,0.74
2024-06-11 18:00:00,0.289,0.2919,0.289,0.2909,90981.9,1718132399999,26407.33348,192,43516.7,12628.2538,0,0.74
2024-06-11 19:00:00,0.2909,0.2912,0.2886,0.2907,134159.4,1718135999999,38962.61381,397,50455.7,14663.41157,0,0.74
2024-06-11 20:00:00,0.2907,0.2907,0.2897,0.2903,71824.0,1718139599999,20841.97087,186,32105.2,9314.57784,0,0.74
2024-06-11 21:00:00,0.2904,0.291,0.2897,0.2908,36116.1,1718143199999,10483.19755,144,20345.6,5905.34879,0,0.74
2024-06-11 22:00:00,0.2908,0.2911,0.2893,0.2895,39992.5,1718146799999,11600.51318,167,17488.9,5071.80422,0,0.74
2024-06-11 23:00:00,0.2896,0.2904,0.288,0.2887,69501.6,1718150399999,20101.17983,251,33908.6,9815.63762,0,0.74
2024-06-12 00:00:00,0.2888,0.2903,0.2876,0.2881,156483.5,1718153999999,45172.85791,463,94478.3,27264.51503,0,0.72
2024-06-12 01:00:00,0.288,0.2896,0.2831,0.2869,400889.1,1718157599999,114700.34885,1075,187625.4,53733.65143,0,0.72
2024-06-12 02:00:00,0.2868,0.2912,0.2863,0.2907,170204.4,1718161199999,49295.84116,385,74841.7,21666.67576,0,0.72
2024-06-12 03:00:00,0.2908,0.2921,0.2902,0.292,70686.3,1718164799999,20569.69358,118,31233.0,9088.93152,0,0.72
2024-06-12 04:00:00,0.2919,0.2929,0.291,0.2924,80283.4,1718168399999,23456.51146,187,46172.3,13484.50502,0,0.72
2024-06-12 05:00:00,0.2924,0.2925,0.2904,0.291,129833.3,1718171999999,37811.08994,232,54222.2,15794.44382,0,0.72
2024-06-12 06:00:00,0.2911,0.2923,0.2907,0.2909,126297.2,1718175599999,36810.0181,264,54221.3,15810.72388,0,0.72
2024-06-12 07:00:00,0.2914,0.2924,0.2905,0.2921,138129.1,1718179199999,40225.06368,259,43667.1,12732.0128,0,0.72
2024-06-12 08:00:00,0.2921,0.2933,0.2917,0.2922,125804.1,1718182799999,36778.5001,268,70913.8,20728.38599,0,0.72
2024-06-12 09:00:00,0.2922,0.294,0.2914,0.2936,102387.4,1718186399999,29938.74519,305,61095.5,17869.11697,0,0.72
2024-06-12 10:00:00,0.2936,0.2948,0.2934,0.2944,109679.5,1718189999999,32275.11654,425,49320.7,14511.48416,0,0.72
2024-06-12 11:00:00,0.2942,0.2945,0.2922,0.2925,74858.2,1718193599999,21956.53547,304,41513.7,12175.60378,0,0.72
2024-06-12 12:00:00,0.2924,0.3028,0.2924,0.3018,690214.6,1718197199999,206525.90533,1865,373700.2,111866.92326,0,0.72
2024-06-12 13:00:00,0.3021,0.3036,0.3007,0.3009,316525.0,1718200799999,95519.83111,895,166037.1,50128.8614,0,0.72
2024-06-12 14:00:00,0.3016,0.3047,0.301,0.304,448498.3,1718204399999,136128.14994,775,203430.7,61752.11676,0,0.72
2024-06-12 15:00:00,0.3037,0.3048,0.3019,0.3026,162953.2,1718207999999,49411.21011,402,67396.7,20447.9288,0,0.72
2024-06-12 16:00:00,0.3024,0.3035,0.3006,0.3025,238281.9,1718211599999,71995.10132,453,124959.3,37764.5828,0,0.72
2024-06-12 17:00:00,0.3024,0.3042,0.3018,0.3039,88027.5,1718215199999,26653.92985,346,50382.3,15260.97517,0,0.72
2024-06-12 18:00:00,0.3038,0.3049,0.2965,0.301,1203959.2,1718218799999,363514.17494,3219,514818.3,155269.31251,0,0.72
2024-06-12 19:00:00,0.3011,0.3059,0.2953,0.2971,464326.1,1718222399999,139193.71986,1723,224205.6,67268.86772,0,0.72
2024-06-12 20:00:00,0.2973,0.3021,0.2956,0.302,152007.7,1718225999999,45579.11909,450,96634.0,28994.13299,0,0.72
2024-06-12 21:00:00,0.302,0.3031,0.3016,0.302,152953.4,1718229599999,46224.10336,385,79620.4,24060.14357,0,0.72
2024-06-12 22:00:00,0.302,0.3023,0.3007,0.302,95947.6,1718233199999,28930.97046,195,44014.1,13275.60388,0,0.72
2024-06-12 23:00:00,0.3019,0.302,0.3009,0.3016,54871.4,1718236799999,16541.46646,118,19226.1,5796.54004,0,0.72
2024-06-13 00:00:00,0.3017,0.3025,0.3,0.3023,165966.2,1718240399999,50049.95033,535,101194.3,30530.63842,0,0.7
2024-06-13 01:00:00,0.3022,0.3024,0.2994,0.2999,115887.1,1718243999999,34875.0374,419,60446.7,18188.06692,0,0.7
2024-06-13 02:00:00,0.2998,0.3005,0.296,0.2962,135928.4,1718247599999,40556.65433,559,56122.8,16751.88714,0,0.7
2024-06-13 03:00:00,0.2962,0.297,0.2917,0.2967,241610.7,1718251199999,71186.9864,1027,105615.1,31089.50825,0,0.7
2024-06-13 04:00:00,0.297,0.2977,0.2955,0.2961,310526.3,1718254799999,92221.41585,689,216188.0,64239.05058,0,0.7
2024-06-13 05:00:00,0.2961,0.2972,0.2955,0.2962,118263.4,1718258399999,35019.19727,277,64256.6,19022.81597,0,0.7
2024-06-13 06:00:00,0.2959,0.2961,0.2938,0.2938,91931.2,1718261999999,27119.19106,431,40340.9,11901.04807,0,0.7
2024-06-13 07:00:00,0.2938,0.2957,0.2932,0.2952,98004.1,1718265599999,28854.24959,309,37266.6,10975.57019,0,0.7
2024-06-13 08:00:00,0.2951,0.2964,0.2949,0.2955,84865.9,1718269199999,25067.98102,289,51747.0,15284.98716,0,0.7
2024-06-13 09:00:00,0.2952,0.2957,0.2937,0.2955,92347.6,1718272799999,27211.31196,428,54312.4,16002.97031,0,0.7
2024-06-13 10:00:00,0.2954,0.2963,0.2938,0.2959,113264.0,1718276399999,33378.62498,301,31983.1,9436.40347,0,0.7
2024-06-13 11:00:00,0.2955,0.2959,0.2937,0.2943,103447.0,1718279999999,30488.22123,341,64927.7,19137.42132,0,0.7
2024-06-13 12:00:00,0.2941,0.2983,0.2927,0.2943,256083.3,1718283599999,75736.97137,772,125861.7,37222.86009,0,0.7
2024-06-13 13:00:00,0.2942,0.2974,0.2933,0.2953,126051.6,1718287199999,37260.16133,267,62039.2,18349.06529,0,0.7
2024-06-13 14:00:00,0.2954,0.297,0.2929,0.2956,212431.5,1718290799999,62642.28475,472,113361.9,33441.98397,0,0.7
2024-06-13 15:00:00,0.2953,0.2961,0.2887,0.2893,250829.9,1718294399999,73021.42631,666,106645.7,31061.67743,0,0.7
2024-06-13 16:00:00,0.2894,0.2914,0.2864,0.291,394095.4,1718297999999,114223.58777,793,126979.8,36829.6436,0,0.7
2024-06-13 17:00:00,0.2911,0.2927,0.2908,0.2925,114796.1,1718301599999,33471.95653,300,68925.1,20098.34802,0,0.7
2024-06-13 18:00:00,0.2925,0.2935,0.2919,0.2931,107973.8,1718305199999,31570.56267,439,33505.4,9801.43445,0,0.7
2024-06-13 19:00:00,0.2932,0.2939,0.2921,0.2921,67772.5,1718308799999,19850.79951,164,26545.2,7772.32507,0,0.7
2024-06-13 20:00:00,0.2922,0.2929,0.2907,0.2913,47088.5,1718312399999,13743.47718,168,30345.7,8858.19397,0,0.7
2024-06-13 21:00:00,0.2914,0.2928,0.2892,0.2922,337151.1,1718315999999,97912.97372,465,136585.9,39728.30399,0,0.7
2024-06-13 22:00:00,0.2922,0.2922,0.2903,0.2914,73003.5,1718319599999,21253.39826,169,23752.3,6914.90909,0,0.7
2024-06-13 23:00:00,0.2914,0.2915,0.2887,0.2909,125781.4,1718323199999,36508.68004,332,61131.2,17741.39608,0,0.7
2024-06-14 00:00:00,0.2911,0.2919,0.2881,0.2901,205413.1,1718326799999,59621.56427,638,104958.5,30473.20493,0,0.74
2024-06-14 01:00:00,0.2901,0.293,0.2885,0.293,227301.4,1718330399999,66049.53198,619,111007.1,32273.78968,0,0.74
2024-06-14 02:00:00,0.2931,0.2941,0.292,0.2936,190676.3,1718333999999,55940.08862,396,57501.2,16870.13698,0,0.74
2024-06-14 03:00:00,0.2934,0.294,0.2913,0.2913,118616.1,1718337599999,34725.78197,286,55443.4,16239.38707,0,0.74
2024-06-14 04:00:00,0.2919,0.2923,0.2912,0.2915,53729.9,1718341199999,15681.49777,138,22010.5,6425.144,0,0.74
2024-06-14 05:00:00,0.2918,0.2934,0.2917,0.2928,152743.9,1718344799999,44681.80802,191,102078.9,29854.43086,0,0.74
2024-06-14 06:00:00,0.2927,0.2937,0.292,0.2928,73765.9,1718348399999,21584.94334,145,28933.9,8466.40926,0,0.74
2024-06-14 07:00:00,0.2929,0.294,0.2925,0.2935,71857.8,1718351999999,21067.07441,170,35848.8,10511.59341,0,0.74
2024-06-14 08:00:00,0.2933,0.2949,0.2929,0.2939,174251.9,1718355599999,51236.22716,393,74285.0,21851.93986,0,0.74
2024-06-14 09:00:00,0.2938,0.294,0.2926,0.2934,108295.1,1718359199999,31787.16461,286,55269.0,16227.57808,0,0.74
2024-06-14 10:00:00,0.2933,0.2949,0.2927,0.2943,97849.4,1718362799999,28772.26878,319,45848.8,13483.25706,0,0.74
2024-06-14 11:00:00,0.2942,0.2951,0.2933,0.2946,145069.2,1718366399999,42690.65877,382,84961.6,24998.88043,0,0.74
2024-06-14 12:00:00,0.2947,0.2955,0.2937,0.2944,140823.6,1718369999999,41494.92505,304,32751.8,9651.68939,0,0.74
2024-06-14 13:00:00,0.2945,0.2956,0.2937,0.2951,90152.8,1718373599999,26594.95279,314,52914.4,15610.82175,0,0.74
2024-06-14 14:00:00,0.2951,0.2954,0.289,0.2923,323430.2,1718377199999,94361.35471,854,185620.7,54186.29338,0,0.74
2024-06-14 15:00:00,0.2921,0.2936,0.2891,0.2902,180530.6,1718380799999,52562.80059,550,84075.0,24486.82186,0,0.74
2024-06-14 16:00:00,0.2903,0.2907,0.278,0.2809,1540192.0,1718384399999,433448.63522,2978,632654.2,177934.50242,0,0.74
2024-06-14 17:00:00,0.2809,0.2813,0.2772,0.2789,297240.4,1718387999999,82887.90618,714,171500.4,47829.53426,0,0.74
2024-06-14 18:00:00,0.2788,0.2789,0.2746,0.2767,397959.6,1718391599999,109996.59041,888,169950.6,47017.03022,0,0.74
2024-06-14 19:00:00,0.2765,0.2777,0.2745,0.275,180048.3,1718395199999,49692.82697,466,100909.2,27871.46312,0,0.74
2024-06-14 20:00:00,0.2749,0.2766,0.2747,0.2751,205809.1,1718398799999,56646.15231,477,116407.4,32042.23199,0,0.74
2024-06-14 21:00:00,0.2751,0.2817,0.2747,0.2805,334313.8,1718402399999,93369.4819,964,190692.2,53287.58383,0,0.74
2024-06-14 22:00:00,0.2804,0.2804,0.2772,0.2787,159485.5,1718405999999,44470.40815,424,83587.5,23303.618,0,0.74
2024-06-14 23:00:00,0.2787,0.2791,0.2775,0.2788,52323.9,1718409599999,14558.65138,148,28216.7,7849.80556,0,0.74
2024-06-15 00:00:00,0.2788,0.2796,0.2775,0.2789,158854.5,1718413199999,44255.57809,415,83263.7,23205.5526,0,0.74
2024-06-15 01:00:00,0.2789,0.2799,0.2773,0.2776,135519.2,1718416799999,37730.24468,355,57846.5,16114.49312,0,0.74
2024-06-15 02:00:00,0.2777,0.2797,0.2776,0.2794,90369.7,1718420399999,25173.40014,282,52030.9,14496.7121,0,0.74
2024-06-15 03:00:00,0.2793,0.2811,0.2793,0.2809,85556.3,1718423999999,23968.68998,206,38706.4,10850.60714,0,0.74
2024-06-15 04:00:00,0.281,0.2819,0.2799,0.2809,62828.1,1718427599999,17669.08558,212,40979.7,11529.74346,0,0.74
2024-06-15 05:00:00,0.2807,0.2821,0.2807,0.2817,67192.5,1718431199999,18920.7062,183,35936.5,10120.18179,0,0.74
2024-06-15 06:00:00,0.2818,0.2836,0.2818,0.2828,191446.5,1718434799999,54105.42263,421,62104.5,17554.77902,0,0.74
2024-06-15 07:00:00,0.2828,0.2838,0.2823,0.2825,90083.3,1718438399999,25488.75499,255,49205.1,13917.8547,0,0.74
2024-06-15 08:00:00,0.2824,0.2831,0.2823,0.2828,125253.3,1718441999999,35425.79726,315,29390.3,8313.75101,0,0.74
2024-06-15 09:00:00,0.283,0.2833,0.2814,0.2822,86103.9,1718445599999,24327.21584,245,34057.7,9620.17089,0,0.74
2024-06-15 10:00:00,0.2823,0.2827,0.2818,0.2827,90370.7,1718449199999,25507.24428,207,44478.0,12559.38426,0,0.74
2024-06-15 11:00:00,0.2827,0.283,0.2819,0.2823,102449.3,1718452799999,28918.45832,202,18446.8,5209.96665,0,0.74
2024-06-15 12:00:00,0.2824,0.2838,0.2818,0.2835,65671.0,1718456399999,18544.30081,233,44243.9,12493.61021,0,0.74
2024-06-15 13:00:00,0.2834,0.2839,0.2825,0.2838,69004.3,1718459999999,19549.80772,255,40624.7,11511.21964,0,0.74
2024-06-15 14:00:00,0.2837,0.2838,0.2816,0.2829,134049.0,1718463599999,37871.39916,440,88045.9,24867.6206,0,0.74
2024-06-15 15:00:00,0.2828,0.2845,0.2827,0.2836,117232.4,1718467199999,33244.3209,449,70876.8,20099.40211,0,0.74
2024-06-15 16:00:00,0.2837,0.2845,0.2832,0.2833,85958.1,1718470799999,24407.33719,321,50544.9,14355.28471,0,0.74
2024-06-15 17:00:00,0.2834,0.284,0.2829,0.2836,66321.6,1718474399999,18788.27296,245,26705.0,7566.86774,0,0.74
2024-06-15 18:00:00,0.2836,0.2836,0.2822,0.2827,41038.6,1718477999999,11600.33095,191,16491.3,4661.90561,0,0.74
2024-06-15 19:00:00,0.2826,0.2835,0.2816,0.2824,117812.8,1718481599999,33298.86085,429,84089.3,23768.36265,0,0.74
2024-06-15 20:00:00,0.2823,0.2828,0.2807,0.2821,132321.5,1718485199999,37305.68836,479,74597.1,21031.48128,0,0.74
2024-06-15 21:00:00,0.2822,0.2827,0.2819,0.2827,94089.4,1718488799999,26556.06503,167,46817.2,13214.2941,0,0.74
2024-06-15 22:00:00,0.2825,0.2833,0.282,0.2833,38352.3,1718492399999,10837.74145,179,20918.0,5912.07689,0,0.74
2024-06-15 23:00:00,0.2832,0.2835,0.2828,0.2832,35998.5,1718495999999,10193.03116,125,14845.7,4204.93344,0,0.74
2024-06-16 00:00:00,0.2832,0.2838,0.2824,0.2825,62018.8,1718499599999,17571.33938,268,31235.6,8851.66276,0,0.71
2024-06-16 01:00:00,0.2823,0.2836,0.2809,0.2824,111761.7,1718503199999,31532.32996,408,62467.2,17623.183,0,0.71
2024-06-16 02:00:00,0.2822,0.2824,0.2807,0.2809,56972.9,1718506799999,16046.59803,246,22429.7,6316.97484,0,0.71
2024-06-16 03:00:00,0.2809,0.2812,0.2791,0.2797,89727.7,1718510399999,25113.37846,306,34304.7,9611.57745,0,0.71
2024-06-16 04:00:00,0.2795,0.2805,0.2781,0.2789,362740.5,1718513999999,101311.573,617,130067.9,36372.34535,0,0.71
2024-06-16 05:00:00,0.2789,0.2811,0.2788,0.2809,91010.2,1718517599999,25494.177,328,64155.3,17973.67388,0,0.71
2024-06-16 06:00:00,0.281,0.2818,0.2802,0.2812,104348.5,1718521199999,29343.07428,401,30611.6,8605.58535,0,0.71
2024-06-16 07:00:00,0.2813,0.2818,0.2808,0.2808,146580.5,1718524799999,41234.54669,416,79402.1,22345.52751,0,0.71
2024-06-16 08:00:00,0.281,0.2812,0.2797,0.2799,85819.5,1718528399999,24084.12825,215,29664.5,8326.57528,0,0.71
2024-06-16 09:00:00,0.28,0.2808,0.2793,0.2808,159495.0,1718531999999,44699.47593,342,63760.1,17873.77715,0,0.71
2024-06-16 10:00:00,0.2809,0.282,0.2798,0.2819,261728.9,1718535599999,73532.89112,525,112617.7,31646.53166,0,0.71
2024-06-16 11:00:00,0.2821,0.2822,0.28,0.2805,89183.2,1718539199999,25065.6153,249,22619.1,6356.27282,0,0.71
2024-06-16 12:00:00,0.2805,0.2809,0.279,0.2806,446984.9,1718542799999,125031.3791,771,182164.2,50956.23765,0,0.71
2024-06-16 13:00:00,0.2809,0.2819,0.2805,0.2814,94755.7,1718546399999,26651.58985,224,45884.2,12904.32019,0,0.71
2024-06-16 14:00:00,0.2816,0.2826,0.2805,0.2809,71049.5,1718549999999,20004.50913,220,25076.6,7063.40438,0,0.71
2024-06-16 15:00:00,0.2809,0.282,0.2809,0.2819,58389.0,1718553599999,16440.83774,139,32319.7,9101.27344,0,0.71
2024-06-16 16:00:00,0.2819,0.282,0.2813,0.2817,37667.7,1718557199999,10608.88592,142,14815.5,4172.49056,0,0.71
2024-06-16 17:00:00,0.2818,0.2819,0.278,0.2794,461680.5,1718560799999,129591.5541,618,179359.2,50446.3533,0,0.71
2024-06-16 18:00:00,0.2795,0.2797,0.279,0.2791,74442.6,1718564399999,20798.64555,255,49977.5,13967.6607,0,0.71
2024-06-16 19:00:00,0.2791,0.2796,0.2776,0.2781,100223.5,1718567999999,27898.94056,256,42110.4,11739.55082,0,0.71
2024-06-16 20:00:00,0.2781,0.2785,0.2775,0.2779,48517.8,1718571599999,13487.34951,222,23820.4,6621.50884,0,0.71
2024-06-16 21:00:00,0.278,0.278,0.2768,0.2769,113823.4,1718575199999,31577.73097,305,54407.4,15089.48741,0,0.71
2024-06-16 22:00:00,0.277,0.28,0.2769,0.2774,193459.1,1718578799999,53826.34192,741,88504.5,24622.77345,0,0.71
2024-06-16 23:00:00,0.2774,0.2783,0.2757,0.2762,192995.2,1718582399999,53458.66832,704,117886.1,32682.07486,0,0.71
2024-06-17 00:00:00,0.2762,0.2835,0.2734,0.2784,1037502.2,1718585999999,289116.00703,3284,562223.8,156743.38492,0,0.71
2024-06-17 01:00:00,0.2786,0.2788,0.2715,0.273,1175172.6,1718589599999,323359.22154,2933,528455.1,145514.21455,0,0.71
2024-06-17 02:00:00,0.2725,0.2725,0.2666,0.2688,783524.2,1718593199999,210849.23039,1955,337047.5,90675.2513,0,0.71
2024-06-17 03:00:00,0.2686,0.2689,0.2646,0.2661,751991.2,1718596799999,201054.54516,1639,374040.8,100063.77763,0,0.71
2024-06-17 04:00:00,0.2662,0.2679,0.2652,0.2679,298542.2,1718600399999,79557.44623,867,148475.3,39547.79382,0,0.71
2024-06-17 05:00:00,0.2678,0.268,0.2638,0.2647,282952.9,1718603999999,75369.47542,852,128399.9,34220.59191,0,0.71
2024-06-17 06:00:00,0.2649,0.2649,0.2616,0.2628,593651.0,1718607599999,156327.12692,1382,272670.0,71876.56083,0,0.71
2024-06-17 07:00:00,0.2626,0.2647,0.2596,0.2624,626980.0,1718611199999,164274.45029,1810,351943.7,92222.6796,0,0.71
2024-06-17 08:00:00,0.2626,0.2634,0.2575,0.2593,561189.3,1718614799999,146065.70213,1730,255149.3,66410.96125,0,0.71
2024-06-17 09:00:00,0.2595,0.2627,0.2562,0.2576,1064532.6,1718618399999,276126.55166,2089,558954.9,145111.40722,0,0.71
2024-06-17 10:00:00,0.258,0.2598,0.2534,0.2592,698040.1,1718621999999,178713.33118,1521,287057.3,73585.72899,0,0.71
2024-06-17 11:00:00,0.2592,0.261,0.2589,0.2595,299474.2,1718625599999,77865.0067,812,141275.5,36736.79098,0,0.71
2024-06-17 12:00:00,0.2595,0.2599,0.2572,0.258,258604.4,1718629199999,66842.33521,713,91754.4,23753.09349,0,0.71
2024-06-17 13:00:00,0.2578,0.2591,0.2542,0.2549,505538.7,1718632799999,129885.24833,1043,248191.1,63851.72463,0,0.71
2024-06-17 14:00:00,0.2551,0.2592,0.255,0.2578,553046.1,1718636399999,142765.98542,765,412907.9,106609.49156,0,0.71
2024-06-17 15:00:00,0.2577,0.2585,0.2541,0.2547,307539.2,1718639999999,78796.72476,736,115649.8,29636.93196,0,0.71
2024-06-17 16:00:00,0.2545,0.2575,0.245,0.256,1224865.8,1718643599999,307382.86117,2334,457710.4,114893.36496,0,0.71
2024-06-17 17:00:00,0.2559,0.2585,0.2559,0.258,357149.3,1718647199999,91869.24629,708,188718.0,48557.1496,0,0.71
2024-06-17 18:00:00,0.2583,0.2616,0.2578,0.2616,261367.0,1718650799999,67932.2901,595,141192.2,36709.35662,0,0.71
2024-06-17 19:00:00,0.2615,0.2628,0.2604,0.2607,146096.0,1718654399999,38219.91554,364,63661.6,16656.94514,0,0.71
2024-06-17 20:00:00,0.2608,0.2608,0.2563,0.2572,280280.7,1718657999999,72454.05664,561,129689.5,33528.3128,0,0.71
2024-06-17 21:00:00,0.2574,0.2594,0.2551,0.2582,147141.9,1718661599999,37908.1322,323,72997.8,18818.50346,0,0.71
2024-06-17 22:00:00,0.2584,0.2592,0.2561,0.2567,237631.3,1718665199999,61197.6886,359,95826.6,24727.49765,0,0.71
2024-06-17 23:00:00,0.2563,0.2567,0.2534,0.2543,212530.2,1718668799999,54169.39582,395,78457.5,19976.63301,0,0.71
2024-06-18 00:00:00,0.2545,0.2555,0.2471,0.2514,702257.0,1718672399999,176765.95624,1904,363019.5,91448.42248,0,0.74
2024-06-18 01:00:00,0.2514,0.2539,0.221,0.2322,4035435.0,1718675999999,942142.56351,8957,1705035.1,397785.91295,0,0.74
2024-06-18 02:00:00,0.232,0.236,0.2294,0.2344,1208271.8,1718679599999,281142.63123,2890,574637.2,133817.5666,0,0.74
2024-06-18 03:00:00,0.2341,0.2361,0.2329,0.2356,598626.4,1718683199999,140498.24818,1102,239362.1,56075.0406,0,0.74
2024-06-18 04:00:00,0.2358,0.2374,0.2344,0.2368,336109.6,1718686799999,79410.41199,894,146468.1,34609.8034,0,0.74
2024-06-18 05:00:00,0.237,0.2394,0.2366,0.2369,347395.6,1718690399999,82733.23847,895,175665.0,41861.05032,0,0.74
2024-06-18 06:00:00,0.2369,0.238,0.236,0.2363,273619.3,1718693999999,64930.45479,676,145238.8,34469.32008,0,0.74
2024-06-18 07:00:00,0.2364,0.2386,0.2364,0.2377,195458.0,1718697599999,46478.24882,618,87401.4,20795.35556,0,0.74
2024-06-18 08:00:00,0.2376,0.2394,0.237,0.239,156579.3,1718701199999,37272.09016,554,93092.6,22156.87818,0,0.74
2024-06-18 09:00:00,0.2389,0.2389,0.2373,0.2379,114407.8,1718704799999,27237.12759,511,56494.7,13452.94957,0,0.74
2024-06-18 10:00:00,0.2379,0.2404,0.2376,0.24,201454.5,1718708399999,48128.7299,714,128003.1,30584.89289,0,0.74
2024-06-18 11:00:00,0.24,0.2404,0.2357,0.2383,282216.1,1718711999999,67120.17625,959,142150.3,33855.97347,0,0.74
2024-06-18 12:00:00,0.2383,0.2389,0.234,0.2374,504912.4,1718715599999,119115.66505,1893,281371.5,66329.30619,0,0.74
2024-06-18 13:00:00,0.2376,0.2399,0.2319,0.2322,1345764.3,1718719199999,316911.10127,3389,617070.7,145511.38914,0,0.74
2024-06-18 14:00:00,0.2323,0.2387,0.2299,0.2342,777985.5,1718722799999,182984.7955,1624,353114.0,83212.52977,0,0.74
2024-06-18 15:00:00,0.2341,0.2353,0.2314,0.2344,324273.6,1718726399999,75759.93673,900,155188.5,36280.05337,0,0.74
2024-06-18 16:00:00,0.2344,0.2345,0.2295,0.2334,574013.7,1718729999999,133038.10042,1220,257815.6,59804.73163,0,0.74
2024-06-18 17:00:00,0.2333,0.2349,0.2308,0.2312,242147.0,1718733599999,56292.75475,649,113911.0,26500.43923,0,0.74
2024-06-18 18:00:00,0.2313,0.2337,0.2297,0.2316,294968.9,1718737199999,68483.37189,685,129064.0,29991.76404,0,0.74
2024-06-18 19:00:00,0.2314,0.2362,0.2298,0.236,524225.2,1718740799999,121820.17952,1059,277631.1,64532.38128,0,0.74
2024-06-18 20:00:00,0.2361,0.2386,0.2344,0.2382,346056.1,1718744399999,81758.23313,794,182962.6,43216.86544,0,0.74
2024-06-18 21:00:00,0.2382,0.2405,0.237,0.2395,291360.8,1718747999999,69710.38272,602,133669.5,31991.73515,0,0.74
2024-06-18 22:00:00,0.2399,0.2415,0.2381,0.2413,273172.2,1718751599999,65587.91914,527,103471.2,24828.36526,0,0.74
2024-06-18 23:00:00,0.2412,0.242,0.2402,0.2418,158951.5,1718755199999,38283.25414,345,60742.5,14641.919,0,0.74
2024-06-19 00:00:00,0.2417,0.2432,0.2392,0.2431,523522.1,1718758799999,126276.16199,1625,330980.8,79862.94455,0,0.64
2024-06-19 01:00:00,0.243,0.2476,0.2425,0.244,574193.9,1718762399999,140881.06901,1879,307508.6,75437.98183,0,0.64
2024-06-19 02:00:00,0.244,0.2479,0.2439,0.2466,367644.1,1718765999999,90680.6462,584,160950.0,39673.38463,0,0.64
2024-06-19 03:00:00,0.2465,0.2486,0.2461,0.2476,311536.5,1718769599999,77000.87753,687,124453.1,30773.51107,0,0.64
2024-06-19 04:00:00,0.2473,0.2496,0.2471,0.2488,168587.4,1718773199999,41894.78812,402,91655.8,22772.32855,0,0.64
2024-06-19 05:00:00,0.2491,0.2492,0.2465,0.247,179305.5,1718776799999,44435.26389,297,94620.5,23463.86269,0,0.64
2024-06-19 06:00:00,0.2472,0.2493,0.2472,0.249,135141.0,1718780399999,33574.42478,265,54771.2,13613.45404,0,0.64
2024-06-19 07:00:00,0.249,0.2491,0.2465,0.2478,110106.8,1718783999999,27282.41981,278,43190.7,10707.24892,0,0.64
2024-06-19 08:00:00,0.2478,0.2479,0.2447,0.245,364474.3,1718787599999,89542.63886,552,251504.5,61760.36759,0,0.64
2024-06-19 09:00:00,0.2453,0.2462,0.2438,0.245,121716.1,1718791199999,29814.42035,322,54599.9,13375.99018,0,0.64
2024-06-19 10:00:00,0.245,0.2469,0.2438,0.2469,213222.7,1718794799999,52241.91333,415,130786.0,32061.11639,0,0.64
2024-06-19 11:00:00,0.2469,0.247,0.244,0.2449,190164.0,1718798399999,46622.65982,413,106128.8,26021.50364,0,0.64
2024-06-19 12:00:00,0.245,0.2471,0.2448,0.2468,187761.8,1718801999999,46206.89075,481,96537.1,23749.00691,0,0.64
2024-06-19 13:00:00,0.2464,0.2474,0.246,0.2463,145474.4,1718805599999,35901.68422,370,79545.0,19634.47838,0,0.64
2024-06-19 14:00:00,0.2461,0.2463,0.2435,0.2446,209622.5,1718809199999,51282.06457,492,98717.1,24152.50977,0,0.64
2024-06-19 15:00:00,0.2443,0.246,0.2441,0.2459,113698.4,1718812799999,27855.1969,306,62097.4,15216.99251,0,0.64
2024-06-19 16:00:00,0.2457,0.248,0.2446,0.2467,141765.5,1718816399999,34915.96881,303,84400.6,20799.0886,0,0.64
2024-06-19 17:00:00,0.2467,0.2503,0.2463,0.2482,189893.0,1718819999999,47184.23291,449,90185.2,22407.5656,0,0.64
2024-06-19 18:00:00,0.2483,0.2524,0.247,0.247,516059.4,1718823599999,128254.01111,796,279819.7,69605.77501,0,0.64
2024-06-19 19:00:00,0.2469,0.2475,0.246,0.2471,145347.9,1718827199999,35878.10315,204,86738.1,21409.9478,0,0.64
2024-06-19 20:00:00,0.2468,0.2471,0.2456,0.2467,249103.8,1718830799999,61375.65059,401,101705.5,25053.73299,0,0.64
2024-06-19 21:00:00,0.2467,0.2478,0.2464,0.2471,163399.0,1718834399999,40369.48592,278,86685.1,21415.03554,0,0.64
2024-06-19 22:00:00,0.2471,0.2472,0.2448,0.2448,529107.8,1718837999999,129973.51257,636,164813.7,40526.17329,0,0.64
2024-06-19 23:00:00,0.2446,0.2455,0.2435,0.2455,99977.4,1718841599999,24465.28931,299,57858.8,14170.95957,0,0.64
2024-06-20 00:00:00,0.2451,0.2479,0.2442,0.2467,205454.0,1718845199999,50467.15854,602,115426.0,28355.93841,0,0.6
2024-06-20 01:00:00,0.2467,0.2507,0.2458,0.249,526897.3,1718848799999,131170.17064,1642,235047.5,58488.85425,0,0.6
2024-06-20 02:00:00,0.2489,0.25,0.2476,0.2494,436246.0,1718852399999,108576.60883,1455,218233.1,54314.51365,0,0.6
2024-06-20 03:00:00,0.2495,0.2511,0.2482,0.2499,218870.0,1718855999999,54604.39677,500,138998.7,34664.36636,0,0.6
2024-06-20 04:00:00,0.2504,0.2517,0.2483,0.2516,116121.3,1718859599999,29047.18738,285,53992.0,13490.8887,0,0.6
2024-06-20 05:00:00,0.2517,0.2534,0.2513,0.2533,168898.6,1718863199999,42560.04489,361,93293.5,23503.1842,0,0.6
2024-06-20 06:00:00,0.2532,0.2549,0.2527,0.2537,189286.4,1718866799999,48053.3144,467,110583.2,28084.09796,0,0.6
2024-06-20 07:00:00,0.2538,0.2568,0.2538,0.256,407920.8,1718870399999,104326.21436,725,295605.3,75626.56184,0,0.6
2024-06-20 08:00:00,0.2561,0.2563,0.254,0.2549,190323.6,1718873999999,48531.02005,435,81303.6,20735.05231,0,0.6
2024-06-20 09:00:00,0.2552,0.2556,0.2537,0.254,143933.3,1718877599999,36616.5294,371,45732.0,11643.51169,0,0.6
2024-06-20 10:00:00,0.254,0.256,0.2529,0.2557,245928.0,1718881199999,62420.02037,654,131085.7,33299.20669,0,0.6
2024-06-20 11:00:00,0.2557,0.2576,0.2549,0.2551,202450.2,1718884799999,51840.47597,668,97594.3,24993.50157,0,0.6
2024-06-20 12:00:00,0.255,0.2558,0.2534,0.2534,225346.1,1718888399999,57394.9875,714,111598.2,28429.46778,0,0.6
2024-06-20 13:00:00,0.2536,0.2542,0.2506,0.252,720588.3,1718891999999,181879.11885,1879,341176.9,86180.15181,0,0.6
2024-06-20 14:00:00,0.2523,0.2525,0.2485,0.2511,495013.4,1718895599999,123970.47939,1306,257126.8,64394.21592,0,0.6
2024-06-20 15:00:00,0.2511,0.2519,0.25,0.2506,243597.4,1718899199999,61157.34873,785,121391.7,30475.32027,0,0.6
2024-06-20 16:00:00,0.2505,0.2523,0.2476,0.2518,233362.9,1718902799999,58373.55745,743,114495.8,28649.05903,0,0.6
2024-06-20 17:00:00,0.2516,0.2531,0.2503,0.253,147754.3,1718906399999,37251.45427,428,93204.0,23496.98137,0,0.6
2024-06-20 18:00:00,0.2529,0.2539,0.2522,0.2535,99399.5,1718909999999,25175.88398,309,41241.8,10443.0558,0,0.6
2024-06-20 19:00:00,0.2534,0.254,0.2527,0.2537,105906.6,1718913599999,26841.25748,310,45061.0,11422.7271,0,0.6
2024-06-20 20:00:00,0.2541,0.2549,0.2536,0.2545,97246.3,1718917199999,24710.20594,214,26431.7,6716.83951,0,0.6
2024-06-20 21:00:00,0.2545,0.2548,0.2534,0.2534,80238.5,1718920799999,20382.40579,242,38168.9,9696.38148,0,0.6
2024-06-20 22:00:00,0.2532,0.254,0.2528,0.2538,91711.3,1718924399999,23234.1456,219,55126.8,13968.51324,0,0.6
2024-06-20 23:00:00,0.2539,0.2544,0.2528,0.2529,202321.8,1718927999999,51271.58206,309,57801.4,14656.1496,0,0.6
2024-06-21 00:00:00,0.2531,0.2531,0.2503,0.2516,231830.4,1718931599999,58346.68617,810,127248.4,32026.7384,0,0.63
2024-06-21 01:00:00,0.2515,0.2575,0.2513,0.2573,571021.1,1718935199999,145776.02739,1281,296833.7,75781.03993,0,0.63
2024-06-21 02:00:00,0.2575,0.2586,0.2554,0.2562,223527.8,1718938799999,57473.31328,473,119939.0,30873.96263,0,0.63
2024-06-21 03:00:00,0.2563,0.2572,0.2553,0.2569,180732.6,1718942399999,46374.43159,411,98925.4,25391.38243,0,0.63
2024-06-21 04:00:00,0.2568,0.2589,0.2562,0.2587,189736.4,1718945999999,48933.41965,477,87267.0,22508.58472,0,0.63
2024-06-21 05:00:00,0.2586,0.2589,0.2568,0.2586,226078.8,1718949599999,58299.7321,932,106890.6,27565.47643,0,0.63
2024-06-21 06:00:00,0.2583,0.2587,0.2563,0.2576,84312.6,1718953199999,21676.4488,368,35008.5,8999.72558,0,0.63
2024-06-21 07:00:00,0.2577,0.2617,0.2557,0.2613,852974.2,1718956799999,220536.36769,1838,543234.6,140443.49117,0,0.63
2024-06-21 08:00:00,0.2615,0.2671,0.2497,0.2514,2896165.9,1718960399999,754542.81091,7928,1379399.4,360443.14287,0,0.63
2024-06-21 09:00:00,0.2515,0.255,0.2507,0.254,510381.8,1718963999999,129224.69005,1349,213656.2,54138.47501,0,0.63
2024-06-21 10:00:00,0.2541,0.2575,0.254,0.2556,370807.9,1718967599999,94857.90675,842,169432.8,43348.88569,0,0.63
2024-06-21 11:00:00,0.2557,0.2567,0.2549,0.2553,254148.8,1718971199999,64988.67998,662,98106.6,25100.83731,0,0.63
2024-06-21 12:00:00,0.2554,0.2567,0.2532,0.2553,256912.7,1718974799999,65516.30574,675,128975.5,32886.37444,0,0.63
2024-06-21 13:00:00,0.2552,0.2555,0.2524,0.2538,230161.1,1718978399999,58436.7165,738,97767.1,24832.14066,0,0.63
2024-06-21 14:00:00,0.2537,0.26,0.2527,0.259,394770.8,1718981999999,101786.37366,1153,203327.0,52456.36006,0,0.63
2024-06-21 15:00:00,0.2592,0.2596,0.2543,0.2557,285741.8,1718985599999,73333.09769,818,115228.2,29561.186,0,0.63
2024-06-21 16:00:00,0.2556,0.2558,0.2523,0.2526,725963.2,1718989199999,184409.72967,1097,297677.4,75553.33961,0,0.63
2024-06-21 17:00:00,0.2525,0.2532,0.2483,0.2497,412620.8,1718992799999,103286.70819,967,176441.8,44168.43774,0,0.63
2024-06-21 18:00:00,0.2497,0.2528,0.2479,0.2528,393683.8,1718996399999,98372.64586,922,223649.0,55925.07099,0,0.63
2024-06-21 19:00:00,0.2529,0.2541,0.2522,0.2525,193657.6,1718999999999,49035.00428,609,106035.9,26863.76819,0,0.63
2024-06-21 20:00:00,0.2525,0.2541,0.2514,0.2519,122388.5,1719003599999,30899.86911,540,55499.8,14010.60871,0,0.63
2024-06-21 21:00:00,0.2519,0.2521,0.2492,0.2513,179540.0,1719007199999,44996.13313,592,87266.0,21868.39357,0,0.63
2024-06-21 22:00:00,0.2512,0.2517,0.2507,0.2511,210987.9,1719010799999,52975.30971,458,119860.9,30096.37606,0,0.63
2024-06-21 23:00:00,0.2511,0.2515,0.2503,0.2507,169289.2,1719014399999,42461.82055,436,105915.8,26567.72013,0,0.63
2024-06-22 00:00:00,0.2508,0.2509,0.2477,0.2483,319239.8,1719017999999,79566.44386,717,160789.6,40036.31579,0,0.53
2024-06-22 01:00:00,0.2484,0.2497,0.248,0.2491,139875.2,1719021599999,34801.65419,364,81384.5,20243.28324,0,0.53
2024-06-22 02:00:00,0.2492,0.2511,0.2489,0.2504,93645.3,1719025199999,23392.31105,344,44407.9,11100.31229,0,0.53
2024-06-22 03:00:00,0.2505,0.2511,0.25,0.2507,82826.0,1719028799999,20739.09523,305,37487.9,9388.10319,0,0.53
2024-06-22 04:00:00,0.2508,0.251,0.2504,0.2506,64069.1,1719032399999,16068.43184,258,35080.2,8798.14297,0,0.53
2024-06-22 05:00:00,0.2506,0.2518,0.25,0.2514,132313.3,1719035999999,33170.9004,407,72973.4,18306.84575,0,0.53
2024-06-22 06:00:00,0.2514,0.2516,0.2504,0.2507,133064.4,1719039599999,33395.25249,488,76802.3,19279.66204,0,0.53
2024-06-22 07:00:00,0.2507,0.251,0.2496,0.2502,187920.8,1719043199999,47026.48982,488,112983.3,28274.87048,0,0.53
2024-06-22 08:00:00,0.2503,0.2566,0.2488,0.2502,584496.0,1719046799999,146970.03567,1178,426186.0,107270.64079,0,0.53
2024-06-22 09:00:00,0.2502,0.2525,0.2501,0.2521,230104.8,1719050399999,57903.43517,549,142048.5,35744.62295,0,0.53
2024-06-22 10:00:00,0.2521,0.2523,0.2512,0.2517,88378.4,1719053999999,22245.11658,392,34447.7,8672.25685,0,0.53
2024-06-22 11:00:00,0.2518,0.2519,0.2503,0.251,88441.0,1719057599999,22199.00596,315,48155.1,12090.13014,0,0.53
2024-06-22 12:00:00,0.251,0.2511,0.2502,0.2506,113407.3,1719061199999,28403.06075,344,64609.7,16179.86987,0,0.53
2024-06-22 13:00:00,0.2505,0.2511,0.2499,0.25,233099.5,1719064799999,58363.12575,605,99366.0,24883.622,0,0.53
2024-06-22 14:00:00,0.2501,0.2513,0.2498,0.2505,157841.0,1719068399999,39558.41602,529,82071.6,20563.55012,0,0.53
2024-06-22 15:00:00,0.2506,0.2508,0.2497,0.2504,186764.8,1719071999999,46705.00015,535,72979.3,18254.59497,0,0.53
2024-06-22 16:00:00,0.2504,0.254,0.2504,0.2525,444154.2,1719075599999,112163.6079,856,320573.0,80916.15119,0,0.53
2024-06-22 17:00:00,0.2524,0.253,0.2519,0.2524,136612.6,1719079199999,34482.90142,448,72105.5,18203.83498,0,0.53
2024-06-22 18:00:00,0.2524,0.2527,0.252,0.2523,86217.6,1719082799999,21760.91907,479,47619.0,12019.98677,0,0.53
2024-06-22 19:00:00,0.2523,0.2524,0.2512,0.2517,93591.2,1719086399999,23550.19029,335,51563.2,12977.76154,0,0.53
2024-06-22 20:00:00,0.2519,0.2519,0.2502,0.2517,231113.4,1719089999999,58010.47591,475,178154.1,44714.28911,0,0.53
2024-06-22 21:00:00,0.2517,0.2525,0.2515,0.2524,72174.6,1719093599999,18187.97237,224,29588.4,7454.53457,0,0.53
2024-06-22 22:00:00,0.2524,0.2535,0.2518,0.2529,138074.0,1719097199999,34865.79812,430,82171.1,20751.50913,0,0.53
2024-06-22 23:00:00,0.253,0.2534,0.2516,0.2523,65437.2,1719100799999,16517.6601,342,18773.5,4740.94355,0,0.53
2024-06-23 00:00:00,0.2524,0.2556,0.2519,0.2548,270489.7,1719104399999,68816.99329,732,121685.8,30938.71951,0,0.55
2024-06-23 01:00:00,0.2548,0.2554,0.2542,0.255,106036.6,1719107999999,27019.41758,294,63538.2,16185.53433,0,0.55
2024-06-23 02:00:00,0.2549,0.2551,0.2536,0.2544,62179.0,1719111599999,15793.16177,205,42583.9,10814.60989,0,0.55
2024-06-23 03:00:00,0.2544,0.2546,0.2534,0.2542,101388.1,1719115199999,25742.32099,265,41095.2,10427.98451,0,0.55
2024-06-23 04:00:00,0.2542,0.2544,0.2533,0.2538,121390.4,1719118799999,30795.92616,212,63343.7,16068.67317,0,0.55
2024-06-23 05:00:00,0.254,0.2549,0.2533,0.2536,229978.4,1719122399999,58438.29202,386,138720.7,35258.10943,0,0.55
2024-06-23 06:00:00,0.2538,0.2541,0.2532,0.2533,146244.5,1719125999999,37089.21439,373,78370.8,19875.23233,0,0.55
2024-06-23 07:00:00,0.2534,0.2539,0.2532,0.2539,167441.3,1719129599999,42462.96422,306,90424.9,22935.67739,0,0.55
2024-06-23 08:00:00,0.254,0.2544,0.2532,0.254,78778.7,1719133199999,19990.5671,242,37038.1,9398.27684,0,0.55
2024-06-23 09:00:00,0.2542,0.2546,0.2534,0.2545,122990.6,1719136799999,31230.49641,289,60561.4,15381.88169,0,0.55
2024-06-23 10:00:00,0.2545,0.2546,0.2525,0.2529,152119.3,1719140399999,38585.08483,399,61756.4,15660.58642,0,0.55
2024-06-23 11:00:00,0.2527,0.2529,0.2513,0.2519,142982.9,1719143999999,36062.74811,383,58533.6,14771.99129,0,0.55
2024-06-23 12:00:00,0.2518,0.2523,0.2514,0.2516,61142.2,1719147599999,15397.41176,265,35653.1,8976.76517,0,0.55
2024-06-23 13:00:00,0.2516,0.2518,0.2504,0.2507,129172.6,1719151199999,32437.25231,371,67624.4,16988.08421,0,0.55
2024-06-23 14:00:00,0.2506,0.2511,0.2491,0.2497,291470.8,1719154799999,72821.93658,614,155541.8,38866.06419,0,0.55
2024-06-23 15:00:00,0.2497,0.2509,0.2479,0.249,168985.6,1719158399999,42157.22912,359,102793.1,25651.00577,0,0.55
2024-06-23 16:00:00,0.2491,0.2491,0.2455,0.2462,256659.8,1719161999999,63669.8354,550,108745.2,26977.67357,0,0.55
2024-06-23 17:00:00,0.2463,0.2477,0.2459,0.2471,222487.7,1719165599999,54855.00446,588,88614.6,21847.56606,0,0.55
2024-06-23 18:00:00,0.2471,0.2475,0.2465,0.2468,88281.5,1719169199999,21811.63837,382,40657.6,10048.1487,0,0.55
2024-06-23 19:00:00,0.2467,0.2483,0.2467,0.2477,91084.8,1719172799999,22535.70738,326,38679.8,9570.16286,0,0.55
2024-06-23 20:00:00,0.2478,0.2484,0.2426,0.2466,287254.8,1719176399999,70559.06949,897,111964.0,27493.20289,0,0.55
2024-06-23 21:00:00,0.2468,0.248,0.2462,0.2478,115791.1,1719179999999,28650.41487,351,52529.9,13000.93092,0,0.55
2024-06-23 22:00:00,0.2474,0.2477,0.2446,0.2458,147288.7,1719183599999,36247.09117,332,76094.6,18736.96565,0,0.55
2024-06-23 23:00:00,0.2454,0.2459,0.2441,0.2448,135426.9,1719187199999,33192.8251,314,43527.7,10676.25408,0,0.55
2024-06-24 00:00:00,0.245,0.2477,0.2448,0.2459,234890.2,1719190799999,57725.39985,610,102475.2,25196.19824,0,0.51
2024-06-24 01:00:00,0.2461,0.2465,0.2435,0.2462,123689.8,1719194399999,30363.27338,416,56809.1,13947.32821,0,0.51
2024-06-24 02:00:00,0.2462,0.2465,0.2419,0.2439,108468.7,1719197999999,26471.86689,367,43578.7,10651.5722,0,0.51
2024-06-24 03:00:00,0.244,0.246,0.2439,0.245,130367.1,1719201599999,31970.27982,367,70963.9,17414.11053,0,0.51
2024-06-24 04:00:00,0.2451,0.2454,0.2435,0.2445,88094.5,1719205199999,21514.64305,298,43507.3,10628.36836,0,0.51
2024-06-24 05:00:00,0.2446,0.2446,0.2395,0.2411,619761.4,1719208799999,149138.85413,1467,360519.7,86697.99303,0,0.51
2024-06-24 06:00:00,0.2412,0.2427,0.241,0.2427,134694.7,1719212399999,32583.68015,456,58710.6,14197.12241,0,0.51
2024-06-24 07:00:00,0.2424,0.2431,0.2412,0.2418,237005.2,1719215999999,57394.38929,610,104983.5,25432.63168,0,0.51
2024-06-24 08:00:00,0.2417,0.2448,0.24,0.2435,232577.3,1719219599999,56474.87011,759,107085.2,25969.22807,0,0.51
2024-06-24 09:00:00,0.2436,0.2442,0.2326,0.2425,1095909.2,1719223199999,261800.88061,2858,482918.8,115429.96236,0,0.51
2024-06-24 10:00:00,0.2423,0.2451,0.2417,0.2432,423126.6,1719226799999,102990.09278,875,224583.3,54696.76996,0,0.51
2024-06-24 11:00:00,0.2432,0.2438,0.2404,0.2415,236190.7,1719230399999,57057.46442,645,125157.7,30233.85667,0,0.51
2024-06-24 12:00:00,0.2413,0.2444,0.2409,0.2435,206382.2,1719233999999,50175.20899,495,99235.2,24135.53738,0,0.51
2024-06-24 13:00:00,0.2434,0.2457,0.242,0.2455,209235.8,1719237599999,51064.55397,604,88506.9,21598.6269,0,0.51
2024-06-24 14:00:00,0.2454,0.2466,0.2433,0.245,213771.5,1719241199999,52390.48305,694,66267.8,16239.02563,0,0.51
2024-06-24 15:00:00,0.2449,0.2449,0.2413,0.2425,203676.1,1719244799999,49567.20021,713,103866.6,25287.18439,0,0.51
2024-06-24 16:00:00,0.2426,0.2446,0.2418,0.2439,211167.0,1719248399999,51363.42018,760,124378.2,30264.69783,0,0.51
2024-06-24 17:00:00,0.2437,0.2473,0.2428,0.2446,285699.8,1719251999999,69970.20476,953,146842.5,35961.93337,0,0.51
2024-06-24 18:00:00,0.2446,0.2459,0.2421,0.2444,260863.1,1719255599999,63754.68365,825,86179.9,21052.47155,0,0.51
2024-06-24 19:00:00,0.2445,0.2449,0.2412,0.2425,280598.1,1719259199999,68202.72334,848,121188.5,29448.26144,0,0.51
2024-06-24 20:00:00,0.2425,0.2452,0.239,0.244,582441.8,1719262799999,141139.34057,1548,266002.5,64479.36185,0,0.51
2024-06-24 21:00:00,0.2442,0.2488,0.2441,0.2488,558455.8,1719266399999,138251.24737,727,249693.7,61784.13217,0,0.51
2024-06-24 22:00:00,0.2489,0.2495,0.248,0.2488,156189.6,1719269999999,38872.59132,259,61931.9,15420.2379,0,0.51
2024-06-24 23:00:00,0.2487,0.2505,0.2484,0.2499,81772.3,1719273599999,20412.64574,186,41538.2,10365.62053,0,0.51
2024-06-25 00:00:00,0.2497,0.2506,0.2484,0.2494,94714.5,1719277199999,23615.61778,223,18318.0,4569.4029,0,0.3
2024-06-25 01:00:00,0.2491,0.2497,0.2483,0.2495,80473.9,1719280799999,20047.70125,255,48207.9,12012.13874,0,0.3
2024-06-25 02:00:00,0.2497,0.2503,0.2484,0.2501,86084.0,1719284399999,21482.3359,246,27796.3,6934.31411,0,0.3
2024-06-25 03:00:00,0.2499,0.2533,0.2498,0.2523,166927.0,1719287999999,42045.8766,559,107167.4,26986.73387,0,0.3
2024-06-25 04:00:00,0.2522,0.2532,0.2516,0.2526,62195.1,1719291599999,15699.84328,243,31051.8,7839.71542,0,0.3
2024-06-25 05:00:00,0.2529,0.2529,0.2511,0.2516,55177.5,1719295199999,13908.36893,260,22247.1,5607.48073,0,0.3
2024-06-25 06:00:00,0.2515,0.2518,0.2503,0.2512,107841.2,1719298799999,27077.59684,430,47481.5,11926.1589,0,0.3
2024-06-25 07:00:00,0.2512,0.2521,0.2502,0.251,75367.0,1719302399999,18916.59511,227,37171.2,9331.60372,0,0.3
2024-06-25 08:00:00,0.251,0.2528,0.251,0.2524,203965.6,1719305999999,51429.62513,467,117909.4,29745.24559,0,0.3
2024-06-25 09:00:00,0.2525,0.2558,0.2525,0.2553,235788.0,1719309599999,59823.24832,969,138414.7,35115.64229,0,0.3
2024-06-25 10:00:00,0.2552,0.2555,0.2539,0.2547,193800.3,1719313199999,49366.67469,780,100142.9,25515.18541,0,0.3
2024-06-25 11:00:00,0.2545,0.2552,0.2541,0.2549,127970.2,1719316799999,32599.39894,674,82608.6,21044.85759,0,0.3
2024-06-25 12:00:00,0.2547,0.2555,0.2542,0.2548,132247.8,1719320399999,33693.03973,807,85215.2,21711.37685,0,0.3
2024-06-25 13:00:00,0.2548,0.2557,0.2531,0.254,221416.6,1719323999999,56366.97405,1025,101888.3,25939.14113,0,0.3
2024-06-25 14:00:00,0.2542,0.2569,0.2538,0.256,314862.9,1719327599999,80410.9889,1161,137991.5,35230.83428,0,0.3
2024-06-25 15:00:00,0.2562,0.2581,0.2555,0.2573,184144.3,1719331199999,47310.25257,913,119676.9,30751.56814,0,0.3
2024-06-25 16:00:00,0.2571,0.2577,0.256,0.2563,241028.9,1719334799999,61904.42787,952,111066.9,28533.77293,0,0.3
2024-06-25 17:00:00,0.2564,0.2573,0.2557,0.2559,73452.7,1719338399999,18842.64577,505,33431.1,8584.46681,0,0.3
2024-06-25 18:00:00,0.256,0.2576,0.2556,0.2575,95933.3,1719341999999,24616.62207,468,55957.6,14364.01594,0,0.3
2024-06-25 19:00:00,0.2575,0.2584,0.2572,0.2582,148786.2,1719345599999,38372.57982,750,70120.6,18088.45986,0,0.3
2024-06-25 20:00:00,0.2582,0.2584,0.2567,0.2571,133676.2,1719349199999,34438.76684,619,39620.4,10215.68655,0,0.3
2024-06-25 21:00:00,0.2569,0.2569,0.2559,0.2559,101468.4,1719352799999,26016.88867,365,23138.0,5935.04962,0,0.3
2024-06-25 22:00:00,0.2558,0.256,0.254,0.2546,386562.9,1719356399999,98451.09601,648,157951.9,40214.70675,0,0.3
2024-06-25 23:00:00,0.2546,0.255,0.2535,0.2545,91859.9,1719359999999,23345.1571,332,38731.6,9842.12404,0,0.3
2024-06-26 00:00:00,0.2543,0.2549,0.2534,0.2538,72128.5,1719363599999,18326.61794,282,37715.6,9585.95888,0,0.46
2024-06-26 01:00:00,0.2537,0.2565,0.2531,0.2558,92849.8,1719367199999,23673.79634,583,51634.1,13165.47917,0,0.46
2024-06-26 02:00:00,0.2558,0.2566,0.254,0.2542,201682.4,1719370799999,51446.83502,589,110968.7,28315.58799,0,0.46
2024-06-26 03:00:00,0.254,0.2547,0.2531,0.2546,112229.3,1719374399999,28512.32295,361,61576.7,15655.92617,0,0.46
2024-06-26 04:00:00,0.2545,0.2549,0.2535,0.2537,68144.4,1719377999999,17323.38803,304,45480.4,11566.09964,0,0.46
2024-06-26 05:00:00,0.2537,0.2542,0.2516,0.252,612366.0,1719381599999,154597.1776,743,206850.6,52247.06632,0,0.46
2024-06-26 06:00:00,0.2519,0.2526,0.2515,0.2519,116619.1,1719385199999,29390.08997,578,73377.2,18492.87236,0,0.46
2024-06-26 07:00:00,0.2519,0.2532,0.2515,0.2527,132671.9,1719388799999,33471.69135,693,80505.6,20309.96167,0,0.46
2024-06-26 08:00:00,0.2528,0.253,0.251,0.2515,155693.7,1719392399999,39209.00018,654,74818.7,18843.51181,0,0.46
2024-06-26 09:00:00,0.2516,0.2518,0.2505,0.2513,192513.5,1719395999999,48362.13684,555,90723.0,22793.09661,0,0.46
2024-06-26 10:00:00,0.2514,0.2524,0.2507,0.2521,137547.0,1719399599999,34576.17579,336,51329.6,12908.85678,0,0.46
2024-06-26 11:00:00,0.2519,0.2534,0.2512,0.2518,167636.5,1719403199999,42362.8155,323,121369.0,30685.42956,0,0.46
2024-06-26 12:00:00,0.2518,0.2525,0.2507,0.2512,114036.1,1719406799999,28674.52773,292,42803.7,10766.85424,0,0.46
2024-06-26 13:00:00,0.2511,0.2535,0.2507,0.2531,94352.3,1719410399999,23785.52944,349,46218.5,11663.10357,0,0.46
2024-06-26 14:00:00,0.2531,0.2541,0.2507,0.2516,105286.8,1719413999999,26601.19763,344,42992.5,10854.37865,0,0.46
2024-06-26 15:00:00,0.2517,0.2519,0.249,0.2504,207438.6,1719417599999,51904.43653,553,117727.6,29477.24293,0,0.46
2024-06-26 16:00:00,0.2504,0.2509,0.2486,0.2492,176802.2,1719421199999,44132.44601,364,46090.9,11539.38482,0,0.46
2024-06-26 17:00:00,0.2492,0.2501,0.2464,0.2501,165339.0,1719424799999,41025.20806,555,79265.0,19680.33307,0,0.46
2024-06-26 18:00:00,0.2499,0.25,0.2489,0.25,64474.0,1719428399999,16081.20259,320,27933.5,6968.42042,0,0.46
2024-06-26 19:00:00,0.2497,0.2532,0.2495,0.253,120784.4,1719431999999,30378.58192,428,66358.9,16689.92879,0,0.46
2024-06-26 20:00:00,0.2532,0.2549,0.2518,0.2531,143265.9,1719435599999,36258.09587,420,73979.9,18712.74684,0,0.46
2024-06-26 21:00:00,0.2528,0.2536,0.2525,0.2532,54601.5,1719439199999,13819.05209,237,19675.9,4980.97937,0,0.46
2024-06-26 22:00:00,0.2533,0.2533,0.2512,0.2518,72834.5,1719442799999,18380.90053,248,29409.6,7420.48427,0,0.46
2024-06-26 23:00:00,0.252,0.252,0.2506,0.2515,139415.8,1719446399999,35031.46935,345,92164.6,23168.11506,0,0.46
2024-06-27 00:00:00,0.2513,0.2513,0.2488,0.25,217440.8,1719449999999,54272.48601,761,102596.2,25595.99109,0,0.4
2024-06-27 01:00:00,0.2502,0.2508,0.2495,0.2504,182038.8,1719453599999,45523.54481,535,108387.7,27101.34032,0,0.4
2024-06-27 02:00:00,0.2505,0.2508,0.249,0.2506,137477.8,1719457199999,34344.64636,472,54259.5,13558.91236,0,0.4
2024-06-27 03:00:00,0.2506,0.2515,0.25,0.2507,68780.8,1719460799999,17245.63136,204,30317.9,7603.65848,0,0.4
2024-06-27 04:00:00,0.2507,0.2516,0.2505,0.2509,80970.0,1719464399999,20319.67513,400,22150.4,5558.50607,0,0.4
2024-06-27 05:00:00,0.2508,0.2509,0.2482,0.2488,225666.9,1719467999999,56252.17313,890,94189.6,23470.35961,0,0.4
2024-06-27 06:00:00,0.2489,0.2498,0.2485,0.2493,75304.6,1719471599999,18763.95476,194,32606.5,8128.4004,0,0.4
2024-06-27 07:00:00,0.2493,0.2499,0.2486,0.2495,36986.6,1719475199999,9215.73439,126,14966.6,3729.8992,0,0.4
2024-06-27 08:00:00,0.2495,0.2501,0.2493,0.2495,37383.7,1719478799999,9333.45241,131,17887.5,4465.02488,0,0.4
2024-06-27 09:00:00,0.2498,0.2576,0.2494,0.2535,1596448.1,1719482399999,405390.5788,2516,689233.2,174713.56777,0,0.4
2024-06-27 10:00:00,0.2536,0.2558,0.2533,0.2533,509832.7,1719485999999,129768.12943,1431,271358.5,69059.2528,0,0.4
2024-06-27 11:00:00,0.2534,0.2559,0.2532,0.2555,251479.2,1719489599999,64063.20816,824,107953.5,27527.94015,0,0.4
2024-06-27 12:00:00,0.2554,0.257,0.255,0.2567,321693.4,1719493199999,82322.75181,1074,159591.9,40848.6777,0,0.4
2024-06-27 13:00:00,0.2565,0.2594,0.2565,0.2584,531732.4,1719496799999,137444.41323,1435,265295.9,68568.10604,0,0.4
2024-06-27 14:00:00,0.2583,0.2597,0.2568,0.2572,267436.6,1719500399999,69114.76776,651,128211.9,33176.53253,0,0.4
2024-06-27 15:00:00,0.2573,0.2582,0.2563,0.2572,221435.5,1719503999999,56948.78331,555,118834.2,30567.93268,0,0.4
2024-06-27 16:00:00,0.2572,0.2579,0.2549,0.2561,958519.9,1719507599999,245030.27438,815,670231.5,171118.65069,0,0.4
2024-06-27 17:00:00,0.2559,0.2571,0.2556,0.2567,100205.8,1719511199999,25696.47939,311,39408.1,10111.87147,0,0.4
2024-06-27 18:00:00,0.2566,0.2579,0.2562,0.2576,154065.9,1719514799999,39638.88042,434,91987.3,23676.85696,0,0.4
2024-06-27 19:00:00,0.2573,0.2584,0.2572,0.2583,164419.8,1719518399999,42424.0151,345,52534.4,13544.72127,0,0.4
2024-06-27 20:00:00,0.2583,0.2585,0.2578,0.2584,63654.0,1719521999999,16437.02059,203,25403.9,6559.91661,0,0.4
2024-06-27 21:00:00,0.2583,0.2589,0.2576,0.2577,91005.7,1719525599999,23498.97808,294,38255.4,9883.09282,0,0.4
2024-06-27 22:00:00,0.2578,0.2581,0.2573,0.2577,42491.6,1719529199999,10949.64334,198,13354.0,3441.32818,0,0.4
2024-06-27 23:00:00,0.2577,0.2577,0.2567,0.257,83269.4,1719532799999,21402.8851,305,19957.5,5130.02991,0,0.4
2024-06-28 00:00:00,0.257,0.2575,0.2554,0.2561,143123.3,1719536399999,36687.26376,535,49745.9,12759.43851,0,0.47
2024-06-28 01:00:00,0.2562,0.2588,0.2559,0.2583,175885.7,1719539999999,45355.17551,668,77644.1,20023.15812,0,0.47
2024-06-28 02:00:00,0.258,0.2585,0.256,0.2568,184741.6,1719543599999,47480.94248,634,110920.2,28507.78484,0,0.47
2024-06-28 03:00:00,0.2568,0.2576,0.2566,0.2573,30201.4,1719547199999,7767.72468,129,12471.1,3206.92586,0,0.47
2024-06-28 04:00:00,0.2573,0.2573,0.2557,0.2567,47953.9,1719550799999,12302.74362,269,15414.6,3955.74461,0,0.47
2024-06-28 05:00:00,0.2566,0.2566,0.2556,0.2561,18857.3,1719554399999,4830.7871,70,8768.4,2246.56816,0,0.47
2024-06-28 06:00:00,0.2562,0.2564,0.2555,0.2559,81562.7,1719557999999,20867.48805,196,44178.3,11304.80259,0,0.47
2024-06-28 07:00:00,0.2559,0.256,0.2545,0.2558,115564.4,1719561599999,29493.03151,269,42299.1,10802.12483,0,0.47
2024-06-28 08:00:00,0.2558,0.2563,0.255,0.2558,103855.6,1719565199999,26555.46782,321,48995.1,12529.05824,0,0.47
2024-06-28 09:00:00,0.2557,0.2575,0.2555,0.2574,173209.3,1719568799999,44348.08686,424,82732.4,21187.57305,0,0.47
2024-06-28 10:00:00,0.2574,0.2585,0.2571,0.258,100865.3,1719572399999,26007.1985,234,66514.1,17150.66827,0,0.47
2024-06-28 11:00:00,0.2582,0.2627,0.2579,0.2585,436198.4,1719575999999,113028.49362,839,279403.0,72469.83138,0,0.47
2024-06-28 12:00:00,0.2585,0.2608,0.2582,0.2585,210073.0,1719579599999,54468.60347,631,102937.6,26714.85171,0,0.47
2024-06-28 13:00:00,0.2586,0.2613,0.2575,0.2588,170872.8,1719583199999,44267.84346,394,82948.0,21497.00292,0,0.47
2024-06-28 14:00:00,0.2588,0.2601,0.257,0.2588,219093.9,1719586799999,56579.86291,596,96133.5,24843.24567,0,0.47
2024-06-28 15:00:00,0.2585,0.2601,0.2574,0.2589,148810.3,1719590399999,38426.66165,357,82087.8,21194.0519,0,0.47
2024-06-28 16:00:00,0.2591,0.2595,0.2549,0.2572,237325.8,1719593999999,60988.11279,538,76335.1,19618.72804,0,0.47
2024-06-28 17:00:00,0.2572,0.2573,0.254,0.2551,109757.7,1719597599999,28111.09202,257,49553.7,12697.32962,0,0.47
2024-06-28 18:00:00,0.2549,0.2557,0.2547,0.2551,118861.0,1719601199999,30334.19955,259,54817.0,13990.24946,0,0.47
2024-06-28 19:00:00,0.2551,0.2562,0.2539,0.2554,297283.0,1719604799999,75883.77242,506,129347.3,33020.17301,0,0.47
2024-06-28 20:00:00,0.2557,0.2567,0.255,0.255,81210.4,1719608399999,20772.5057,206,34088.6,8720.86697,0,0.47
2024-06-28 21:00:00,0.255,0.255,0.2525,0.2526,179349.5,1719611999999,45459.47188,513,94128.9,23869.98073,0,0.47
2024-06-28 22:00:00,0.2526,0.2528,0.2511,0.2513,275409.0,1719615599999,69355.95022,716,155488.9,39169.46233,0,0.47
2024-06-28 23:00:00,0.2513,0.2513,0.2501,0.2506,136009.5,1719619199999,34076.32074,319,69595.6,17438.37411,0,0.47
2024-06-29 00:00:00,0.2506,0.2526,0.2504,0.2525,181052.7,1719622799999,45516.40434,506,81581.5,20513.63011,0,0.3
2024-06-29 01:00:00,0.2524,0.255,0.2524,0.2548,180618.5,1719626399999,45899.03295,542,105521.7,26808.31684,0,0.3
2024-06-29 02:00:00,0.2548,0.2553,0.2536,0.2539,127832.8,1719629999999,32528.9234,647,75847.4,19303.22842,0,0.3
2024-06-29 03:00:00,0.2539,0.2542,0.2531,0.2536,52311.7,1719633599999,13266.00407,345,38976.7,9886.24361,0,0.3
2024-06-29 04:00:00,0.2534,0.2538,0.2528,0.253,27480.0,1719637199999,6959.33001,154,16410.6,4156.27647,0,0.3
2024-06-29 05:00:00,0.2528,0.2528,0.2514,0.2522,102413.8,1719640799999,25819.14439,374,42976.5,10830.13291,0,0.3
2024-06-29 06:00:00,0.2521,0.2524,0.2513,0.2515,77512.4,1719644399999,19512.17908,357,47704.6,12010.39135,0,0.3
2024-06-29 07:00:00,0.2515,0.2525,0.2512,0.2512,198142.7,1719647999999,49896.74313,616,85333.2,21497.04429,0,0.3
2024-06-29 08:00:00,0.2512,0.2516,0.2502,0.2507,202466.4,1719651599999,50801.28595,420,75581.0,18958.48593,0,0.3
2024-06-29 09:00:00,0.2508,0.2513,0.2503,0.2513,89242.5,1719655199999,22379.00509,186,48257.2,12101.03512,0,0.3
2024-06-29 10:00:00,0.2509,0.2514,0.2506,0.2508,49131.8,1719658799999,12331.03601,137,20430.1,5126.24316,0,0.3
2024-06-29 11:00:00,0.2508,0.2521,0.2502,0.2515,138694.5,1719662399999,34867.07504,320,89501.6,22502.70289,0,0.3
2024-06-29 12:00:00,0.2514,0.2515,0.2504,0.2508,88490.2,1719665999999,22211.02992,221,54637.6,13713.36318,0,0.3
2024-06-29 13:00:00,0.2508,0.2519,0.2503,0.2507,87284.6,1719669599999,21906.50939,259,62711.9,15745.8746,0,0.3
2024-06-29 14:00:00,0.2507,0.2507,0.2492,0.2504,123019.5,1719673199999,30744.11534,305,48861.2,12205.69647,0,0.3
2024-06-29 15:00:00,0.2502,0.2502,0.2491,0.2499,213961.0,1719676799999,53387.97465,290,118113.7,29468.85228,0,0.3
2024-06-29 16:00:00,0.2499,0.2503,0.2488,0.249,66911.6,1719680399999,16701.83598,182,33115.8,8263.65135,0,0.3
2024-06-29 17:00:00,0.249,0.2492,0.2483,0.2484,65442.6,1719683999999,16279.32145,179,31944.4,7948.31001,0,0.3
2024-06-29 18:00:00,0.2484,0.2484,0.2475,0.248,71219.8,1719687599999,17663.50773,225,27237.6,6755.07685,0,0.3
2024-06-29 19:00:00,0.248,0.248,0.2463,0.2474,38225.1,1719691199999,9446.92132,187,19395.5,4794.68793,0,0.3
2024-06-29 20:00:00,0.2474,0.2484,0.2466,0.247,264351.2,1719694799999,65412.42153,649,134356.0,33268.82366,0,0.3
2024-06-29 21:00:00,0.247,0.2473,0.2463,0.2467,42882.3,1719698399999,10578.82379,176,17239.4,4253.23503,0,0.3
2024-06-29 22:00:00,0.2468,0.2468,0.2425,0.2434,332247.8,1719701999999,81088.60448,772,124114.3,30273.4877,0,0.3
2024-06-29 23:00:00,0.2437,0.2443,0.2433,0.2441,134771.8,1719705599999,32862.90747,264,75719.7,18465.6035,0,0.3
2024-06-30 00:00:00,0.2441,0.2452,0.2437,0.2442,77989.6,1719709199999,19053.06205,207,33598.0,8212.74851,0,0.47
2024-06-30 01:00:00,0.2444,0.2444,0.2418,0.2423,95714.3,1719712799999,23218.24044,285,50636.6,12281.38337,0,0.47
2024-06-30 02:00:00,0.2426,0.2427,0.2402,0.2415,404522.9,1719716399999,97492.28543,1080,250569.2,60394.10419,0,0.47
2024-06-30 03:00:00,0.2416,0.2421,0.2414,0.2418,51166.2,1719719999999,12369.80315,155,20597.8,4979.69666,0,0.47
2024-06-30 04:00:00,0.242,0.2422,0.2408,0.242,128958.3,1719723599999,31128.65099,284,56650.7,13685.13053,0,0.47
2024-06-30 05:00:00,0.2421,0.2426,0.2412,0.2423,49517.7,1719727199999,11981.74787,161,21489.8,5198.0039,0,0.47
2024-06-30 06:00:00,0.2421,0.2429,0.2415,0.2424,102028.5,1719730799999,24716.82415,205,39774.1,9636.12916,0,0.47
2024-06-30 07:00:00,0.2426,0.2469,0.2426,0.2459,277743.2,1719734399999,68312.31079,707,130271.3,32024.74119,0,0.47
2024-06-30 08:00:00,0.246,0.2478,0.246,0.247,180051.5,1719737999999,44470.30235,489,88709.9,21906.51756,0,0.47
2024-06-30 09:00:00,0.2468,0.2475,0.2466,0.2466,108918.9,1719741599999,26898.16389,294,58829.8,14528.9248,0,0.47
2024-06-30 10:00:00,0.2465,0.2471,0.2455,0.2458,96740.0,1719745199999,23825.70492,281,55756.3,13737.07882,0,0.47
2024-06-30 11:00:00,0.2457,0.2469,0.2449,0.2451,169870.3,1719748799999,41762.71594,488,77489.0,19056.90748,0,0.47
2024-06-30 12:00:00,0.2451,0.2456,0.2435,0.2446,117242.8,1719752399999,28667.79758,419,75876.1,18557.44373,0,0.47
2024-06-30 13:00:00,0.2447,0.2458,0.2445,0.2455,143342.9,1719755999999,35123.73933,342,77827.9,19068.2076,0,0.47
2024-06-30 14:00:00,0.2455,0.2459,0.2447,0.2454,318213.0,1719759599999,78014.32302,993,205198.9,50306.59365,0,0.47
2024-06-30 15:00:00,0.2454,0.2466,0.2451,0.246,125183.6,1719763199999,30791.73224,428,41524.2,10210.84869,0,0.47
2024-06-30 16:00:00,0.2462,0.2464,0.2447,0.2447,82535.7,1719766799999,20237.00184,298,36812.7,9031.6149,0,0.47
2024-06-30 17:00:00,0.2446,0.2457,0.2437,0.2447,189197.5,1719770399999,46338.25357,737,81207.0,19886.13334,0,0.47
2024-06-30 18:00:00,0.2446,0.2455,0.2436,0.2449,148966.3,1719773999999,36416.69041,688,78624.9,19220.71916,0,0.47
2024-06-30 19:00:00,0.2449,0.2453,0.2443,0.2447,83958.6,1719777599999,20548.56384,365,44950.3,11001.21019,0,0.47
2024-06-30 20:00:00,0.2446,0.2459,0.2445,0.245,121982.0,1719781199999,29915.77105,662,89529.0,21952.2501,0,0.47
2024-06-30 21:00:00,0.2451,0.2453,0.2439,0.2442,107902.8,1719784799999,26381.68618,415,65706.9,16063.81577,0,0.47
2024-06-30 22:00:00,0.2443,0.2485,0.2442,0.2478,206570.3,1719788399999,50997.35885,756,115378.2,28459.42589,0,0.47
2024-06-30 23:00:00,0.2478,0.2483,0.246,0.2467,346693.6,1719791999999,85716.33636,1251,150427.3,37192.97979,0,0.47
2024-07-01 00:00:00,0.2467,0.2473,0.2459,0.2465,507015.0,1719795599999,125017.00777,1178,210286.9,51832.2191,0,0.53
2024-07-01 01:00:00,0.2466,0.2505,0.2458,0.2501,251270.8,1719799199999,62452.12096,849,141918.6,35262.96045,0,0.53
2024-07-01 02:00:00,0.2501,0.2507,0.2492,0.2496,124233.7,1719802799999,31035.59234,468,55041.5,13745.30269,0,0.53
2024-07-01 03:00:00,0.2496,0.2496,0.248,0.2483,104491.2,1719806399999,25964.45761,439,48437.2,12040.82757,0,0.53
2024-07-01 04:00:00,0.2483,0.2487,0.2469,0.2475,78166.2,1719809999999,19359.55292,327,40050.2,9921.50665,0,0.53
2024-07-01 05:00:00,0.2474,0.2475,0.2454,0.246,119283.3,1719813599999,29366.82994,604,52336.8,12884.43243,0,0.53
2024-07-01 06:00:00,0.2459,0.246,0.2445,0.2457,209158.8,1719817199999,51302.05006,950,137641.8,33759.16233,0,0.53
2024-07-01 07:00:00,0.2456,0.2462,0.245,0.2455,177876.6,1719820799999,43707.8057,647,82002.2,20147.51297,0,0.53
2024-07-01 08:00:00,0.2452,0.2459,0.2437,0.2446,232640.8,1719824399999,56940.26978,725,133089.7,32589.28635,0,0.53
2024-07-01 09:00:00,0.2444,0.2446,0.2432,0.244,240464.7,1719827999999,58629.11045,1056,101777.7,24814.118,0,0.53
2024-07-01 10:00:00,0.2439,0.2439,0.2421,0.2431,297255.0,1719831599999,72247.81386,909,103910.8,25250.41785,0,0.53
2024-07-01 11:00:00,0.2431,0.2433,0.2424,0.2427,271755.6,1719835199999,65972.33658,864,166471.7,40415.67761,0,0.53
2024-07-01 12:00:00,0.2428,0.2436,0.2426,0.2433,92762.1,1719838799999,22558.33499,493,61384.0,14929.02251,0,0.53
2024-07-01 13:00:00,0.2433,0.244,0.2414,0.2419,259952.5,1719842399999,63080.79757,1036,148670.3,36093.14811,0,0.53
2024-07-01 14:00:00,0.2421,0.2423,0.2398,0.2408,402749.9,1719845999999,96986.14892,1263,194949.6,46961.09302,0,0.53
2024-07-01 15:00:00,0.2407,0.2436,0.2406,0.2434,368802.9,1719849599999,89280.79781,798,274829.2,66534.69294,0,0.53
2024-07-01 16:00:00,0.2433,0.2445,0.2427,0.2441,183222.2,1719853199999,44688.33465,678,73408.8,17907.99544,0,0.53
2024-07-01 17:00:00,0.244,0.2458,0.2435,0.2457,242363.1,1719856799999,59238.16696,772,139266.1,34055.54019,0,0.53
2024-07-01 18:00:00,0.2456,0.2464,0.2446,0.2454,193636.0,1719860399999,47484.46594,593,132073.4,32395.18953,0,0.53
2024-07-01 19:00:00,0.2455,0.2462,0.2451,0.246,151304.0,1719863999999,37184.97867,750,65333.5,16054.30807,0,0.53
2024-07-01 20:00:00,0.246,0.2467,0.2457,0.2465,124473.4,1719867599999,30643.77555,547,61123.2,15050.16321,0,0.53
2024-07-01 21:00:00,0.2465,0.2466,0.2454,0.2458,130371.5,1719871199999,32106.30882,522,63104.1,15541.39346,0,0.53
2024-07-01 22:00:00,0.2458,0.2461,0.2442,0.2453,136267.2,1719874799999,33414.97932,515,63554.6,15582.52367,0,0.53
2024-07-01 23:00:00,0.2453,0.2475,0.2449,0.2469,364502.8,1719878399999,89874.2591,783,240047.0,59205.20209,0,0.53
2024-07-02 00:00:00,0.2469,0.2482,0.2461,0.2469,281459.1,1719881999999,69550.90257,879,117686.9,29092.43916,0,0.51
2024-07-02 01:00:00,0.2467,0.2472,0.2457,0.2465,105170.9,1719885599999,25949.87003,322,54782.0,13517.63832,0,0.51
2024-07-02 02:00:00,0.2466,0.2466,0.2445,0.2454,355885.3,1719889199999,87285.28244,912,132959.2,32621.32402,0,0.51
2024-07-02 03:00:00,0.2454,0.2473,0.2453,0.2472,60875.9,1719892799999,14983.42773,309,24984.1,6153.50489,0,0.51
2024-07-02 04:00:00,0.2471,0.2491,0.2469,0.2483,129161.1,1719896399999,32063.03075,498,46569.3,11557.48464,0,0.51
2024-07-02 05:00:00,0.2484,0.2522,0.2483,0.2519,272385.8,1719899999999,68233.46027,620,199701.1,50047.24691,0,0.51
2024-07-02 06:00:00,0.2519,0.2523,0.249,0.2493,240760.0,1719903599999,60256.97284,561,72287.7,18131.98178,0,0.51
2024-07-02 07:00:00,0.2493,0.2495,0.2476,0.2478,120014.0,1719907199999,29829.43407,509,34911.2,8674.16983,0,0.51
2024-07-02 08:00:00,0.2478,0.2479,0.2461,0.2467,195027.0,1719910799999,48143.06645,593,97808.8,24157.63244,0,0.51
2024-07-02 09:00:00,0.2466,0.2477,0.2461,0.2463,123544.7,1719914399999,30482.62008,510,45481.1,11227.41201,0,0.51
2024-07-02 10:00:00,0.2463,0.2468,0.2456,0.2457,162132.2,1719917999999,39895.13484,455,53177.8,13087.49197,0,0.51
2024-07-02 11:00:00,0.2456,0.2462,0.2453,0.2458,111205.0,1719921599999,27316.14343,298,68102.2,16728.55821,0,0.51
2024-07-02 12:00:00,0.2457,0.2481,0.2456,0.2473,181182.3,1719925199999,44708.05613,489,86658.0,21387.08088,0,0.51
2024-07-02 13:00:00,0.2473,0.2498,0.2464,0.2472,219246.0,1719928799999,54341.94375,760,99349.3,24634.00271,0,0.51
2024-07-02 14:00:00,0.2472,0.2478,0.2447,0.2457,184064.7,1719932399999,45309.80141,560,75794.8,18661.80507,0,0.51
2024-07-02 15:00:00,0.2458,0.2466,0.2448,0.2449,199304.8,1719935999999,48960.51687,483,53378.6,13103.23396,0,0.51
2024-07-02 16:00:00,0.2449,0.2451,0.2433,0.2438,131564.9,1719939599999,32119.9579,437,58046.4,14172.71399,0,0.51
2024-07-02 17:00:00,0.2437,0.2439,0.2429,0.2434,61470.2,1719943199999,14957.75326,310,26771.0,6513.90743,0,0.51
2024-07-02 18:00:00,0.2434,0.2459,0.2434,0.2456,86759.4,1719946799999,21265.93077,280,45276.7,11101.2106,0,0.51
2024-07-02 19:00:00,0.2455,0.2457,0.2448,0.2453,156185.8,1719950399999,38297.83399,355,48577.8,11919.12736,0,0.51
2024-07-02 20:00:00,0.2454,0.2457,0.2443,0.2445,60348.1,1719953999999,14788.98523,287,30718.4,7526.90342,0,0.51
2024-07-02 21:00:00,0.2444,0.2451,0.2441,0.2449,52317.9,1719957599999,12792.22286,233,31672.0,7743.91878,0,0.51
2024-07-02 22:00:00,0.2449,0.2449,0.2441,0.2446,64165.4,1719961199999,15686.80313,253,41858.6,10233.85564,0,0.51
2024-07-02 23:00:00,0.2446,0.2454,0.2442,0.2443,95378.3,1719964799999,23348.71777,290,47134.1,11539.84994,0,0.51
2024-07-03 00:00:00,0.2445,0.2462,0.2443,0.2457,165442.1,1719968399999,40552.06535,538,103198.2,25283.61186,0,0.5
2024-07-03 01:00:00,0.2456,0.2458,0.242,0.2426,484528.7,1719971999999,118007.95077,1567,205848.7,50195.5243,0,0.5
2024-07-03 02:00:00,0.2426,0.2426,0.2405,0.2411,999442.8,1719975599999,241240.06408,2059,504157.6,121726.08493,0,0.5
2024-07-03 03:00:00,0.2409,0.2411,0.2372,0.2404,371808.9,1719979199999,88941.22289,1090,123881.9,29622.50181,0,0.5
2024-07-03 04:00:00,0.2404,0.2408,0.2392,0.24,140642.2,1719982799999,33757.09696,541,62200.3,14927.05034,0,0.5
2024-07-03 05:00:00,0.24,0.2407,0.2395,0.2407,68335.2,1719986399999,16392.50972,343,38382.1,9208.24977,0,0.5
2024-07-03 06:00:00,0.2407,0.2424,0.2406,0.2424,125268.2,1719989999999,30263.77331,488,46463.3,11232.045,0,0.5
2024-07-03 07:00:00,0.2423,0.2424,0.2414,0.242,87571.1,1719993599999,21183.01281,325,23682.9,5728.90315,0,0.5
2024-07-03 08:00:00,0.242,0.2437,0.2416,0.2428,212213.7,1719997199999,51475.57179,696,78749.0,19094.78864,0,0.5
2024-07-03 09:00:00,0.2428,0.2441,0.2424,0.2429,88495.4,1720000799999,21529.5433,364,25270.0,6146.77452,0,0.5
2024-07-03 10:00:00,0.2429,0.2429,0.237,0.2417,392971.7,1720004399999,94622.43833,1088,134324.8,32349.5913,0,0.5
2024-07-03 11:00:00,0.2417,0.2417,0.2398,0.2411,209209.8,1720007999999,50363.35817,485,122921.4,29596.735,0,0.5
2024-07-03 12:00:00,0.241,0.2411,0.2381,0.2395,218291.4,1720011599999,52375.09902,640,89793.7,21534.10884,0,0.5
2024-07-03 13:00:00,0.2392,0.2435,0.2387,0.2433,265217.7,1720015199999,64005.7565,651,149585.7,36094.57306,0,0.5
2024-07-03 14:00:00,0.2434,0.2437,0.2419,0.2422,136555.9,1720018799999,33169.32018,382,43432.0,10559.93062,0,0.5
2024-07-03 15:00:00,0.242,0.2426,0.2406,0.2421,76134.2,1720022399999,18415.06453,273,35362.1,8557.42325,0,0.5
2024-07-03 16:00:00,0.2419,0.2429,0.2403,0.2426,156786.4,1720025999999,37888.73335,375,89930.6,21731.30237,0,0.5
2024-07-03 17:00:00,0.2425,0.2426,0.239,0.24,142112.2,1720029599999,34245.11202,419,33208.3,7982.76773,0,0.5
2024-07-03 18:00:00,0.2401,0.2407,0.2389,0.2396,192657.7,1720033199999,46200.18466,663,69430.3,16664.83784,0,0.5
2024-07-03 19:00:00,0.2395,0.2397,0.2349,0.237,296937.8,1720036799999,70359.60093,818,127701.9,30250.49166,0,0.5
2024-07-03 20:00:00,0.2376,0.2388,0.2373,0.2376,149997.9,1720040399999,35703.96378,406,84190.7,20034.82664,0,0.5
2024-07-03 21:00:00,0.2378,0.2411,0.2373,0.2408,209971.2,1720043999999,50190.40034,510,106192.9,25380.97595,0,0.5
2024-07-03 22:00:00,0.2406,0.2414,0.2399,0.2407,109045.5,1720047599999,26242.62449,399,41845.1,10070.60975,0,0.5
2024-07-03 23:00:00,0.2407,0.2412,0.24,0.2409,90362.2,1720051199999,21731.14487,351,35915.3,8639.12429,0,0.5
2024-07-04 00:00:00,0.2407,0.2418,0.24,0.2402,87603.9,1720054799999,21092.41929,292,36104.5,8693.40187,0,0.44
2024-07-04 01:00:00,0.2401,0.2401,0.2288,0.2317,944956.0,1720058399999,220497.906,2511,440430.3,102779.41943,0,0.44
2024-07-04 02:00:00,0.2317,0.2337,0.2282,0.2333,411814.9,1720061999999,95204.04423,998,218886.7,50624.26852,0,0.44
2024-07-04 03:00:00,0.2331,0.2339,0.2327,0.2337,98527.1,1720065599999,22980.66373,193,53339.1,12444.41483,0,0.44
2024-07-04 04:00:00,0.2336,0.2351,0.2328,0.2347,311119.6,1720069199999,72879.06806,343,174868.7,40973.66356,0,0.44
2024-07-04 05:00:00,0.2349,0.2358,0.2344,0.235,219260.0,1720072799999,51612.83812,390,108626.8,25580.58596,0,0.44
2024-07-04 06:00:00,0.2349,0.2349,0.2322,0.2327,104682.5,1720076399999,24434.38657,348,39226.7,9153.3697,0,0.44
2024-07-04 07:00:00,0.2326,0.2328,0.2306,0.2317,175025.6,1720079999999,40566.5291,482,77032.0,17854.25709,0,0.44
2024-07-04 08:00:00,0.2317,0.2325,0.2279,0.231,410153.0,1720083599999,94512.94268,1075,172853.9,39838.58909,0,0.44
2024-07-04 09:00:00,0.2311,0.2316,0.228,0.2293,309186.3,1720087199999,70873.24046,769,127739.7,29270.08265,0,0.44
2024-07-04 10:00:00,0.2291,0.2299,0.2262,0.2296,144675.0,1720090799999,32967.80793,350,81669.7,18607.35924,0,0.44
2024-07-04 11:00:00,0.2295,0.2312,0.2284,0.2293,242714.8,1720094399999,55737.34346,1203,177760.9,40827.73633,0,0.44
2024-07-04 12:00:00,0.2293,0.2296,0.2257,0.226,276627.8,1720097999999,63122.29635,690,126921.4,28950.42938,0,0.44
2024-07-04 13:00:00,0.2256,0.2257,0.2211,0.2254,791688.6,1720101599999,176878.82714,1743,299844.5,67037.84605,0,0.44
2024-07-04 14:00:00,0.2255,0.2261,0.2233,0.2249,270008.1,1720105199999,60631.36503,756,141667.9,31841.15321,0,0.44
2024-07-04 15:00:00,0.2247,0.2271,0.2231,0.2262,271468.0,1720108799999,60995.92397,795,116118.7,26130.95052,0,0.44
2024-07-04 16:00:00,0.2261,0.2266,0.2249,0.2261,452747.5,1720112399999,102309.81453,1073,292322.6,66095.90496,0,0.44
2024-07-04 17:00:00,0.2262,0.227,0.2254,0.227,216426.0,1720115999999,48933.37343,639,128560.4,29058.38527,0,0.44
2024-07-04 18:00:00,0.2267,0.2267,0.2241,0.2254,378474.8,1720119599999,85128.05631,591,182543.7,41083.18647,0,0.44
2024-07-04 19:00:00,0.2255,0.2282,0.2254,0.2263,139493.8,1720123199999,31632.34684,568,71959.2,16322.7747,0,0.44
2024-07-04 20:00:00,0.2262,0.2273,0.2252,0.2271,210296.6,1720126799999,47473.44036,505,65698.9,14851.75948,0,0.44
2024-07-04 21:00:00,0.2272,0.23,0.2264,0.2297,388650.2,1720130399999,89038.84664,767,258399.2,59226.70681,0,0.44
2024-07-04 22:00:00,0.2298,0.231,0.2268,0.227,182291.8,1720133999999,41683.60802,434,63700.4,14587.61163,0,0.44
2024-07-04 23:00:00,0.227,0.227,0.2195,0.221,384794.9,1720137599999,85577.62718,1303,173975.6,38697.71749,0,0.44
2024-07-05 00:00:00,0.2211,0.2211,0.2061,0.2135,1794871.9,1720141199999,383214.84916,4631,871797.2,186075.32418,0,0.29
2024-07-05 01:00:00,0.2137,0.2141,0.2058,0.2134,1037188.5,1720144799999,218314.61231,2067,496342.9,104579.44049,0,0.29
2024-07-05 02:00:00,0.2131,0.2132,0.1953,0.1984,1519456.4,1720148399999,312343.41431,3540,614048.7,126610.2307,0,0.29
2024-07-05 03:00:00,0.1982,0.2027,0.1934,0.1999,2504995.4,1720151999999,500063.18568,6635,1342496.7,268081.4387,0,0.29
2024-07-05 04:00:00,0.1999,0.2045,0.1949,0.2026,1214637.4,1720155599999,242642.80232,3502,659260.8,131690.03695,0,0.29
2024-07-05 05:00:00,0.2021,0.205,0.201,0.2018,751979.7,1720159199999,152521.86185,1240,297277.3,60386.56513,0,0.29
2024-07-05 06:00:00,0.2018,0.2018,0.1982,0.1994,615712.3,1720162799999,123032.92022,1338,240692.0,48115.15874,0,0.29
2024-07-05 07:00:00,0.1993,0.2027,0.1988,0.2025,349286.3,1720166399999,70132.70185,1418,214599.4,43071.51188,0,0.29
2024-07-05 08:00:00,0.2025,0.2025,0.1958,0.1967,821264.2,1720169999999,162574.90613,1641,443087.7,87633.74481,0,0.29
2024-07-05 09:00:00,0.1966,0.2031,0.1964,0.2029,840321.7,1720173599999,169148.19887,1416,405121.6,81472.80483,0,0.29
2024-07-05 10:00:00,0.203,0.2083,0.2028,0.2067,1016480.1,1720177199999,209627.52304,1637,525333.2,108391.53669,0,0.29
2024-07-05 11:00:00,0.2067,0.2116,0.2066,0.2107,1632092.2,1720180799999,342201.45427,2330,1131694.3,237312.96376,0,0.29
2024-07-05 12:00:00,0.2107,0.2135,0.2093,0.2097,1379379.4,1720184399999,290955.08414,1633,754538.8,159181.85909,0,0.29
2024-07-05 13:00:00,0.2097,0.2154,0.209,0.2137,662542.0,1720187999999,140531.90681,925,319442.3,67759.76811,0,0.29
2024-07-05 14:00:00,0.2137,0.2149,0.211,0.2132,482704.2,1720191599999,102693.10635,785,288590.8,61440.00542,0,0.29
2024-07-05 15:00:00,0.2131,0.2175,0.2126,0.217,1559168.1,1720195199999,336258.56923,1711,940901.4,202903.49352,0,0.29
2024-07-05 16:00:00,0.2171,0.2198,0.2158,0.2164,608877.0,1720198799999,132351.30236,827,369031.2,80240.81745,0,0.29
2024-07-05 17:00:00,0.2161,0.2197,0.2154,0.2191,733512.2,1720202399999,159299.79763,1084,372915.2,81057.00986,0,0.29
2024-07-05 18:00:00,0.2191,0.2225,0.2178,0.2219,844188.6,1720205999999,185590.7505,1328,552652.3,121449.07371,0,0.29
2024-07-05 19:00:00,0.2217,0.2224,0.2209,0.2215,420629.9,1720209599999,93242.61826,647,230629.2,51131.01604,0,0.29
2024-07-05 20:00:00,0.2214,0.2215,0.2195,0.2208,173665.0,1720213199999,38300.49326,311,61267.6,13514.38479,0,0.29
2024-07-05 21:00:00,0.221,0.2215,0.219,0.219,126043.7,1720216799999,27801.6904,290,48632.1,10725.08665,0,0.29
2024-07-05 22:00:00,0.219,0.2211,0.2179,0.2192,130321.9,1720220399999,28595.70535,299,54911.1,12059.41916,0,0.29
2024-07-05 23:00:00,0.2193,0.2205,0.2185,0.2192,154428.1,1720223999999,33903.67722,324,83201.4,18266.76978,0,0.29
2024-07-06 00:00:00,0.2191,0.2244,0.2179,0.2214,373900.4,1720227599999,82800.51662,778,190827.8,42225.69617,0,0.26
2024-07-06 01:00:00,0.2213,0.2214,0.219,0.2193,225929.3,1720231199999,49723.90007,420,149179.9,32831.87816,0,0.26
2024-07-06 02:00:00,0.2195,0.2212,0.2179,0.22,140127.2,1720234799999,30766.34974,297,66368.4,14572.05429,0,0.26
2024-07-06 03:00:00,0.22,0.2207,0.2195,0.2199,133012.2,1720238399999,29271.04818,328,62458.5,13747.06409,0,0.26
2024-07-06 04:00:00,0.2199,0.2203,0.2185,0.2186,106203.0,1720241999999,23311.36817,233,43074.1,9454.08828,0,0.26
2024-07-06 05:00:00,0.2186,0.2187,0.2176,0.2177,112831.3,1720245599999,24618.41206,263,44725.5,9757.29746,0,0.26
2024-07-06 06:00:00,0.2177,0.2216,0.2176,0.221,135599.6,1720249199999,29924.64415,240,49046.2,10815.55276,0,0.26
2024-07-06 07:00:00,0.2208,0.2232,0.2206,0.2228,224894.6,1720252799999,50010.56359,405,122458.3,27224.86053,0,0.26
2024-07-06 08:00:00,0.2227,0.223,0.2211,0.2215,217271.7,1720256399999,48245.61622,402,72864.1,16186.99495,0,0.26
2024-07-06 09:00:00,0.2215,0.2238,0.2205,0.2237,213028.8,1720259999999,47205.19559,439,104203.1,23107.80033,0,0.26
2024-07-06 10:00:00,0.2236,0.2242,0.222,0.2221,110061.4,1720263599999,24524.1364,295,47089.1,10500.53127,0,0.26
2024-07-06 11:00:00,0.2221,0.223,0.2216,0.2223,120207.8,1720267199999,26708.25123,328,37087.0,8245.38569,0,0.26
2024-07-06 12:00:00,0.222,0.2225,0.22,0.2211,110025.3,1720270799999,24333.25138,375,45806.8,10131.72678,0,0.26
2024-07-06 13:00:00,0.2211,0.2229,0.2199,0.2218,137906.2,1720274399999,30522.16776,359,72878.0,16141.91305,0,0.26
2024-07-06 14:00:00,0.2216,0.2234,0.2205,0.223,121083.4,1720277999999,26867.19446,367,51083.2,11335.29373,0,0.26
2024-07-06 15:00:00,0.2229,0.2257,0.2229,0.225,163892.4,1720281599999,36788.17451,360,69686.4,15644.36871,0,0.26
2024-07-06 16:00:00,0.2252,0.2301,0.2245,0.2295,353806.5,1720285199999,80594.804,818,167699.0,38179.51206,0,0.26
2024-07-06 17:00:00,0.2296,0.2312,0.2292,0.2304,224594.1,1720288799999,51774.31132,599,101407.1,23386.48447,0,0.26
2024-07-06 18:00:00,0.2305,0.2313,0.2297,0.2312,227712.6,1720292399999,52512.90907,540,83285.5,19204.76876,0,0.26
2024-07-06 19:00:00,0.2312,0.2314,0.2299,0.2308,88078.1,1720295999999,20300.86058,297,47629.6,10981.53405,0,0.26
2024-07-06 20:00:00,0.2307,0.2313,0.2301,0.2305,165044.5,1720299599999,38062.20661,619,68074.3,15701.42719,0,0.26
2024-07-06 21:00:00,0.2304,0.2314,0.2301,0.231,222653.2,1720303199999,51381.8876,743,86307.0,19920.46251,0,0.26
2024-07-06 22:00:00,0.2309,0.2325,0.2307,0.2325,194023.5,1720306799999,44973.38402,506,99801.6,23124.01658,0,0.26
2024-07-06 23:00:00,0.2325,0.2329,0.2314,0.2319,111957.6,1720310399999,25987.86768,483,44648.9,10369.63764,0,0.26
2024-07-07 00:00:00,0.2319,0.2331,0.2302,0.2302,263213.9,1720313999999,61005.37214,633,80780.9,18731.86224,0,0.29
2024-07-07 01:00:00,0.2302,0.2316,0.2284,0.2308,140619.9,1720317599999,32321.3909,368,61242.2,14085.67652,0,0.29
2024-07-07 02:00:00,0.2307,0.2318,0.2306,0.2316,57667.6,1720321199999,13325.88036,143,24696.5,5706.18043,0,0.29
2024-07-07 03:00:00,0.2314,0.2315,0.23,0.2306,69272.5,1720324799999,15966.45271,179,33981.7,7833.60107,0,0.29
2024-07-07 04:00:00,0.2309,0.2312,0.229,0.2295,127404.1,1720328399999,29273.03965,322,49857.3,11455.52645,0,0.29
2024-07-07 05:00:00,0.2295,0.2317,0.2286,0.2315,135535.5,1720331999999,31268.52331,347,56145.4,12949.3204,0,0.29
2024-07-07 06:00:00,0.2315,0.2318,0.2295,0.2296,79959.2,1720335599999,18460.31417,242,24679.2,5699.01807,0,0.29
2024-07-07 07:00:00,0.2297,0.2303,0.2264,0.2279,147694.1,1720339199999,33692.18976,406,72491.1,16537.9609,0,0.29
2024-07-07 08:00:00,0.2281,0.2289,0.2273,0.2282,97446.7,1720342799999,22211.43387,230,36969.2,8429.82759,0,0.29
2024-07-07 09:00:00,0.2283,0.23,0.2279,0.2296,116927.8,1720346399999,26781.66951,258,67770.1,15535.94307,0,0.29
2024-07-07 10:00:00,0.2292,0.2314,0.2292,0.2299,105830.7,1720349999999,24348.96195,233,49553.1,11405.09275,0,0.29
2024-07-07 11:00:00,0.23,0.2309,0.2296,0.2308,74896.6,1720353599999,17248.16821,195,30577.1,7043.82206,0,0.29
2024-07-07 12:00:00,0.2305,0.232,0.2292,0.2298,181621.1,1720357199999,41832.35839,403,40782.8,9403.71068,0,0.29
2024-07-07 13:00:00,0.2298,0.2298,0.2252,0.2264,459347.1,1720360799999,104246.86324,755,242072.2,54870.80922,0,0.29
2024-07-07 14:00:00,0.2262,0.2269,0.224,0.2251,293447.5,1720364399999,66002.45654,565,110650.1,24889.10868,0,0.29
2024-07-07 15:00:00,0.225,0.2255,0.222,0.2233,261919.5,1720367999999,58863.11087,602,120998.3,27204.42198,0,0.29
2024-07-07 16:00:00,0.2233,0.2261,0.2228,0.2247,198364.3,1720371599999,44594.14943,397,101003.8,22744.72601,0,0.29
2024-07-07 17:00:00,0.2248,0.2254,0.2225,0.2248,88429.4,1720375199999,19807.78512,212,45250.5,10137.4757,0,0.29
2024-07-07 18:00:00,0.2252,0.2263,0.2245,0.2249,239659.6,1720378799999,53993.69961,309,124648.4,28074.23409,0,0.29
2024-07-07 19:00:00,0.2249,0.2257,0.2242,0.2246,77500.3,1720382399999,17406.55072,248,37166.0,8348.92316,0,0.29
2024-07-07 20:00:00,0.2244,0.2246,0.2227,0.2233,150700.0,1720385999999,33690.26141,361,69951.4,15635.11162,0,0.29
2024-07-07 21:00:00,0.2233,0.2234,0.2188,0.2209,274578.1,1720389599999,60564.46798,680,141672.6,31264.16392,0,0.29
2024-07-07 22:00:00,0.2209,0.2221,0.2171,0.2177,131775.3,1720393199999,28907.50762,415,55043.5,12112.78758,0,0.29
2024-07-07 23:00:00,0.2182,0.2195,0.2156,0.2171,146812.4,1720396799999,31988.90903,375,54321.2,11842.49872,0,0.29
2024-07-08 00:00:00,0.217,0.2182,0.2112,0.2123,641847.5,1720400399999,137791.25261,1573,318772.5,68485.26742,0,0.28
2024-07-08 01:00:00,0.2123,0.2128,0.2081,0.2128,414957.0,1720403999999,87176.0754,1171,204264.9,42926.34571,0,0.28
2024-07-08 02:00:00,0.2128,0.2166,0.2118,0.2157,179620.7,1720407599999,38553.06028,706,88268.8,18957.31065,0,0.28
2024-07-08 03:00:00,0.2161,0.217,0.2139,0.2148,113046.3,1720411199999,24312.8158,388,44193.4,9503.36528,0,0.28
2024-07-08 04:00:00,0.215,0.217,0.2139,0.2167,181284.0,1720414799999,39019.94915,438,94776.0,20399.46306,0,0.28
2024-07-08 05:00:00,0.2167,0.2178,0.2141,0.2149,136555.0,1720418399999,29468.04049,417,75837.6,16371.20909,0,0.28
2024-07-08 06:00:00,0.215,0.2174,0.2139,0.2161,385172.4,1720421999999,83185.21059,810,235294.4,50819.33926,0,0.28
2024-07-08 07:00:00,0.2161,0.2161,0.2135,0.2149,1867336.6,1720425599999,400918.01098,2119,934399.4,200537.14072,0,0.28
2024-07-08 08:00:00,0.2149,0.2256,0.2142,0.2252,1026754.7,1720429199999,223541.88261,1825,597706.3,130172.75714,0,0.28
2024-07-08 09:00:00,0.2252,0.2272,0.224,0.2243,324262.4,1720432799999,73087.55245,760,177503.5,40019.63671,0,0.28
2024-07-08 10:00:00,0.2246,0.2261,0.2211,0.2217,118992.7,1720436399999,26704.23474,467,63291.7,14205.9892,0,0.28
2024-07-08 11:00:00,0.2217,0.2263,0.2216,0.226,225922.2,1720439999999,50857.93504,502,157213.5,35436.36073,0,0.28
2024-07-08 12:00:00,0.226,0.2268,0.2244,0.2252,283337.0,1720443599999,63876.43777,618,56530.2,12762.15606,0,0.28
2024-07-08 13:00:00,0.225,0.2265,0.223,0.2248,216584.9,1720447199999,48699.86792,648,79999.9,17994.15624,0,0.28
2024-07-08 14:00:00,0.2247,0.2257,0.2158,0.2233,685725.9,1720450799999,151974.79964,1886,347190.0,77040.80634,0,0.28
2024-07-08 15:00:00,0.2233,0.2267,0.2209,0.2209,361442.4,1720454399999,80988.86377,1005,219750.2,49280.13067,0,0.28
2024-07-08 16:00:00,0.2211,0.2224,0.2188,0.2212,199745.2,1720457999999,44035.69175,434,100418.2,22149.6787,0,0.28
2024-07-08 17:00:00,0.221,0.2228,0.22,0.2216,132370.6,1720461599999,29321.63407,343,60997.0,13513.10885,0,0.28
2024-07-08 18:00:00,0.2216,0.2216,0.22,0.2211,113258.1,1720465199999,25018.35246,245,36966.5,8168.07358,0,0.28
2024-07-08 19:00:00,0.2211,0.2223,0.2207,0.2215,179137.2,1720468799999,39668.07916,399,89971.1,19927.09328,0,0.28
2024-07-08 20:00:00,0.2214,0.2224,0.2194,0.2198,163064.4,1720472399999,36024.16724,470,97176.9,21472.30046,0,0.28
2024-07-08 21:00:00,0.2196,0.2215,0.2189,0.2207,211354.3,1720475999999,46507.59946,587,108031.4,23776.37417,0,0.28
2024-07-08 22:00:00,0.2206,0.2218,0.22,0.2201,156501.5,1720479599999,34509.81539,720,81444.1,17964.43164,0,0.28
2024-07-08 23:00:00,0.2202,0.2208,0.2191,0.2196,291341.1,1720483199999,64031.10425,1037,221084.7,48582.60991,0,0.28
2024-07-09 00:00:00,0.2196,0.221,0.2187,0.2203,456824.4,1720486799999,100487.03623,755,255770.0,56229.8115,0,0.27
2024-07-09 01:00:00,0.2202,0.2245,0.2196,0.2209,662133.3,1720490399999,146428.70149,1450,292242.4,64649.34578,0,0.27
2024-07-09 02:00:00,0.2207,0.2246,0.2197,0.2245,223592.1,1720493999999,49640.57939,582,119420.5,26520.09924,0,0.27
2024-07-09 03:00:00,0.2246,0.2256,0.223,0.2249,146645.9,1720497599999,32913.54076,439,64382.9,14456.58078,0,0.27
2024-07-09 04:00:00,0.2249,0.2264,0.2247,0.2261,83113.8,1720501199999,18745.65309,262,47124.9,10627.77521,0,0.27
2024-07-09 05:00:00,0.2258,0.2265,0.2243,0.2258,117420.7,1720504799999,26464.08995,397,47753.3,10750.34045,0,0.27
2024-07-09 06:00:00,0.2259,0.2275,0.2254,0.226,149236.5,1720508399999,33777.29982,426,49214.3,11139.94264,0,0.27
2024-07-09 07:00:00,0.226,0.2262,0.2248,0.2259,154036.6,1720511999999,34737.11482,354,79924.3,18027.22983,0,0.27
2024-07-09 08:00:00,0.2259,0.2278,0.225,0.2258,503206.4,1720515599999,114098.74401,1156,195428.4,44316.88978,0,0.27
2024-07-09 09:00:00,0.2259,0.2265,0.2251,0.2252,89398.1,1720519199999,20180.96545,278,31801.0,7181.58484,0,0.27
2024-07-09 10:00:00,0.2251,0.226,0.225,0.2255,99652.8,1720522799999,22467.36202,291,43351.6,9777.84595,0,0.27
2024-07-09 11:00:00,0.2257,0.2258,0.224,0.2251,142195.0,1720526399999,31969.50637,436,55842.3,12554.95334,0,0.27
2024-07-09 12:00:00,0.2252,0.2266,0.2248,0.2259,134472.8,1720529999999,30344.98156,441,65887.0,14868.99611,0,0.27
2024-07-09 13:00:00,0.2258,0.2264,0.2247,0.2256,104505.8,1720533599999,23571.90392,465,38938.6,8782.64454,0,0.27
2024-07-09 14:00:00,0.2258,0.2289,0.2251,0.2257,390175.1,1720537199999,88681.21132,1384,175168.5,39802.89478,0,0.27
2024-07-09 15:00:00,0.2256,0.2281,0.2247,0.228,203988.0,1720540799999,46162.69529,445,112232.7,25407.21552,0,0.27
2024-07-09 16:00:00,0.2279,0.2296,0.2279,0.2291,201217.4,1720544399999,46024.77787,404,106087.9,24272.17469,0,0.27
2024-07-09 17:00:00,0.2292,0.2295,0.2279,0.2284,143530.8,1720547999999,32830.50977,386,83850.1,19180.42965,0,0.27
2024-07-09 18:00:00,0.2284,0.23,0.228,0.2294,251118.9,1720551599999,57499.04026,686,151436.3,34674.92264,0,0.27
2024-07-09 19:00:00,0.2295,0.231,0.2295,0.2305,81212.6,1720555199999,18701.44288,341,38255.6,8811.27843,0,0.27
2024-07-09 20:00:00,0.2302,0.2321,0.2301,0.2313,274853.9,1720558799999,63652.26644,387,178331.1,41300.7963,0,0.27
2024-07-09 21:00:00,0.2315,0.2324,0.231,0.2312,119726.0,1720562399999,27738.13037,339,48898.8,11331.13571,0,0.27
2024-07-09 22:00:00,0.231,0.232,0.2303,0.2304,104578.6,1720565999999,24146.84251,380,38863.4,8974.1382,0,0.27
2024-07-09 23:00:00,0.2305,0.2309,0.23,0.2306,47224.1,1720569599999,10886.16432,259,11374.7,2623.25183,0,0.27
2024-07-10 00:00:00,0.2305,0.2306,0.2282,0.2284,164228.1,1720573199999,37729.61267,522,70747.3,16263.74611,0,0.28
2024-07-10 01:00:00,0.2285,0.2318,0.2279,0.2307,112818.7,1720576799999,25919.41492,478,52191.6,12004.80651,0,0.28
2024-07-10 02:00:00,0.2306,0.2306,0.2287,0.2298,63955.8,1720580399999,14702.35101,283,20303.4,4661.85063,0,0.28
2024-07-10 03:00:00,0.2298,0.2309,0.2292,0.2308,69630.7,1720583999999,16014.66777,308,34511.3,7941.7447,0,0.28
2024-07-10 04:00:00,0.2309,0.2352,0.2307,0.2351,387311.8,1720587599999,90236.25946,1108,214504.7,49920.84939,0,0.28
2024-07-10 05:00:00,0.2351,0.236,0.234,0.2346,168671.7,1720591199999,39619.04111,562,75782.3,17807.8179,0,0.28
2024-07-10 06:00:00,0.2346,0.2356,0.2336,0.2353,65383.4,1720594799999,15354.58506,298,30395.7,7141.16507,0,0.28
2024-07-10 07:00:00,0.2351,0.2353,0.2334,0.2341,100033.4,1720598399999,23437.84046,395,53289.3,12486.69542,0,0.28
2024-07-10 08:00:00,0.234,0.2342,0.2327,0.233,132019.1,1720601999999,30809.45117,473,53319.8,12444.34267,0,0.28
2024-07-10 09:00:00,0.233,0.2333,0.2309,0.2319,258753.8,1720605599999,60014.81181,597,86233.9,19994.40903,0,0.28
2024-07-10 10:00:00,0.232,0.2328,0.2311,0.2322,70376.9,1720609199999,16347.22781,265,32885.3,7640.04085,0,0.28
2024-07-10 11:00:00,0.2324,0.2325,0.2306,0.2315,110099.2,1720612799999,25490.87877,343,47761.6,11057.07608,0,0.28
2024-07-10 12:00:00,0.2313,0.2324,0.2302,0.2314,295728.2,1720616399999,68316.32995,613,155143.1,35842.95632,0,0.28
2024-07-10 13:00:00,0.2318,0.2324,0.2297,0.2311,113159.4,1720619999999,26120.16049,333,47640.6,10998.90913,0,0.28
2024-07-10 14:00:00,0.2311,0.2323,0.2303,0.2317,85954.5,1720623599999,19901.70634,266,31517.0,7295.27012,0,0.28
2024-07-10 15:00:00,0.2318,0.2344,0.2311,0.2338,359137.6,1720627199999,83706.41669,551,281167.7,65527.65044,0,0.28
2024-07-10 16:00:00,0.2337,0.236,0.2336,0.2345,108811.7,1720630799999,25549.97771,395,43768.5,10277.93359,0,0.28
2024-07-10 17:00:00,0.2344,0.2349,0.2328,0.2343,93536.1,1720634399999,21871.4556,280,60012.9,14032.69628,0,0.28
2024-07-10 18:00:00,0.2341,0.2349,0.2335,0.234,76319.4,1720637999999,17877.04237,221,26453.0,6197.63582,0,0.28
2024-07-10 19:00:00,0.2341,0.2352,0.2338,0.235,91406.4,1720641599999,21431.29418,320,67789.3,15892.91015,0,0.28
2024-07-10 20:00:00,0.2349,0.2354,0.2336,0.235,174125.4,1720645199999,40887.0371,364,96167.3,22582.82257,0,0.28
2024-07-10 21:00:00,0.2349,0.235,0.2336,0.2344,66618.0,1720648799999,15603.12004,248,22463.6,5261.58678,0,0.28
2024-07-10 22:00:00,0.2343,0.2357,0.2339,0.2353,105265.2,1720652399999,24714.98256,357,49503.7,11627.53158,0,0.28
2024-07-10 23:00:00,0.2354,0.2356,0.2346,0.2354,69709.1,1720655999999,16385.76298,195,25641.6,6031.42463,0,0.28
2024-07-11 00:00:00,0.235,0.2352,0.232,0.2334,180205.0,1720659599999,42008.71668,561,73774.6,17190.6852,0,0.29
2024-07-11 01:00:00,0.2337,0.2371,0.2323,0.2365,257361.7,1720663199999,60544.7735,837,190805.0,44920.98796,0,0.29
2024-07-11 02:00:00,0.2365,0.2366,0.2348,0.235,136892.6,1720666799999,32247.88871,398,71945.4,16948.38194,0,0.29
2024-07-11 03:00:00,0.235,0.2351,0.2317,0.2344,194215.2,1720670399999,45287.21587,636,108931.6,25411.16534,0,0.29
2024-07-11 04:00:00,0.2344,0.2347,0.2334,0.2336,38657.2,1720673999999,9047.43175,175,22964.6,5375.92551,0,0.29
2024-07-11 05:00:00,0.2336,0.2348,0.2328,0.2344,52988.2,1720677599999,12381.51018,170,33974.3,7939.94247,0,0.29
2024-07-11 06:00:00,0.2343,0.2343,0.2329,0.2338,72722.2,1720681199999,16989.22335,214,28998.5,6778.21661,0,0.29
2024-07-11 07:00:00,0.2339,0.2346,0.2334,0.2346,66923.5,1720684799999,15664.52309,181,31123.8,7289.49076,0,0.29
2024-07-11 08:00:00,0.2344,0.2356,0.2344,0.2352,94934.5,1720688399999,22325.34892,292,53256.7,12527.63844,0,0.29
2024-07-11 09:00:00,0.2353,0.2356,0.2344,0.2347,94018.8,1720691999999,22100.58385,267,38817.5,9126.87422,0,0.29
2024-07-11 10:00:00,0.2349,0.2352,0.2337,0.2351,128486.5,1720695599999,30115.7711,321,76401.4,17912.15436,0,0.29
2024-07-11 11:00:00,0.2352,0.2365,0.235,0.2361,154212.4,1720699199999,36344.01683,362,101260.1,23869.6154,0,0.29
2024-07-11 12:00:00,0.2359,0.24,0.2348,0.2374,435281.0,1720702799999,103338.70481,1278,214519.0,51018.70623,0,0.29
2024-07-11 13:00:00,0.2373,0.2378,0.2353,0.2365,111953.8,1720706399999,26518.86282,315,47660.1,11295.22414,0,0.29
2024-07-11 14:00:00,0.2366,0.2377,0.2335,0.2347,282087.1,1720709999999,66209.61053,853,112289.7,26371.88387,0,0.29
2024-07-11 15:00:00,0.2348,0.2354,0.2314,0.2325,244384.1,1720713599999,57113.7067,1052,90267.4,21106.12288,0,0.29
2024-07-11 16:00:00,0.2325,0.234,0.2305,0.2333,213133.9,1720717199999,49605.47582,1106,64257.0,14962.93477,0,0.29
2024-07-11 17:00:00,0.2332,0.2349,0.2329,0.2333,90553.2,1720720799999,21171.35631,261,44652.9,10446.05408,0,0.29
2024-07-11 18:00:00,0.2333,0.235,0.2333,0.2343,206478.0,1720724399999,48397.98347,470,131502.0,30826.98951,0,0.29
2024-07-11 19:00:00,0.2347,0.2347,0.2327,0.233,107682.4,1720727999999,25151.56036,267,39603.5,9255.33952,0,0.29
2024-07-11 20:00:00,0.2331,0.2331,0.2313,0.2322,131607.8,1720731599999,30562.17471,407,47484.0,11031.94222,0,0.29
2024-07-11 21:00:00,0.232,0.2323,0.2296,0.2304,70006.4,1720735199999,16152.92347,268,26334.5,6083.83521,0,0.29
2024-07-11 22:00:00,0.2303,0.2303,0.2282,0.2291,295254.1,1720738799999,67675.41313,590,112404.5,25759.62495,0,0.29
2024-07-11 23:00:00,0.2292,0.2294,0.2276,0.2286,226278.3,1720742399999,51662.52064,394,49652.5,11341.91962,0,0.29
2024-07-12 00:00:00,0.2287,0.2321,0.2283,0.2304,344513.3,1720745999999,79213.1362,678,181248.7,41668.58289,0,0.25
2024-07-12 01:00:00,0.2303,0.2314,0.2272,0.2305,107327.1,1720749599999,24647.87488,414,47173.5,10839.85678,0,0.25
2024-07-12 02:00:00,0.2306,0.2316,0.23,0.2315,24274.5,1720753199999,5605.27726,117,13469.7,3109.7074,0,0.25
2024-07-12 03:00:00,0.2314,0.2315,0.2296,0.2298,179120.3,1720756799999,41199.07845,214,30441.8,7001.54388,0,0.25
2024-07-12 04:00:00,0.23,0.2301,0.2283,0.2294,76176.2,1720760399999,17445.53912,161,16979.6,3888.83149,0,0.25
2024-07-12 05:00:00,0.2296,0.2299,0.2283,0.2289,44664.1,1720763999999,10226.74556,93,28464.0,6513.74296,0,0.25
2024-07-12 06:00:00,0.2288,0.231,0.2287,0.2299,102859.6,1720767599999,23662.67509,263,45820.3,10546.26503,0,0.25
2024-07-12 07:00:00,0.23,0.2305,0.2286,0.2296,53559.4,1720771199999,12286.16424,164,25929.5,5952.33683,0,0.25
2024-07-12 08:00:00,0.2295,0.2307,0.229,0.2306,101253.6,1720774799999,23271.68934,203,49340.3,11342.28981,0,0.25
2024-07-12 09:00:00,0.2305,0.231,0.2278,0.2282,161602.1,1720778399999,37084.08701,256,72759.9,16711.1582,0,0.25
2024-07-12 10:00:00,0.2282,0.229,0.2264,0.2279,255307.7,1720781999999,58115.09813,518,92282.6,21004.35968,0,0.25
2024-07-12 11:00:00,0.2278,0.2282,0.2266,0.2272,107335.2,1720785599999,24403.2199,253,41041.2,9332.49321,0,0.25
2024-07-12 12:00:00,0.2272,0.2289,0.227,0.2288,154052.7,1720789199999,35126.1797,353,89296.9,20372.14129,0,0.25
2024-07-12 13:00:00,0.2289,0.233,0.2288,0.2326,203666.7,1720792799999,47147.72542,573,116126.5,26869.39414,0,0.25
2024-07-12 14:00:00,0.2328,0.2333,0.2311,0.2312,247368.7,1720796399999,57404.56415,522,104539.9,24277.40645,0,0.25
2024-07-12 15:00:00,0.2314,0.233,0.2314,0.2322,82459.4,1720799999999,19130.35177,244,48822.3,11327.87276,0,0.25
2024-07-12 16:00:00,0.2321,0.2336,0.2313,0.2326,116999.5,1720803599999,27179.72168,329,72151.6,16760.1216,0,0.25
2024-07-12 17:00:00,0.2322,0.2327,0.2316,0.2318,112235.6,1720807199999,26049.59265,253,55281.4,12832.62589,0,0.25
2024-07-12 18:00:00,0.232,0.2334,0.2314,0.2326,130923.5,1720810799999,30415.7668,418,93671.5,21765.19993,0,0.25
2024-07-12 19:00:00,0.2326,0.2332,0.2311,0.2312,107387.6,1720814399999,24893.66748,285,46986.1,10898.73325,0,0.25
2024-07-12 20:00:00,0.2315,0.2316,0.2298,0.231,147436.8,1720817999999,34040.70116,370,87878.8,20288.86877,0,0.25
2024-07-12 21:00:00,0.231,0.2311,0.23,0.23,51804.1,1720821599999,11939.56044,212,27508.8,6339.78822,0,0.25
2024-07-12 22:00:00,0.2301,0.2302,0.2291,0.2296,110168.7,1720825199999,25297.23949,376,70455.4,16178.17128,0,0.25
2024-07-12 23:00:00,0.2296,0.2301,0.2291,0.2301,128149.9,1720828799999,29414.41945,431,106096.8,24355.63283,0,0.25
2024-07-13 00:00:00,0.2301,0.2317,0.2299,0.2317,212923.3,1720832399999,49157.98999,639,126143.3,29124.32802,0,0.25
2024-07-13 01:00:00,0.2316,0.2322,0.2309,0.231,83775.8,1720835999999,19386.02424,276,43140.5,9981.74183,0,0.25
2024-07-13 02:00:00,0.231,0.2314,0.2301,0.2309,155286.8,1720839599999,35832.74747,484,79615.9,18367.35798,0,0.25
2024-07-13 03:00:00,0.231,0.2313,0.2303,0.231,62545.2,1720843199999,14442.41203,317,44488.5,10272.91786,0,0.25
2024-07-13 04:00:00,0.2309,0.2311,0.23,0.23,30049.0,1720846799999,6932.23622,142,15248.1,3517.9206,0,0.25
2024-07-13 05:00:00,0.2299,0.2325,0.2297,0.2318,92105.2,1720850399999,21341.71524,388,51502.5,11929.90121,0,0.25
2024-07-13 06:00:00,0.232,0.2328,0.2315,0.2317,84315.0,1720853999999,19564.00831,305,54658.6,12684.51563,0,0.25
2024-07-13 07:00:00,0.2317,0.2326,0.2315,0.2326,194762.4,1720857599999,45201.09087,440,96126.7,22311.91419,0,0.25
2024-07-13 08:00:00,0.2325,0.2335,0.2311,0.2314,505808.4,1720861199999,117548.75488,583,142755.2,33171.59614,0,0.25
2024-07-13 09:00:00,0.2314,0.2332,0.2308,0.2331,299700.2,1720864799999,69433.6138,594,81910.4,19038.96861,0,0.25
2024-07-13 10:00:00,0.233,0.233,0.2311,0.232,317903.3,1720868399999,73745.38594,750,140230.5,32542.41915,0,0.25
2024-07-13 11:00:00,0.2321,0.2321,0.2315,0.2318,83128.8,1720871999999,19264.50415,218,52979.1,12278.4481,0,0.25
2024-07-13 12:00:00,0.2317,0.2324,0.2315,0.232,86733.2,1720875599999,20112.67012,262,50204.9,11640.88003,0,0.25
2024-07-13 13:00:00,0.2321,0.2321,0.2312,0.2313,43399.0,1720879199999,10049.55323,180,29099.5,6737.85133,0,0.25
2024-07-13 14:00:00,0.2313,0.232,0.2307,0.2319,143351.3,1720882799999,33141.70226,386,76047.4,17583.60935,0,0.25
2024-07-13 15:00:00,0.232,0.2334,0.2316,0.2327,241795.5,1720886399999,56255.29055,453,129503.6,30143.33744,0,0.25
2024-07-13 16:00:00,0.2327,0.2337,0.2324,0.233,152906.2,1720889999999,35632.44654,456,98993.9,23071.81301,0,0.25
2024-07-13 17:00:00,0.233,0.2335,0.2326,0.2334,104796.7,1720893599999,24423.2657,288,38759.7,9031.29885,0,0.25
2024-07-13 18:00:00,0.2334,0.2339,0.2324,0.2331,195072.2,1720897199999,45494.24732,339,37783.4,8811.1247,0,0.25
2024-07-13 19:00:00,0.2332,0.2341,0.2332,0.2339,89871.6,1720900799999,20991.43693,244,64425.9,15048.41451,0,0.25
2024-07-13 20:00:00,0.2338,0.2348,0.2337,0.2347,91713.1,1720904399999,21478.01848,247,36307.5,8505.47495,0,0.25
2024-07-13 21:00:00,0.2348,0.2355,0.2343,0.2355,88389.7,1720907999999,20762.09055,241,54833.5,12884.80746,0,0.25
2024-07-13 22:00:00,0.2356,0.2386,0.2344,0.2384,287846.1,1720911599999,68097.89453,995,150384.0,35584.26159,0,0.25
2024-07-13 23:00:00,0.2384,0.2396,0.2376,0.2377,213912.0,1720915199999,51040.72221,658,75054.4,17919.20216,0,0.25
2024-07-14 00:00:00,0.2378,0.239,0.2366,0.2374,142500.2,1720918799999,33855.52753,418,63879.5,15184.60444,0,0.33
2024-07-14 01:00:00,0.2373,0.2384,0.2369,0.2381,172280.0,1720922399999,40955.01528,444,86222.2,20493.099,0,0.33
2024-07-14 02:00:00,0.2381,0.2381,0.2367,0.2375,78418.5,1720925999999,18603.08615,303,39567.3,9384.1837,0,0.33
2024-07-14 03:00:00,0.2375,0.2382,0.2371,0.2381,30160.9,1720929599999,7174.40689,147,10100.6,2401.89436,0,0.33
2024-07-14 04:00:00,0.238,0.2408,0.2379,0.2408,506246.7,1720933199999,121205.9587,1112,354815.7,84880.65777,0,0.33
2024-07-14 05:00:00,0.2407,0.2419,0.2391,0.2398,371875.3,1720936799999,89211.57879,956,146495.4,35151.87726,0,0.33
2024-07-14 06:00:00,0.2397,0.2398,0.2385,0.2388,157390.9,1720940399999,37650.36324,560,65527.1,15675.45658,0,0.33
2024-07-14 07:00:00,0.2388,0.2389,0.238,0.2384,114004.5,1720943999999,27186.74003,318,37163.0,8867.22226,0,0.33
2024-07-14 08:00:00,0.2384,0.2396,0.2383,0.2392,110163.8,1720947599999,26292.9181,456,43838.7,10462.56375,0,0.33
2024-07-14 09:00:00,0.2393,0.2398,0.2385,0.2396,62395.2,1720951199999,14918.35508,306,25655.2,6132.76528,0,0.33
2024-07-14 10:00:00,0.2395,0.2395,0.2385,0.2385,87828.8,1720954799999,20985.50714,233,28999.2,6930.48937,0,0.33
2024-07-14 11:00:00,0.2384,0.2393,0.2382,0.2383,78392.3,1720958399999,18707.84721,329,32854.1,7838.72848,0,0.33
2024-07-14 12:00:00,0.2383,0.2383,0.2366,0.2367,211162.9,1720961999999,50117.98871,571,112430.0,26699.59563,0,0.33
2024-07-14 13:00:00,0.2368,0.2378,0.2365,0.237,154997.9,1720965599999,36759.50686,397,93045.6,22077.66886,0,0.33
2024-07-14 14:00:00,0.2371,0.2393,0.2363,0.2386,123721.3,1720969199999,29425.27969,398,70571.5,16785.88032,0,0.33
2024-07-14 15:00:00,0.2387,0.2399,0.2385,0.2395,78225.9,1720972799999,18718.39057,286,37065.6,8868.92833,0,0.33
2024-07-14 16:00:00,0.2393,0.2395,0.2383,0.239,105964.6,1720976399999,25308.78859,244,40486.6,9666.57879,0,0.33
2024-07-14 17:00:00,0.2389,0.2391,0.2378,0.2386,57361.7,1720979999999,13675.07403,184,23983.0,5720.04447,0,0.33
2024-07-14 18:00:00,0.2386,0.2386,0.2382,0.2385,46292.8,1720983599999,11034.2177,170,26361.0,6284.14754,0,0.33
2024-07-14 19:00:00,0.2388,0.2388,0.2377,0.238,14725.0,1720987199999,3510.73722,69,6343.5,1511.7496,0,0.33
2024-07-14 20:00:00,0.238,0.2395,0.2379,0.2394,77749.9,1720990799999,18586.1614,191,32442.6,7755.57755,0,0.33
2024-07-14 21:00:00,0.2392,0.2434,0.2388,0.2433,260849.5,1720994399999,63108.04351,768,125688.4,30395.31903,0,0.33
2024-07-14 22:00:00,0.2435,0.2452,0.2433,0.2444,199219.3,1720997999999,48629.30894,691,76239.8,18613.67587,0,0.33
2024-07-14 23:00:00,0.2444,0.2453,0.2437,0.2443,161826.2,1721001599999,39572.09029,389,96342.9,23558.71416,0,0.33
2024-07-15 00:00:00,0.2443,0.2457,0.2427,0.2451,226734.4,1721005199999,55430.89105,527,114366.9,27979.93062,0,0.52
2024-07-15 01:00:00,0.2449,0.2455,0.2425,0.2432,232019.2,1721008799999,56623.0573,540,65091.1,15905.15263,0,0.52
2024-07-15 02:00:00,0.2431,0.2457,0.2428,0.245,261484.9,1721012399999,63977.82703,537,145850.5,35673.13046,0,0.52
2024-07-15 03:00:00,0.2449,0.2455,0.2446,0.245,281662.8,1721015999999,68977.81044,570,88856.0,21766.60932,0,0.52
2024-07-15 04:00:00,0.2452,0.246,0.245,0.2458,87467.6,1721019599999,21472.04321,305,43824.3,10762.50203,0,0.52
2024-07-15 05:00:00,0.2458,0.2459,0.2446,0.2448,60088.3,1721023199999,14729.70268,242,18453.8,4525.15767,0,0.52
2024-07-15 06:00:00,0.2447,0.2457,0.2446,0.2454,83264.4,1721026799999,20379.50897,258,27008.1,6612.57004,0,0.52
2024-07-15 07:00:00,0.2454,0.2475,0.2452,0.2466,124972.8,1721030399999,30788.44565,382,67713.4,16678.36564,0,0.52
2024-07-15 08:00:00,0.2466,0.2473,0.2452,0.2455,135314.4,1721033999999,33357.94293,377,44777.5,11042.17543,0,0.52
2024-07-15 09:00:00,0.2455,0.2463,0.2446,0.2452,290142.8,1721037599999,71163.32201,687,137102.7,33684.20633,0,0.52
2024-07-15 10:00:00,0.2452,0.2459,0.2446,0.2459,225016.0,1721041199999,55227.33096,556,109893.1,26972.15149,0,0.52
2024-07-15 11:00:00,0.2459,0.2494,0.2456,0.2475,712203.6,1721044799999,176342.34244,1441,327012.2,80880.9293,0,0.52
2024-07-15 12:00:00,0.2477,0.2487,0.2467,0.2479,299033.5,1721048399999,73978.73987,731,150698.4,37282.80236,0,0.52
2024-07-15 13:00:00,0.248,0.2483,0.2453,0.2461,251363.7,1721051999999,62027.98587,1138,72015.2,17782.82638,0,0.52
2024-07-15 14:00:00,0.2462,0.2473,0.2457,0.2472,104092.4,1721055599999,25651.90505,410,57997.9,14299.04116,0,0.52
2024-07-15 15:00:00,0.2474,0.2481,0.2454,0.2465,230426.4,1721059199999,56799.71756,699,69658.5,17181.93381,0,0.52
2024-07-15 16:00:00,0.2469,0.2495,0.2467,0.2484,244921.5,1721062799999,60814.08714,801,136400.0,33872.58885,0,0.52
2024-07-15 17:00:00,0.248,0.2494,0.2476,0.2482,120322.8,1721066399999,29917.10686,452,39921.1,9930.59494,0,0.52
2024-07-15 18:00:00,0.2482,0.2504,0.2476,0.2498,209400.4,1721069999999,52174.37703,627,134320.7,33493.50136,0,0.52
2024-07-15 19:00:00,0.2496,0.2518,0.2491,0.2507,212880.8,1721073599999,53347.05115,739,79604.1,19940.16027,0,0.52
2024-07-15 20:00:00,0.2505,0.2519,0.2502,0.2517,99859.0,1721077199999,25073.73267,445,37160.5,9329.48081,0,0.52
2024-07-15 21:00:00,0.2517,0.2529,0.2513,0.2526,188732.2,1721080799999,47595.29371,541,103188.2,26023.5184,0,0.52
2024-07-15 22:00:00,0.2525,0.2565,0.2525,0.2557,346222.1,1721084399999,88033.98317,956,186002.5,47300.29822,0,0.52
2024-07-15 23:00:00,0.2561,0.2584,0.2556,0.258,437119.2,1721087999999,112456.87972,766,309757.8,79703.96076,0,0.52
2024-07-16 00:00:00,0.258,0.2592,0.256,0.2568,903122.4,1721091599999,232587.14935,1711,519594.2,133812.06681,0,0.65
2024-07-16 01:00:00,0.2569,0.2584,0.2555,0.2582,147608.8,1721095199999,37886.57772,422,72941.7,18710.05386,0,0.65
2024-07-16 02:00:00,0.2581,0.2583,0.256,0.2571,110534.5,1721098799999,28410.94496,417,32114.5,8256.17249,0,0.65
2024-07-16 03:00:00,0.257,0.2581,0.2563,0.258,95432.5,1721102399999,24542.64931,301,23471.0,6035.57544,0,0.65
2024-07-16 04:00:00,0.2574,0.2576,0.2555,0.2563,62024.7,1721105999999,15907.39729,256,27769.1,7122.45646,0,0.65
2024-07-16 05:00:00,0.2561,0.257,0.2532,0.2541,466797.7,1721109599999,119289.74804,1141,162641.4,41525.89619,0,0.65
2024-07-16 06:00:00,0.254,0.2552,0.2494,0.2501,270823.8,1721113199999,68261.01261,859,142273.5,35809.50204,0,0.65
2024-07-16 07:00:00,0.2503,0.2527,0.2481,0.2501,539185.9,1721116799999,135080.33223,1126,167051.2,41832.67562,0,0.65
2024-07-16 08:00:00,0.2501,0.2511,0.2467,0.25,293191.8,1721120399999,72957.63932,774,176181.6,43852.81034,0,0.65
2024-07-16 09:00:00,0.2501,0.2518,0.2495,0.2509,288656.2,1721123999999,72334.52116,478,150805.9,37799.38403,0,0.65
2024-07-16 10:00:00,0.2508,0.2531,0.2505,0.2522,171313.9,1721127599999,43189.39994,448,88261.8,22263.92093,0,0.65
2024-07-16 11:00:00,0.2523,0.2532,0.2514,0.2527,143105.9,1721131199999,36135.72754,427,66794.1,16867.13067,0,0.65
2024-07-16 12:00:00,0.2528,0.2543,0.2508,0.2513,155243.0,1721134799999,39234.45716,531,53868.6,13621.66041,0,0.65
2024-07-16 13:00:00,0.2513,0.2539,0.2502,0.2524,261090.7,1721138399999,65882.2092,707,135116.1,34141.82831,0,0.65
2024-07-16 14:00:00,0.2523,0.2548,0.2515,0.2544,205973.4,1721141999999,52166.33375,686,98265.3,24883.51032,0,0.65
2024-07-16 15:00:00,0.2545,0.2583,0.2542,0.2577,821107.7,1721145599999,209486.13058,1550,229812.6,58767.45635,0,0.65
2024-07-16 16:00:00,0.2578,0.2623,0.2558,0.2623,466567.9,1721149199999,120864.37956,1591,243351.6,63075.80507,0,0.65
2024-07-16 17:00:00,0.2623,0.2624,0.2603,0.2618,322316.8,1721152799999,84230.32077,958,157972.5,41286.33964,0,0.65
2024-07-16 18:00:00,0.2616,0.262,0.2599,0.2608,123381.2,1721156399999,32210.31607,447,72470.2,18926.58971,0,0.65
2024-07-16 19:00:00,0.261,0.2612,0.259,0.2604,181309.2,1721159999999,47173.64021,721,94852.2,24680.39394,0,0.65
2024-07-16 20:00:00,0.2604,0.2608,0.259,0.259,124532.9,1721163599999,32369.28698,464,64456.2,16764.29318,0,0.65
2024-07-16 21:00:00,0.2591,0.2605,0.2583,0.2597,151724.8,1721167199999,39409.15296,595,107564.6,27949.65801,0,0.65
2024-07-16 22:00:00,0.2597,0.26,0.2578,0.2587,122932.6,1721170799999,31808.92824,522,51633.6,13364.83994,0,0.65
2024-07-16 23:00:00,0.2585,0.2599,0.2583,0.259,81108.0,1721174399999,21020.55001,354,41754.4,10823.0747,0,0.65
2024-07-17 00:00:00,0.2589,0.2609,0.2586,0.2604,146155.6,1721177999999,37916.54257,468,59464.9,15438.91179,0,0.69
2024-07-17 01:00:00,0.2602,0.2626,0.2601,0.2611,237442.4,1721181599999,62167.02797,648,106404.2,27874.23443,0,0.69
2024-07-17 02:00:00,0.2611,0.2616,0.2593,0.2596,72216.4,1721185199999,18821.68252,287,20975.9,5467.97196,0,0.69
2024-07-17 03:00:00,0.2596,0.2605,0.2582,0.2598,55504.0,1721188799999,14392.61259,273,31051.5,8052.41931,0,0.69
2024-07-17 04:00:00,0.2596,0.2607,0.2587,0.2607,81473.9,1721192399999,21154.46962,282,42584.6,11057.30689,0,0.69
2024-07-17 05:00:00,0.2607,0.2612,0.2601,0.2608,121739.1,1721195999999,31742.51283,359,87603.4,22845.03266,0,0.69
2024-07-17 06:00:00,0.2604,0.2615,0.2598,0.2609,125908.5,1721199599999,32825.89016,416,47676.8,12429.45427,0,0.69
2024-07-17 07:00:00,0.2609,0.2615,0.2602,0.2609,104613.9,1721203199999,27275.06987,353,54211.5,14133.26187,0,0.69
2024-07-17 08:00:00,0.2606,0.2616,0.2571,0.2602,359904.7,1721206799999,93469.334,1384,190426.5,49441.21107,0,0.69
2024-07-17 09:00:00,0.2602,0.2629,0.2601,0.2628,155120.4,1721210399999,40577.9617,570,96505.0,25249.98573,0,0.69
2024-07-17 10:00:00,0.2628,0.2628,0.2615,0.2617,150841.7,1721213999999,39534.00442,581,70009.9,18348.95611,0,0.69
2024-07-17 11:00:00,0.2616,0.2616,0.2583,0.2601,275133.4,1721217599999,71511.47426,846,111598.8,29006.49621,0,0.69
2024-07-17 12:00:00,0.26,0.2612,0.2587,0.2607,185430.5,1721221199999,48282.34267,547,92065.4,23969.01769,0,0.69
2024-07-17 13:00:00,0.2606,0.2642,0.2595,0.2639,293789.0,1721224799999,76805.31438,793,171621.9,44910.09359,0,0.69
2024-07-17 14:00:00,0.2638,0.2642,0.2606,0.2609,260080.9,1721228399999,68134.93543,931,134594.2,35266.77414,0,0.69
2024-07-17 15:00:00,0.2609,0.2639,0.2602,0.2604,183775.5,1721231999999,48186.45338,741,101906.3,26751.75608,0,0.69
2024-07-17 16:00:00,0.2603,0.2606,0.2545,0.2572,556137.1,1721235599999,142686.51492,1718,250652.0,64340.3944,0,0.69
2024-07-17 17:00:00,0.2569,0.2582,0.2564,0.2571,255851.5,1721239199999,65891.77311,500,157972.9,40691.3879,0,0.69
2024-07-17 18:00:00,0.2573,0.2606,0.2572,0.2601,245974.8,1721242799999,63867.90367,831,180710.6,46935.92509,0,0.69
2024-07-17 19:00:00,0.2602,0.2607,0.2594,0.2595,182226.1,1721246399999,47372.93594,444,110068.4,28618.98233,0,0.69
2024-07-17 20:00:00,0.2596,0.2604,0.2593,0.2596,69563.5,1721249999999,18085.21968,347,35926.0,9340.60391,0,0.69
2024-07-17 21:00:00,0.2597,0.2597,0.2569,0.2579,160417.4,1721253599999,41391.3619,524,57575.5,14862.58997,0,0.69
2024-07-17 22:00:00,0.2579,0.2582,0.2561,0.2561,131655.0,1721257199999,33850.65118,535,49007.3,12590.91874,0,0.69
2024-07-17 23:00:00,0.2561,0.2564,0.2547,0.2548,142285.8,1721260799999,36358.90789,472,49093.7,12550.43527,0,0.69
2024-07-18 00:00:00,0.2549,0.2604,0.2549,0.26,158257.2,1721264399999,40791.94781,886,69477.7,17890.66353,0,0.61
2024-07-18 01:00:00,0.26,0.2607,0.2592,0.2598,139116.1,1721267999999,36165.69109,574,65531.0,17033.44399,0,0.61
2024-07-18 02:00:00,0.2599,0.2607,0.2568,0.2588,128105.4,1721271599999,33167.08375,485,62040.2,16063.34567,0,0.61
2024-07-18 03:00:00,0.2587,0.2593,0.2576,0.2586,124695.4,1721275199999,32233.694,483,44336.9,11457.9969,0,0.61
2024-07-18 04:00:00,0.2587,0.2588,0.2565,0.2574,43688.2,1721278799999,11244.24329,341,19874.9,5112.46916,0,0.61
2024-07-18 05:00:00,0.2574,0.2587,0.2559,0.258,93845.6,1721282399999,24132.13637,462,48162.5,12382.61228,0,0.61
2024-07-18 06:00:00,0.258,0.2595,0.2571,0.2593,80767.0,1721285999999,20881.37049,430,37831.0,9774.64581,0,0.61
2024-07-18 07:00:00,0.2593,0.2594,0.2557,0.2558,166887.4,1721289599999,42882.74218,664,51496.2,13230.31149,0,0.61
2024-07-18 08:00:00,0.2558,0.2582,0.2554,0.2582,146302.3,1721293199999,37511.15027,782,88542.3,22708.50357,0,0.61
2024-07-18 09:00:00,0.258,0.2587,0.257,0.2577,95174.3,1721296799999,24536.74179,394,38362.1,9895.25058,0,0.61
2024-07-18 10:00:00,0.2576,0.2577,0.2557,0.2577,114496.0,1721300399999,29379.18275,431,46197.6,11858.72242,0,0.61
2024-07-18 11:00:00,0.2577,0.2594,0.2571,0.259,164731.0,1721303999999,42569.61375,481,82400.5,21293.75249,0,0.61
2024-07-18 12:00:00,0.259,0.2604,0.259,0.2598,65999.9,1721307599999,17140.11899,353,32043.7,8325.54621,0,0.61
2024-07-18 13:00:00,0.2597,0.2601,0.2572,0.2578,122833.3,1721311199999,31805.85368,419,73474.3,19020.88401,0,0.61
2024-07-18 14:00:00,0.2579,0.2586,0.2541,0.2558,164486.3,1721314799999,42190.43035,773,73402.3,18841.22408,0,0.61
2024-07-18 15:00:00,0.2557,0.2557,0.2518,0.2523,335959.8,1721318399999,85136.57926,1124,129473.9,32796.09107,0,0.61
2024-07-18 16:00:00,0.2524,0.2546,0.249,0.2542,243923.4,1721321999999,61429.3665,803,130982.4,33071.01458,0,0.61
2024-07-18 17:00:00,0.2545,0.2546,0.2522,0.2525,96395.4,1721325599999,24434.50719,262,33016.0,8364.21768,0,0.61
2024-07-18 18:00:00,0.2524,0.2527,0.2505,0.2513,143973.1,1721329199999,36225.05413,457,65022.3,16368.69803,0,0.61
2024-07-18 19:00:00,0.2513,0.2519,0.2491,0.2509,202756.7,1721332799999,50735.64167,581,123217.5,30827.11889,0,0.61
2024-07-18 20:00:00,0.2507,0.2515,0.2492,0.2514,64485.8,1721336399999,16137.84976,234,30955.8,7750.06287,0,0.61
2024-07-18 21:00:00,0.2516,0.2516,0.2501,0.2515,64370.3,1721339999999,16144.99778,233,30446.3,7638.87861,0,0.61
2024-07-18 22:00:00,0.2512,0.2533,0.251,0.2531,45752.5,1721343599999,11513.14916,137,13499.0,3400.7499,0,0.61
2024-07-18 23:00:00,0.2532,0.2542,0.2528,0.2537,69211.8,1721347199999,17557.68535,176,52857.3,13409.58452,0,0.61
2024-07-19 00:00:00,0.2536,0.2544,0.2519,0.2524,112921.9,1721350799999,28574.96929,474,43597.7,11031.62679,0,0.6
2024-07-19 01:00:00,0.2522,0.2544,0.2497,0.2539,215899.9,1721354399999,54426.18491,796,104664.0,26404.99459,0,0.6
2024-07-19 02:00:00,0.254,0.2558,0.2535,0.2552,90689.6,1721357999999,23124.75696,449,33956.0,8654.71917,0,0.6
2024-07-19 03:00:00,0.2552,0.2586,0.2535,0.258,250342.8,1721361599999,64245.72519,812,125681.5,32309.00811,0,0.6
2024-07-19 04:00:00,0.258,0.2589,0.2575,0.2578,81583.4,1721365199999,21071.02161,255,46392.2,11982.81365,0,0.6
2024-07-19 05:00:00,0.2577,0.2581,0.2561,0.2581,126198.7,1721368799999,32461.85033,371,58887.0,15161.09059,0,0.6
2024-07-19 06:00:00,0.2582,0.2602,0.2578,0.2581,110336.9,1721372399999,28585.34102,391,37267.9,9654.32181,0,0.6
2024-07-19 07:00:00,0.2582,0.2597,0.2567,0.2585,325770.4,1721375999999,84051.9848,844,182977.3,47241.88626,0,0.6
2024-07-19 08:00:00,0.2584,0.2595,0.2557,0.2587,179801.0,1721379599999,46394.57169,586,76457.9,19728.56111,0,0.6
2024-07-19 09:00:00,0.2588,0.2633,0.2573,0.2575,628448.6,1721383199999,163633.95138,2142,400283.0,104355.32467,0,0.6
2024-07-19 10:00:00,0.2573,0.2588,0.2569,0.2576,222308.7,1721386799999,57309.71473,445,122725.2,31643.67116,0,0.6
2024-07-19 11:00:00,0.2576,0.2612,0.2572,0.2612,320813.5,1721390399999,83212.11355,1058,182647.1,47381.84778,0,0.6
2024-07-19 12:00:00,0.261,0.2611,0.2586,0.2599,341953.4,1721393999999,88802.69042,952,218105.9,56669.78058,0,0.6
2024-07-19 13:00:00,0.2599,0.2639,0.2589,0.2633,747193.0,1721397599999,195486.4431,2331,461237.0,120752.45595,0,0.6
2024-07-19 14:00:00,0.2634,0.2642,0.2596,0.262,708134.9,1721401199999,185738.37492,1936,295610.6,77509.1176,0,0.6
2024-07-19 15:00:00,0.2622,0.2637,0.2617,0.2626,193851.1,1721404799999,50877.24515,890,92845.5,24370.31346,0,0.6
2024-07-19 16:00:00,0.263,0.2653,0.2628,0.2635,288989.6,1721408399999,76283.61407,1306,139925.3,36945.54726,0,0.6
2024-07-19 17:00:00,0.2635,0.2646,0.2628,0.263,249150.3,1721411999999,65651.00319,839,146817.0,38698.47631,0,0.6
2024-07-19 18:00:00,0.263,0.2632,0.2614,0.2626,191950.9,1721415599999,50343.59202,808,79555.5,20879.72632,0,0.6
2024-07-19 19:00:00,0.2627,0.265,0.2627,0.2646,524002.4,1721419199999,138289.29759,1574,359905.8,94955.24623,0,0.6
2024-07-19 20:00:00,0.2646,0.2658,0.2643,0.2651,137157.4,1721422799999,36348.05868,592,71971.6,19080.57009,0,0.6
2024-07-19 21:00:00,0.2651,0.2655,0.2629,0.2634,154144.5,1721426399999,40740.91403,474,42586.5,11263.46973,0,0.6
2024-07-19 22:00:00,0.2634,0.2636,0.2593,0.2602,537332.9,1721429999999,140368.46889,1225,137317.3,35854.55495,0,0.6
2024-07-19 23:00:00,0.2603,0.2746,0.2603,0.2625,1173611.5,1721433599999,309562.40662,2229,840802.3,222227.49066,0,0.6
2024-07-20 00:00:00,0.2626,0.2635,0.2596,0.261,299930.6,1721437199999,78473.56161,1230,119931.7,31387.64894,0,0.74
2024-07-20 01:00:00,0.261,0.2631,0.2609,0.2615,268914.1,1721440799999,70519.82456,685,176227.5,46206.27479,0,0.74
2024-07-20 02:00:00,0.2615,0.2626,0.2611,0.2612,71558.5,1721444399999,18741.34581,237,31423.0,8234.24681,0,0.74
2024-07-20 03:00:00,0.2612,0.2637,0.261,0.2631,91180.2,1721447999999,23936.85464,323,55278.7,14503.15585,0,0.74
2024-07-20 04:00:00,0.2631,0.2642,0.2629,0.264,85515.3,1721451599999,22535.9875,420,38148.0,10058.65158,0,0.74
2024-07-20 05:00:00,0.264,0.2647,0.2636,0.2643,168282.2,1721455199999,44437.96311,410,111973.5,29567.97516,0,0.74
2024-07-20 06:00:00,0.2641,0.2643,0.2632,0.2634,103885.1,1721458799999,27387.216,410,48208.5,12708.06828,0,0.74
2024-07-20 07:00:00,0.2634,0.2635,0.2626,0.2628,91189.4,1721462399999,23982.97795,397,28547.7,7507.51939,0,0.74
2024-07-20 08:00:00,0.2627,0.2632,0.2621,0.263,384906.1,1721465999999,101121.1406,757,281350.9,73907.94673,0,0.74
2024-07-20 09:00:00,0.2631,0.2644,0.2616,0.2637,187788.7,1721469599999,49437.40012,584,82755.0,21816.03898,0,0.74
2024-07-20 10:00:00,0.2636,0.2649,0.2636,0.2642,381754.8,1721473199999,100812.70024,887,165013.5,43579.00504,0,0.74
2024-07-20 11:00:00,0.2642,0.2643,0.2615,0.2617,89129.1,1721476799999,23441.53647,468,18392.2,4837.74221,0,0.74
2024-07-20 12:00:00,0.2618,0.262,0.2609,0.2613,147086.6,1721480399999,38445.23126,449,64062.0,16755.05302,0,0.74
2024-07-20 13:00:00,0.2613,0.262,0.2597,0.2604,460087.6,1721483999999,119860.81849,798,163132.5,42476.89943,0,0.74
2024-07-20 14:00:00,0.2604,0.2619,0.2597,0.2615,244366.2,1721487599999,63750.83678,676,122147.4,31865.36109,0,0.74
2024-07-20 15:00:00,0.2616,0.2634,0.2616,0.2627,183938.8,1721491199999,48259.4632,449,92959.7,24396.20828,0,0.74
2024-07-20 16:00:00,0.2628,0.2642,0.2618,0.2628,186624.7,1721494799999,49142.18414,445,118822.6,31309.93358,0,0.74
2024-07-20 17:00:00,0.2626,0.2642,0.2619,0.2633,153644.3,1721498399999,40403.90286,440,72905.1,19176.0485,0,0.74
2024-07-20 18:00:00,0.2632,0.2632,0.2617,0.2627,77047.5,1721501999999,20230.40273,269,44168.2,11592.86092,0,0.74
2024-07-20 19:00:00,0.2626,0.2633,0.261,0.261,147276.8,1721505599999,38577.6458,433,50340.8,13182.71338,0,0.74
2024-07-20 20:00:00,0.2612,0.2615,0.2608,0.2613,106797.3,1721509199999,27894.84101,425,76305.5,19930.40799,0,0.74
2024-07-20 21:00:00,0.2613,0.2613,0.2599,0.2611,229303.0,1721512799999,59698.00246,772,159480.7,41521.2423,0,0.74
2024-07-20 22:00:00,0.2612,0.2616,0.26,0.2608,147887.1,1721516399999,38573.5884,473,107757.5,28105.73567,0,0.74
2024-07-20 23:00:00,0.2607,0.2629,0.2607,0.2629,146039.8,1721519999999,38194.67177,249,103979.4,27193.36744,0,0.74
2024-07-21 00:00:00,0.2627,0.264,0.2621,0.2629,455070.0,1721523599999,119800.88188,816,183899.5,48419.20045,0,0.74
2024-07-21 01:00:00,0.2628,0.2687,0.2625,0.2662,308011.3,1721527199999,81973.25027,923,141964.7,37686.61946,0,0.74
2024-07-21 02:00:00,0.2663,0.2663,0.2639,0.2642,218732.1,1721530799999,57941.84552,597,132236.7,35013.75127,0,0.74
2024-07-21 03:00:00,0.2641,0.2646,0.2631,0.2636,61434.6,1721534399999,16199.8782,217,31479.6,8301.81593,0,0.74
2024-07-21 04:00:00,0.2636,0.2648,0.2634,0.2634,131897.4,1721537999999,34845.83165,286,82436.1,21778.80592,0,0.74
2024-07-21 05:00:00,0.2634,0.2637,0.2624,0.2626,130749.6,1721541599999,34373.55883,206,54707.8,14393.73999,0,0.74
2024-07-21 06:00:00,0.2625,0.2633,0.2617,0.2622,317590.7,1721545199999,83333.29778,536,88607.5,23248.57238,0,0.74
2024-07-21 07:00:00,0.262,0.2628,0.2612,0.2625,250075.4,1721548799999,65549.25332,438,61596.1,16144.42846,0,0.74
2024-07-21 08:00:00,0.2625,0.2634,0.2618,0.2623,180387.4,1721552399999,47330.56843,297,103525.1,27150.0507,0,0.74
2024-07-21 09:00:00,0.2621,0.2645,0.2619,0.264,117469.5,1721555999999,30978.57686,370,69454.5,18318.22821,0,0.74
2024-07-21 10:00:00,0.2638,0.2641,0.2627,0.2632,143894.4,1721559599999,37908.8616,258,90039.2,23719.27998,0,0.74
2024-07-21 11:00:00,0.2631,0.2633,0.262,0.2628,70013.8,1721563199999,18384.5011,229,31877.3,8368.86789,0,0.74
2024-07-21 12:00:00,0.2627,0.263,0.261,0.2613,150288.8,1721566799999,39355.33232,305,101167.0,26494.1241,0,0.74
2024-07-21 13:00:00,0.2612,0.2616,0.2599,0.2601,122587.4,1721570399999,31969.38585,414,72284.4,18848.07856,0,0.74
2024-07-21 14:00:00,0.2602,0.2629,0.259,0.2628,215994.0,1721573999999,56352.47353,528,125708.5,32798.26294,0,0.74
2024-07-21 15:00:00,0.2629,0.2643,0.2626,0.2633,179546.7,1721577599999,47311.67694,531,77151.6,20328.80996,0,0.74
2024-07-21 16:00:00,0.2633,0.2654,0.2623,0.2649,213064.5,1721581199999,56177.67239,579,107506.6,28361.99126,0,0.74
2024-07-21 17:00:00,0.2652,0.2653,0.2599,0.2614,241981.9,1721584799999,63729.04372,777,82004.5,21577.53177,0,0.74
2024-07-21 18:00:00,0.2608,0.2629,0.2536,0.2608,636478.5,1721588399999,164266.08858,1838,303628.0,78311.91395,0,0.74
2024-07-21 19:00:00,0.2608,0.2653,0.2595,0.2651,290525.3,1721591999999,76139.35368,671,146267.5,38335.02406,0,0.74
2024-07-21 20:00:00,0.2651,0.2718,0.2649,0.2715,681236.9,1721595599999,183202.77748,1752,315714.6,84821.16593,0,0.74
2024-07-21 21:00:00,0.2715,0.2726,0.2704,0.2715,317783.6,1721599199999,86392.77278,862,151137.0,41110.22119,0,0.74
2024-07-21 22:00:00,0.2713,0.2718,0.2703,0.2709,395711.9,1721602799999,107277.96798,1138,107951.0,29281.74767,0,0.74
2024-07-21 23:00:00,0.271,0.2732,0.2706,0.272,258632.2,1721606399999,70403.43057,842,70970.9,19325.7039,0,0.74
2024-07-22 00:00:00,0.2721,0.2722,0.2698,0.2698,275623.9,1721609999999,74588.89395,685,122850.8,33251.54781,0,0.7
2024-07-22 01:00:00,0.2698,0.2699,0.2679,0.2686,150118.5,1721613599999,40340.67505,539,58492.1,15720.55892,0,0.7
2024-07-22 02:00:00,0.2685,0.2685,0.2672,0.2677,87533.0,1721617199999,23436.96389,303,39723.2,10636.64824,0,0.7
2024-07-22 03:00:00,0.2675,0.2675,0.2647,0.2649,196602.4,1721620799999,52321.1879,538,73640.2,19611.0091,0,0.7
2024-07-22 04:00:00,0.2649,0.2658,0.2642,0.265,121959.4,1721624399999,32328.2417,354,58883.8,15598.8609,0,0.7
2024-07-22 05:00:00,0.2649,0.2649,0.2601,0.2619,279697.5,1721627999999,73479.30905,726,110745.7,29107.41907,0,0.7
2024-07-22 06:00:00,0.2618,0.2622,0.2592,0.261,183468.3,1721631599999,47863.38922,510,62082.3,16194.51342,0,0.7
2024-07-22 07:00:00,0.2608,0.2608,0.2588,0.2601,251699.5,1721635199999,65348.95726,433,147006.1,38178.70655,0,0.7
2024-07-22 08:00:00,0.2599,0.2605,0.2588,0.2592,166420.4,1721638799999,43211.09133,365,92177.0,23933.31038,0,0.7
2024-07-22 09:00:00,0.2593,0.2615,0.2591,0.2612,97471.3,1721642399999,25413.48078,282,56032.6,14606.90066,0,0.7
2024-07-22 10:00:00,0.2612,0.2622,0.2604,0.2618,158035.8,1721645999999,41307.82466,449,79126.2,20677.78489,0,0.7
2024-07-22 11:00:00,0.2616,0.2629,0.2616,0.2627,79036.6,1721649599999,20725.33435,260,50585.9,13263.56286,0,0.7
2024-07-22 12:00:00,0.2627,0.2632,0.2612,0.2631,151316.6,1721653199999,39701.3797,440,102376.2,26865.72945,0,0.7
2024-07-22 13:00:00,0.2629,0.2639,0.2597,0.2604,173809.1,1721656799999,45461.98118,509,103243.7,27006.076,0,0.7
2024-07-22 14:00:00,0.26,0.2613,0.2581,0.2594,142456.5,1721660399999,37040.31305,376,69063.2,17945.79989,0,0.7
2024-07-22 15:00:00,0.2595,0.261,0.2586,0.26,102660.6,1721663999999,26677.61126,285,56173.3,14601.74488,0,0.7
2024-07-22 16:00:00,0.2602,0.2618,0.2595,0.26,174496.3,1721667599999,45487.94454,422,88412.4,23066.69615,0,0.7
2024-07-22 17:00:00,0.2598,0.261,0.2596,0.261,57985.1,1721671199999,15083.6191,204,35993.1,9362.37857,0,0.7
2024-07-22 18:00:00,0.2609,0.2623,0.2607,0.2621,61973.7,1721674799999,16196.40908,230,30588.9,7997.97943,0,0.7
2024-07-22 19:00:00,0.2616,0.2628,0.261,0.2626,149655.2,1721678399999,39153.24408,413,82879.7,21685.51275,0,0.7
2024-07-22 20:00:00,0.2626,0.2631,0.2617,0.2619,51642.9,1721681999999,13548.26098,214,23685.2,6215.66595,0,0.7
2024-07-22 21:00:00,0.2621,0.2621,0.2597,0.2601,118007.9,1721685599999,30785.25752,371,70729.3,18458.17341,0,0.7
2024-07-22 22:00:00,0.2602,0.2602,0.258,0.259,87064.1,1721689199999,22553.56156,203,24325.5,6303.51267,0,0.7
2024-07-22 23:00:00,0.2588,0.2593,0.257,0.2587,160148.7,1721692799999,41343.0611,425,111111.4,28677.91264,0,0.7
2024-07-23 00:00:00,0.2586,0.2605,0.258,0.2597,117253.0,1721696399999,30408.34887,326,46456.5,12059.4587,0,0.71
2024-07-23 01:00:00,0.2597,0.2618,0.2596,0.2611,83155.0,1721699999999,21700.36849,249,29808.3,7776.3221,0,0.71
2024-07-23 02:00:00,0.261,0.2615,0.2599,0.2608,92737.0,1721703599999,24204.64049,272,34875.5,9099.56189,0,0.71
2024-07-23 03:00:00,0.2607,0.2607,0.2584,0.2585,57768.6,1721707199999,14993.32581,159,16584.8,4307.53399,0,0.71
2024-07-23 04:00:00,0.2585,0.2593,0.2553,0.2561,135920.6,1721710799999,34928.72731,400,68421.6,17604.19357,0,0.71
2024-07-23 05:00:00,0.2561,0.2566,0.2525,0.2545,209678.9,1721714399999,53338.16371,567,92952.7,23655.05289,0,0.71
2024-07-23 06:00:00,0.2544,0.2552,0.2521,0.2539,165964.1,1721717999999,42107.86286,346,76919.2,19521.12373,0,0.71
2024-07-23 07:00:00,0.2539,0.2547,0.2528,0.2544,64528.0,1721721599999,16385.4805,233,29381.5,7459.62177,0,0.71
2024-07-23 08:00:00,0.2543,0.2605,0.2542,0.2593,100929.3,1721725199999,26058.55327,317,52115.9,13461.05733,0,0.71
2024-07-23 09:00:00,0.2597,0.2609,0.259,0.2594,165647.4,1721728799999,43034.82857,421,67656.6,17581.53647,0,0.71
2024-07-23 10:00:00,0.2594,0.2602,0.2582,0.2582,58067.4,1721732399999,15052.7694,211,31101.2,8069.19717,0,0.71
2024-07-23 11:00:00,0.2581,0.2595,0.256,0.2589,186702.3,1721735999999,48124.208,501,120808.8,31139.25548,0,0.71
2024-07-23 12:00:00,0.2587,0.2589,0.2562,0.2583,131383.3,1721739599999,33876.10449,412,61025.2,15743.78706,0,0.71
2024-07-23 13:00:00,0.258,0.2592,0.2551,0.2569,274567.4,1721743199999,70575.77106,798,157695.9,40542.93332,0,0.71
2024-07-23 14:00:00,0.2569,0.2607,0.2559,0.2599,235559.5,1721746799999,60923.74607,568,141920.2,36670.40136,0,0.71
2024-07-23 15:00:00,0.26,0.26,0.2566,0.2571,203221.8,1721750399999,52449.35202,501,96575.6,24929.72531,0,0.71
2024-07-23 16:00:00,0.257,0.257,0.2495,0.2503,328090.9,1721753999999,83002.64095,751,156274.6,39521.36307,0,0.71
2024-07-23 17:00:00,0.2502,0.2533,0.2491,0.2533,372066.4,1721757599999,93643.15265,775,213615.1,53783.35895,0,0.71
2024-07-23 18:00:00,0.2533,0.2537,0.2523,0.2533,74252.1,1721761199999,18792.74134,231,38499.8,9745.40989,0,0.71
2024-07-23 19:00:00,0.253,0.2567,0.253,0.2547,402164.1,1721764799999,102665.26307,612,194180.4,49534.16592,0,0.71
2024-07-23 20:00:00,0.2548,0.256,0.2544,0.2555,87260.3,1721768399999,22251.89485,209,46507.6,11864.10525,0,0.71
2024-07-23 21:00:00,0.2551,0.2564,0.2546,0.2546,271253.7,1721771999999,69360.57516,284,131191.3,33508.42964,0,0.71
2024-07-23 22:00:00,0.2545,0.2547,0.2526,0.2544,83273.3,1721775599999,21139.0309,254,44909.0,11400.84394,0,0.71
2024-07-23 23:00:00,0.2543,0.2548,0.2532,0.2543,94116.9,1721779199999,23922.09425,191,31332.5,7964.34092,0,0.71
2024-07-24 00:00:00,0.2542,0.2556,0.2518,0.2522,194009.7,1721782799999,49284.7295,439,72820.7,18508.39243,0,0.69
2024-07-24 01:00:00,0.2523,0.2539,0.2512,0.2519,141681.8,1721786399999,35792.37984,293,70990.1,17940.75762,0,0.69
2024-07-24 02:00:00,0.252,0.2547,0.2518,0.2544,166347.6,1721789999999,42096.10348,313,79112.8,19980.08281,0,0.69
2024-07-24 03:00:00,0.2545,0.2558,0.2542,0.2558,61147.1,1721793599999,15588.04824,182,25670.5,6546.3247,0,0.69
2024-07-24 04:00:00,0.2558,0.2561,0.2544,0.2548,97997.6,1721797199999,25012.54284,221,18791.7,4799.2463,0,0.69
2024-07-24 05:00:00,0.2548,0.2548,0.2513,0.2526,399927.8,1721800799999,100990.76582,510,163640.9,41333.47199,0,0.69
2024-07-24 06:00:00,0.2522,0.2533,0.2521,0.2533,168685.1,1721804399999,42593.00753,315,86513.4,21844.60722,0,0.69
2024-07-24 07:00:00,0.2535,0.2549,0.2535,0.2548,66031.0,1721807999999,16788.16128,225,46681.4,11869.08893,0,0.69
2024-07-24 08:00:00,0.2548,0.2564,0.2547,0.2556,237062.0,1721811599999,60646.83684,419,153860.5,39353.97349,0,0.69
2024-07-24 09:00:00,0.2556,0.2568,0.2551,0.2565,174748.5,1721815199999,44722.13851,470,122317.1,31317.66356,0,0.69
2024-07-24 10:00:00,0.2565,0.2577,0.2564,0.2575,147917.1,1721818799999,38020.18862,425,107849.4,27724.4049,0,0.69
2024-07-24 11:00:00,0.2574,0.2585,0.257,0.2582,56700.5,1721822399999,14608.03388,217,19992.6,5149.52633,0,0.69
2024-07-24 12:00:00,0.2583,0.2591,0.2574,0.2574,89452.4,1721825999999,23116.06078,229,32762.5,8463.6224,0,0.69
2024-07-24 13:00:00,0.2574,0.2604,0.2573,0.2584,63335.7,1721829599999,16423.48795,219,30925.6,8018.57893,0,0.69
2024-07-24 14:00:00,0.2583,0.2614,0.2583,0.2606,92359.9,1721833199999,24026.67753,316,39355.5,10231.73328,0,0.69
2024-07-24 15:00:00,0.2604,0.2608,0.2568,0.2568,99199.6,1721836799999,25623.42594,248,33952.2,8767.85891,0,0.69
2024-07-24 16:00:00,0.2568,0.257,0.2548,0.2568,132563.9,1721840399999,33994.99058,263,42551.0,10905.5398,0,0.69
2024-07-24 17:00:00,0.2568,0.2578,0.2562,0.2568,47350.6,1721843999999,12159.37919,194,13997.8,3595.24114,0,0.69
2024-07-24 18:00:00,0.2563,0.2568,0.2534,0.2536,116443.5,1721847599999,29670.21131,303,54644.7,13922.08783,0,0.69
2024-07-24 19:00:00,0.2535,0.2536,0.2518,0.252,162747.0,1721851199999,41110.74472,381,60134.2,15198.09505,0,0.69
2024-07-24 20:00:00,0.2521,0.2525,0.2519,0.2521,39253.3,1721854799999,9898.00081,141,20654.5,5209.56021,0,0.69
2024-07-24 21:00:00,0.2521,0.2522,0.2452,0.2485,603145.8,1721858399999,150199.23777,1474,206563.1,51400.87268,0,0.69
2024-07-24 22:00:00,0.2483,0.2483,0.2457,0.246,156951.0,1721861999999,38701.66202,424,89188.8,21997.60389,0,0.69
2024-07-24 23:00:00,0.246,0.2465,0.2446,0.2464,227653.7,1721865599999,55824.35016,490,81093.2,19898.92529,0,0.69
2024-07-25 00:00:00,0.2465,0.2477,0.246,0.247,133831.9,1721869199999,33010.82564,399,68774.0,16962.74446,0,0.68
2024-07-25 01:00:00,0.2467,0.2471,0.2357,0.2399,1210054.1,1721872799999,291102.32681,3801,506595.0,121827.55987,0,0.68
2024-07-25 02:00:00,0.2396,0.2396,0.2362,0.2386,241278.2,1721876399999,57426.27046,667,96364.1,22935.41158,0,0.68
2024-07-25 03:00:00,0.2383,0.2385,0.2367,0.2384,141316.4,1721879999999,33623.52946,400,72625.2,17285.63071,0,0.68
2024-07-25 04:00:00,0.2381,0.2406,0.2369,0.2402,114783.4,1721883599999,27387.86141,402,57445.4,13711.79558,0,0.68
2024-07-25 05:00:00,0.2399,0.2408,0.2384,0.2387,135353.4,1721887199999,32468.36481,395,66242.4,15896.49972,0,0.68
2024-07-25 06:00:00,0.2387,0.2401,0.2377,0.2394,77554.5,1721890799999,18535.50519,268,36307.3,8676.91808,0,0.68
2024-07-25 07:00:00,0.2393,0.2397,0.2385,0.2386,82827.6,1721894399999,19801.24391,255,30403.5,7272.88871,0,0.68
2024-07-25 08:00:00,0.2385,0.2396,0.2383,0.2391,98023.5,1721897999999,23435.10764,282,53359.5,12757.07687,0,0.68
2024-07-25 09:00:00,0.2391,0.2396,0.2386,0.2389,95782.5,1721901599999,22893.98744,330,38479.8,9204.83971,0,0.68
2024-07-25 10:00:00,0.2388,0.239,0.2377,0.2382,101801.2,1721905199999,24254.60006,265,36845.0,8779.53964,0,0.68
2024-07-25 11:00:00,0.2384,0.239,0.2382,0.2386,50295.5,1721908799999,12000.02885,202,21099.4,5034.16733,0,0.68
2024-07-25 12:00:00,0.2385,0.2392,0.2363,0.2369,197768.9,1721912399999,47023.38993,602,98868.7,23540.46991,0,0.68
2024-07-25 13:00:00,0.2367,0.2381,0.2356,0.237,163366.9,1721915999999,38701.16671,474,59236.7,14032.92332,0,0.68
2024-07-25 14:00:00,0.237,0.2403,0.2348,0.24,238687.9,1721919599999,56592.34085,675,95762.7,22739.75878,0,0.68
2024-07-25 15:00:00,0.2399,0.2412,0.239,0.2399,142121.5,1721923199999,34089.7745,340,48629.4,11665.21869,0,0.68
2024-07-25 16:00:00,0.2399,0.2408,0.2378,0.2399,149048.4,1721926799999,35742.66844,374,69280.7,16625.57834,0,0.68
2024-07-25 17:00:00,0.2399,0.2408,0.2389,0.2396,42792.4,1721930399999,10264.81352,190,19497.3,4676.66906,0,0.68
2024-07-25 18:00:00,0.2397,0.2399,0.2342,0.2352,157781.1,1721933999999,37358.93798,512,69502.2,16454.33923,0,0.68
2024-07-25 19:00:00,0.2351,0.2369,0.233,0.2361,152612.3,1721937599999,35889.84628,466,84471.9,19889.40642,0,0.68
2024-07-25 20:00:00,0.2361,0.2381,0.2327,0.238,192283.2,1721941199999,45196.68369,545,104105.4,24500.84347,0,0.68
2024-07-25 21:00:00,0.2381,0.2411,0.2381,0.2407,198591.1,1721944799999,47584.15232,518,90135.2,21613.1816,0,0.68
2024-07-25 22:00:00,0.2409,0.2418,0.2403,0.2408,70761.8,1721948399999,17062.55988,229,35579.6,8579.83902,0,0.68
2024-07-25 23:00:00,0.2409,0.2411,0.2403,0.2405,22138.7,1721951999999,5328.92327,136,13254.9,3190.8226,0,0.68
2024-07-26 00:00:00,0.2403,0.2421,0.2401,0.2414,103425.1,1721955599999,24952.15432,331,46549.6,11230.00788,0,0.68
2024-07-26 01:00:00,0.2413,0.2428,0.2406,0.2408,111469.5,1721959199999,26891.47595,285,58485.8,14120.49098,0,0.68
2024-07-26 02:00:00,0.2407,0.2441,0.2405,0.2439,177269.5,1721962799999,42923.63034,506,99848.7,24173.77411,0,0.68
2024-07-26 03:00:00,0.2438,0.2453,0.2427,0.2429,125992.2,1721966399999,30779.9641,407,83066.7,20295.80558,0,0.68
2024-07-26 04:00:00,0.2429,0.2438,0.2424,0.2429,122716.5,1721969999999,29797.86434,352,46505.9,11302.49383,0,0.68
2024-07-26 05:00:00,0.243,0.2438,0.2428,0.2431,34588.4,1721973599999,8409.00406,155,15626.7,3800.79243,0,0.68
2024-07-26 06:00:00,0.2431,0.2456,0.2426,0.245,76167.3,1721977199999,18618.36513,291,39840.0,9729.35054,0,0.68
2024-07-26 07:00:00,0.2451,0.2459,0.244,0.2441,130901.8,1721980799999,32052.20521,320,48089.5,11792.98756,0,0.68
2024-07-26 08:00:00,0.2442,0.2466,0.2441,0.2461,203391.9,1721984399999,49893.25713,645,95986.5,23540.82002,0,0.68
2024-07-26 09:00:00,0.246,0.2472,0.2457,0.246,199129.1,1721987999999,49071.71715,636,89405.4,22029.2667,0,0.68
2024-07-26 10:00:00,0.2461,0.2461,0.2449,0.2455,109156.5,1721991599999,26795.14318,260,48201.1,11823.07023,0,0.68
2024-07-26 11:00:00,0.2457,0.2457,0.2448,0.245,66677.3,1721995199999,16342.90046,233,13590.5,3332.56778,0,0.68
2024-07-26 12:00:00,0.245,0.2458,0.2446,0.2451,195157.5,1721998799999,47844.38765,473,116473.5,28560.64813,0,0.68
2024-07-26 13:00:00,0.2453,0.2474,0.2445,0.2474,71084.6,1722002399999,17453.42392,253,34497.5,8481.33533,0,0.68
2024-07-26 14:00:00,0.2472,0.2476,0.2441,0.2447,170041.6,1722005999999,41751.22167,426,85358.2,20978.83266,0,0.68
2024-07-26 15:00:00,0.245,0.2467,0.2449,0.2464,130666.8,1722009599999,32134.81076,327,54870.7,13495.04172,0,0.68
2024-07-26 16:00:00,0.2464,0.2478,0.2463,0.2464,57426.6,1722013199999,14174.64549,239,40792.7,10068.88195,0,0.68
2024-07-26 17:00:00,0.2465,0.2469,0.2459,0.2463,69939.1,1722016799999,17227.27272,182,17305.6,4265.78602,0,0.68
2024-07-26 18:00:00,0.2462,0.2474,0.2461,0.2473,50762.9,1722020399999,12528.96908,184,28943.7,7142.23055,0,0.68
2024-07-26 19:00:00,0.2473,0.2482,0.2467,0.2468,89076.1,1722023999999,22055.26451,283,51888.2,12853.11554,0,0.68
2024-07-26 20:00:00,0.2468,0.2472,0.2461,0.2467,80613.5,1722027599999,19883.06749,341,50121.8,12363.03238,0,0.68
2024-07-26 21:00:00,0.2468,0.2478,0.2466,0.2478,46079.1,1722031199999,11382.59154,173,23576.9,5824.30021,0,0.68
2024-07-26 22:00:00,0.2478,0.2501,0.2477,0.25,62276.0,1722034799999,15511.11521,226,37012.6,9223.1809,0,0.68
2024-07-26 23:00:00,0.25,0.2514,0.2497,0.2509,101842.0,1722038399999,25520.84555,336,50880.3,12751.36726,0,0.68
2024-07-27 00:00:00,0.251,0.2516,0.2502,0.2508,168836.3,1722041999999,42363.10398,480,99414.0,24938.54454,0,0.72
2024-07-27 01:00:00,0.2508,0.2522,0.2502,0.2513,149908.0,1722045599999,37649.09168,500,95737.4,24051.80941,0,0.72
2024-07-27 02:00:00,0.2514,0.2609,0.2508,0.2543,1021998.3,1722049199999,262372.30503,3285,601617.8,154505.60482,0,0.72
2024-07-27 03:00:00,0.2543,0.2576,0.2532,0.257,405060.3,1722052799999,103340.09913,1180,249708.2,63658.24777,0,0.72
2024-07-27 04:00:00,0.2573,0.258,0.2549,0.2558,257352.8,1722056399999,65991.34041,649,103993.1,26693.06852,0,0.72
2024-07-27 05:00:00,0.2559,0.2572,0.2545,0.2549,86717.0,1722059999999,22191.61747,307,48819.8,12497.98863,0,0.72
2024-07-27 06:00:00,0.2551,0.2553,0.2542,0.2548,217096.9,1722063599999,55263.90194,481,60641.3,15435.22965,0,0.72
2024-07-27 07:00:00,0.255,0.2553,0.2537,0.2546,113755.6,1722067199999,28950.53961,336,49230.0,12533.23222,0,0.72
2024-07-27 08:00:00,0.2546,0.2588,0.2546,0.2567,608758.3,1722070799999,156356.62916,1306,284942.8,72998.84432,0,0.72
2024-07-27 09:00:00,0.2568,0.2583,0.2567,0.258,126375.0,1722074399999,32535.01327,378,89108.3,22942.73041,0,0.72
2024-07-27 10:00:00,0.258,0.2582,0.2564,0.2569,108876.3,1722077999999,27996.58678,266,60909.9,15664.00634,0,0.72
2024-07-27 11:00:00,0.2569,0.2631,0.2565,0.259,861472.6,1722081599999,224338.25893,2606,538547.3,140247.94198,0,0.72
2024-07-27 12:00:00,0.259,0.2645,0.2573,0.2577,988634.3,1722085199999,257822.0181,2165,452800.9,118181.0254,0,0.72
2024-07-27 13:00:00,0.258,0.2597,0.2574,0.2582,173130.0,1722088799999,44792.47928,407,59663.8,15442.4966,0,0.72
2024-07-27 14:00:00,0.2581,0.2593,0.2567,0.2577,396420.0,1722092399999,102400.51138,726,214551.3,55409.61546,0,0.72
2024-07-27 15:00:00,0.2579,0.26,0.2548,0.2587,412909.1,1722095999999,106170.84891,777,206939.2,53164.23995,0,0.72
2024-07-27 16:00:00,0.2586,0.2626,0.2582,0.259,683404.6,1722099599999,177883.491,1114,376666.9,98074.18243,0,0.72
2024-07-27 17:00:00,0.2588,0.2644,0.258,0.2587,1239939.9,1722103199999,324591.98503,1999,565563.3,148213.74678,0,0.72
2024-07-27 18:00:00,0.259,0.2612,0.2587,0.2589,341722.8,1722106799999,88933.42291,693,136743.2,35590.40892,0,0.72
2024-07-27 19:00:00,0.2589,0.2606,0.2568,0.2595,342709.0,1722110399999,88617.75845,822,171620.0,44393.41887,0,0.72
2024-07-27 20:00:00,0.2595,0.2603,0.2555,0.2594,718626.9,1722113999999,185716.93431,1529,347957.0,89980.03027,0,0.72
2024-07-27 21:00:00,0.2591,0.2615,0.2586,0.261,333471.4,1722117599999,86899.37605,535,176827.6,46088.20367,0,0.72
2024-07-27 22:00:00,0.2607,0.2608,0.2592,0.2595,91576.8,1722121199999,23798.9379,272,38272.4,9946.78542,0,0.72
2024-07-27 23:00:00,0.2595,0.2609,0.2591,0.2599,165936.8,1722124799999,43125.34841,403,98777.5,25677.64054,0,0.72
2024-07-28 00:00:00,0.2597,0.2605,0.2562,0.258,231066.5,1722128399999,59671.74144,545,96157.5,24840.38797,0,0.71
2024-07-28 01:00:00,0.258,0.2592,0.2579,0.258,151164.7,1722131999999,39089.63428,276,44885.3,11600.1442,0,0.71
2024-07-28 02:00:00,0.258,0.259,0.2579,0.2587,76922.5,1722135599999,19883.15325,186,53662.4,13873.33817,0,0.71
2024-07-28 03:00:00,0.2587,0.2599,0.2579,0.2579,68962.7,1722139199999,17851.17733,192,40837.9,10574.45819,0,0.71
2024-07-28 04:00:00,0.2581,0.2582,0.2553,0.2555,120448.4,1722142799999,30885.05885,257,38978.4,10003.29327,0,0.71
2024-07-28 05:00:00,0.2555,0.2557,0.2534,0.2547,266694.1,1722146399999,67787.49293,558,126115.5,32066.50922,0,0.71
2024-07-28 06:00:00,0.2547,0.2563,0.2543,0.2561,53871.6,1722149999999,13741.29966,178,12874.3,3288.04079,0,0.71
2024-07-28 07:00:00,0.2561,0.257,0.2554,0.2565,114820.7,1722153599999,29397.6192,308,49248.5,12613.4702,0,0.71
2024-07-28 08:00:00,0.2567,0.2567,0.2547,0.2558,33380.5,1722157199999,8537.45763,154,6867.1,1756.15439,0,0.71
2024-07-28 09:00:00,0.2557,0.2561,0.2552,0.2557,54904.1,1722160799999,14035.49592,186,19663.3,5026.25795,0,0.71
2024-07-28 10:00:00,0.2556,0.2558,0.255,0.2552,54332.4,1722164399999,13874.01028,158,19330.8,4938.57274,0,0.71
2024-07-28 11:00:00,0.2552,0.2566,0.255,0.2557,120189.9,1722167999999,30784.19712,220,33206.3,8493.68545,0,0.71
2024-07-28 12:00:00,0.2556,0.256,0.2546,0.2551,97108.1,1722171599999,24787.04213,307,54606.1,13944.59608,0,0.71
2024-07-28 13:00:00,0.2551,0.2551,0.2542,0.2545,100581.8,1722175199999,25608.48174,280,38429.7,9787.39274,0,0.71
2024-07-28 14:00:00,0.2543,0.2545,0.2523,0.2527,95476.2,1722178799999,24200.13926,292,49237.8,12482.94773,0,0.71
2024-07-28 15:00:00,0.2524,0.2535,0.252,0.2529,101147.4,1722182399999,25568.65383,268,76313.6,19292.45792,0,0.71
2024-07-28 16:00:00,0.2529,0.2531,0.2514,0.2516,84302.1,1722185999999,21261.27753,250,36502.0,9211.90354,0,0.71
2024-07-28 17:00:00,0.2514,0.2526,0.2512,0.2526,105477.0,1722189599999,26565.29186,312,76579.1,19286.36897,0,0.71
2024-07-28 18:00:00,0.2527,0.2542,0.2525,0.2539,81850.1,1722193199999,20762.90467,271,59396.8,15070.09744,0,0.71
2024-07-28 19:00:00,0.2539,0.2543,0.253,0.2532,90530.2,1722196799999,22947.00024,320,43974.4,11146.0228,0,0.71
2024-07-28 20:00:00,0.2533,0.2534,0.2521,0.2523,98130.9,1722200399999,24800.19018,261,58419.1,14761.09748,0,0.71
2024-07-28 21:00:00,0.252,0.2522,0.2507,0.2513,111836.8,1722203999999,28120.53173,374,82168.8,20661.79526,0,0.71
2024-07-28 22:00:00,0.2513,0.2519,0.2498,0.2502,191733.0,1722207599999,48075.85098,571,124180.3,31149.73317,0,0.71
2024-07-28 23:00:00,0.2503,0.2521,0.2501,0.2519,245982.9,1722211199999,61714.09099,614,142934.9,35853.74148,0,0.71
2024-07-29 00:00:00,0.2521,0.2549,0.2516,0.2544,516100.1,1722214799999,130798.98188,975,319801.6,81071.56614,0,0.74
2024-07-29 01:00:00,0.2546,0.2547,0.2524,0.2524,68038.4,1722218399999,17274.31775,258,34188.6,8682.936,0,0.74
2024-07-29 02:00:00,0.2523,0.2567,0.2519,0.2562,121769.2,1722221999999,31030.4644,438,70228.1,17890.22465,0,0.74
2024-07-29 03:00:00,0.2562,0.2569,0.2549,0.2549,109891.1,1722225599999,28128.56592,297,57501.9,14720.4327,0,0.74
2024-07-29 04:00:00,0.255,0.2555,0.2541,0.2548,83101.1,1722229199999,21167.42898,258,38980.1,9933.12864,0,0.74
2024-07-29 05:00:00,0.2553,0.2561,0.2551,0.2558,58761.7,1722232799999,15014.93807,200,34524.5,8823.22371,0,0.74
2024-07-29 06:00:00,0.2558,0.2568,0.2553,0.2562,65544.6,1722236399999,16788.3718,216,35604.2,9122.10253,0,0.74
2024-07-29 07:00:00,0.2562,0.2565,0.2548,0.2551,179414.0,1722239999999,45880.45829,498,84310.3,21568.16172,0,0.74
2024-07-29 08:00:00,0.2553,0.2559,0.2545,0.2552,97656.6,1722243599999,24926.52284,282,65803.8,16799.58568,0,0.74
2024-07-29 09:00:00,0.2553,0.2565,0.2552,0.2565,113542.9,1722247199999,29060.38449,250,72593.8,18583.87744,0,0.74
2024-07-29 10:00:00,0.2565,0.2565,0.2555,0.2556,162229.5,1722250799999,41577.07365,325,123996.4,31785.37842,0,0.74
2024-07-29 11:00:00,0.2557,0.2565,0.2552,0.2562,182940.6,1722254399999,46853.21281,311,143347.7,36717.17468,0,0.74
2024-07-29 12:00:00,0.256,0.2564,0.2553,0.2563,87744.5,1722257999999,22446.71804,256,34265.5,8769.00148,0,0.74
2024-07-29 13:00:00,0.2562,0.2576,0.2553,0.256,234470.6,1722261599999,60144.96507,380,187430.6,48073.20887,0,0.74
2024-07-29 14:00:00,0.2562,0.2565,0.2536,0.2539,209701.4,1722265199999,53424.39548,560,67148.3,17125.95057,0,0.74
2024-07-29 15:00:00,0.2538,0.2543,0.2509,0.2528,208229.5,1722268799999,52506.32393,719,117829.4,29703.06218,0,0.74
2024-07-29 16:00:00,0.2529,0.2538,0.2498,0.2508,410772.8,1722272399999,103414.89208,986,176345.3,44446.51803,0,0.74
2024-07-29 17:00:00,0.2507,0.2534,0.25,0.2519,206514.9,1722275999999,52011.68061,667,82633.0,20810.36529,0,0.74
2024-07-29 18:00:00,0.2521,0.2539,0.252,0.2536,127205.9,1722279599999,32173.62799,418,47685.2,12059.24589,0,0.74
2024-07-29 19:00:00,0.2538,0.255,0.253,0.255,83808.4,1722283199999,21261.24682,362,36620.1,9291.09145,0,0.74
2024-07-29 20:00:00,0.255,0.2556,0.2542,0.2548,147129.3,1722286799999,37512.93781,383,52607.6,13431.9035,0,0.74
2024-07-29 21:00:00,0.2548,0.2548,0.2533,0.2541,100701.6,1722290399999,25566.07732,278,25837.9,6561.26713,0,0.74
2024-07-29 22:00:00,0.2541,0.2553,0.2533,0.2538,86722.9,1722293999999,22070.30391,289,34757.4,8841.43348,0,0.74
2024-07-29 23:00:00,0.2541,0.2543,0.252,0.2523,133879.3,1722297599999,33856.21597,666,71314.1,18034.76062,0,0.74
2024-07-30 00:00:00,0.2522,0.2536,0.25,0.2534,301471.9,1722301199999,75935.98052,792,144798.9,36491.64094,0,0.67
2024-07-30 01:00:00,0.2531,0.2546,0.2509,0.2513,281758.2,1722304799999,71396.32678,604,126262.9,32034.13082,0,0.67
2024-07-30 02:00:00,0.2514,0.253,0.2509,0.2529,77167.6,1722308399999,19434.63407,266,33779.9,8506.11589,0,0.67
2024-07-30 03:00:00,0.2529,0.2554,0.2529,0.2553,74588.2,1722311999999,18977.96634,240,45955.8,11694.59269,0,0.67
2024-07-30 04:00:00,0.2551,0.2551,0.2538,0.2549,45150.5,1722315599999,11491.97431,191,15214.1,3872.47029,0,0.67
2024-07-30 05:00:00,0.2548,0.2548,0.2528,0.2537,48985.7,1722319199999,12431.92926,194,16890.9,4282.17062,0,0.67
2024-07-30 06:00:00,0.2537,0.2555,0.2531,0.2554,59905.8,1722322799999,15233.94097,235,24431.6,6215.51731,0,0.67
2024-07-30 07:00:00,0.2554,0.2557,0.2543,0.2543,118704.9,1722326399999,30280.77586,395,33237.6,8485.99,0,0.67
2024-07-30 08:00:00,0.2546,0.2553,0.2541,0.2541,50415.0,1722329999999,12838.51782,195,23095.7,5882.22561,0,0.67
2024-07-30 09:00:00,0.254,0.2549,0.254,0.2544,31681.3,1722333599999,8060.41105,143,13039.4,3318.58416,0,0.67
2024-07-30 10:00:00,0.2542,0.2549,0.2533,0.2538,87254.7,1722337199999,22139.8187,317,27430.6,6962.87582,0,0.67
2024-07-30 11:00:00,0.2538,0.2541,0.2527,0.2529,108205.4,1722340799999,27404.85839,279,29076.5,7367.00826,0,0.67
2024-07-30 12:00:00,0.2528,0.2538,0.2517,0.2525,230024.7,1722344399999,58162.37797,455,66543.0,16826.06887,0,0.67
2024-07-30 13:00:00,0.2525,0.2534,0.2511,0.2513,121008.2,1722347999999,30501.39039,425,51667.2,13023.76399,0,0.67
2024-07-30 14:00:00,0.2511,0.2524,0.2501,0.2504,62878.3,1722351599999,15791.20005,215,23768.8,5970.36674,0,0.67
2024-07-30 15:00:00,0.2503,0.2524,0.2498,0.2514,31536.1,1722355199999,7915.49545,136,13642.9,3424.56551,0,0.67
2024-07-30 16:00:00,0.2512,0.2516,0.25,0.2501,63550.6,1722358799999,15937.76557,176,13892.2,3487.7406,0,0.67
2024-07-30 17:00:00,0.2501,0.2505,0.2475,0.2477,272956.4,1722362399999,68075.67772,505,162963.6,40669.33344,0,0.67
2024-07-30 18:00:00,0.2477,0.248,0.2461,0.247,152431.7,1722365999999,37679.79087,353,62211.5,15379.93432,0,0.67
2024-07-30 19:00:00,0.2467,0.2467,0.244,0.2453,173566.5,1722369599999,42557.40782,384,85525.6,20968.94436,0,0.67
2024-07-30 20:00:00,0.2455,0.2455,0.2414,0.2444,240204.6,1722373199999,58365.65482,440,106137.5,25796.48715,0,0.67
2024-07-30 21:00:00,0.2442,0.2442,0.241,0.2435,142474.0,1722376799999,34597.87119,263,77641.7,18866.755,0,0.67
2024-07-30 22:00:00,0.2436,0.245,0.2425,0.2448,96674.3,1722380399999,23574.35482,249,65518.6,15986.45136,0,0.67
2024-07-30 23:00:00,0.2448,0.2456,0.2433,0.2446,40352.0,1722383999999,9860.08702,141,15614.7,3814.44491,0,0.67
2024-07-31 00:00:00,0.2446,0.2464,0.2422,0.2457,130433.5,1722387599999,31838.01066,418,60492.2,14771.60417,0,0.61
2024-07-31 01:00:00,0.2456,0.2549,0.2456,0.2501,1277285.4,1722391199999,320124.44498,3122,709715.6,177881.19352,0,0.61
2024-07-31 02:00:00,0.2499,0.2543,0.2497,0.2531,590056.3,1722394799999,148706.23932,1337,282693.0,71259.93487,0,0.61
2024-07-31 03:00:00,0.2529,0.2612,0.2528,0.2601,1420074.7,1722398399999,367012.03054,3440,761390.0,196925.78567,0,0.61
2024-07-31 04:00:00,0.2601,0.27,0.2514,0.2548,6150370.3,1722401999999,1609601.18035,13443,3634843.7,952763.72121,0,0.61
2024-07-31 05:00:00,0.2549,0.2578,0.2493,0.2569,2268914.7,1722405599999,573166.34302,3758,1269151.4,320965.21885,0,0.61
2024-07-31 06:00:00,0.2571,0.2643,0.2564,0.2605,1302841.5,1722409199999,338920.56609,2210,848417.1,220786.14938,0,0.61
2024-07-31 07:00:00,0.2605,0.2622,0.259,0.2609,518138.8,1722412799999,135011.53747,1123,271972.3,70918.10406,0,0.61
2024-07-31 08:00:00,0.261,0.2619,0.2564,0.2578,1016330.3,1722416399999,262995.55457,2003,345994.3,89602.59318,0,0.61
2024-07-31 09:00:00,0.2579,0.2605,0.2569,0.2602,423895.9,1722419999999,109578.27247,1002,238294.6,61592.388,0,0.61
2024-07-31 10:00:00,0.2602,0.2654,0.2593,0.2634,1535131.1,1722423599999,403296.16567,3246,857415.4,225433.54934,0,0.61
2024-07-31 11:00:00,0.2633,0.2633,0.2539,0.2599,1110654.1,1722427199999,286960.70887,2415,506890.7,130997.70657,0,0.61
2024-07-31 12:00:00,0.2598,0.2598,0.2556,0.2559,406939.2,1722430799999,104917.47418,902,152393.1,39268.2324,0,0.61
2024-07-31 13:00:00,0.2561,0.2598,0.2561,0.258,472999.8,1722434399999,121908.37596,1074,241690.7,62280.81315,0,0.61
2024-07-31 14:00:00,0.2578,0.2591,0.2554,0.2572,163824.2,1722437999999,42181.25773,626,84355.9,21721.42865,0,0.61
2024-07-31 15:00:00,0.2575,0.2586,0.257,0.2575,269426.7,1722441599999,69472.47687,490,165024.0,42552.5618,0,0.61
2024-07-31 16:00:00,0.2576,0.2589,0.2559,0.256,273969.9,1722445199999,70576.43522,571,165268.1,42586.64868,0,0.61
2024-07-31 17:00:00,0.256,0.2573,0.2549,0.2559,132005.0,1722448799999,33785.26493,414,56587.4,14503.54653,0,0.61
2024-07-31 18:00:00,0.2558,0.2601,0.2536,0.2595,728103.0,1722452399999,187386.37305,1717,415274.0,106928.60106,0,0.61
2024-07-31 19:00:00,0.2598,0.2599,0.2528,0.2535,429496.6,1722455999999,109808.03329,1482,200086.8,51156.66047,0,0.61
2024-07-31 20:00:00,0.2535,0.2536,0.2493,0.25,634877.5,1722459599999,159295.71592,1406,262565.5,65885.71799,0,0.61
2024-07-31 21:00:00,0.25,0.2532,0.2494,0.2522,325215.8,1722463199999,81734.85095,1061,157159.2,39503.39631,0,0.61
2024-07-31 22:00:00,0.2522,0.2524,0.2485,0.2504,245961.4,1722466799999,61424.4995,806,110490.2,27605.28133,0,0.61
2024-07-31 23:00:00,0.2504,0.2504,0.2476,0.248,210952.4,1722470399999,52462.99601,539,85204.4,21203.07875,0,0.61
2024-08-01 00:00:00,0.248,0.2495,0.2449,0.2473,456656.5,1722473999999,112746.43029,1841,144098.9,35590.7572,0,0.52
2024-08-01 01:00:00,0.2471,0.2486,0.2451,0.2471,171880.4,1722477599999,42488.13067,514,76624.5,18946.86731,0,0.52
2024-08-01 02:00:00,0.2475,0.2476,0.2433,0.2444,141776.3,1722481199999,34758.92621,567,55596.1,13632.68639,0,0.52
2024-08-01 03:00:00,0.2442,0.2452,0.2429,0.2442,225313.7,1722484799999,54985.11283,816,154841.5,37797.06374,0,0.52
2024-08-01 04:00:00,0.244,0.2447,0.2358,0.2364,420539.9,1722488399999,100470.21649,1303,174423.9,41601.24425,0,0.52
2024-08-01 05:00:00,0.2364,0.2398,0.2346,0.2394,265845.5,1722491999999,63041.89865,999,174168.1,41303.55614,0,0.52
2024-08-01 06:00:00,0.2393,0.2393,0.2357,0.2358,236204.1,1722495599999,56068.51301,585,118674.8,28173.61282,0,0.52
2024-08-01 07:00:00,0.2358,0.2381,0.2358,0.2373,149634.9,1722499199999,35473.78887,446,93113.7,22078.94809,0,0.52
2024-08-01 08:00:00,0.2374,0.2394,0.236,0.2394,252888.7,1722502799999,60202.93906,655,149811.4,35671.51534,0,0.52
2024-08-01 09:00:00,0.2393,0.2404,0.2381,0.2382,281166.3,1722506399999,67352.28953,538,101053.4,24222.32595,0,0.52
2024-08-01 10:00:00,0.2382,0.2393,0.2376,0.2386,172993.5,1722509999999,41228.40058,407,94512.4,22526.74742,0,0.52
2024-08-01 11:00:00,0.2387,0.2394,0.2376,0.2389,142743.5,1722513599999,34073.89091,420,81892.2,19548.45191,0,0.52
2024-08-01 12:00:00,0.239,0.2408,0.2383,0.2408,165704.7,1722517199999,39706.25092,392,101959.7,24440.46147,0,0.52
2024-08-01 13:00:00,0.2406,0.2413,0.2388,0.239,174255.9,1722520799999,41820.33982,469,62850.2,15093.62171,0,0.52
2024-08-01 14:00:00,0.2389,0.2389,0.2336,0.2338,318393.0,1722524399999,75013.8152,1078,186740.6,43985.08951,0,0.52
2024-08-01 15:00:00,0.2338,0.2341,0.2311,0.2318,615360.6,1722527999999,143137.31054,1757,239610.5,55731.20872,0,0.52
2024-08-01 16:00:00,0.2314,0.2321,0.2247,0.2278,1375559.8,1722531599999,314947.41505,2811,691338.4,158308.33722,0,0.52
2024-08-01 17:00:00,0.2276,0.2282,0.226,0.228,418959.6,1722535199999,95143.12479,940,269880.9,61308.27994,0,0.52
2024-08-01 18:00:00,0.2279,0.228,0.2218,0.2238,679350.5,1722538799999,152515.86913,1815,404778.0,90849.88973,0,0.52
2024-08-01 19:00:00,0.2238,0.228,0.2236,0.226,363789.6,1722542399999,82289.15613,1109,215146.3,48687.18031,0,0.52
2024-08-01 20:00:00,0.2257,0.23,0.2238,0.23,619741.2,1722545999999,140303.63587,1019,398713.2,90286.35737,0,0.52
2024-08-01 21:00:00,0.2297,0.2326,0.2289,0.2321,498229.5,1722549599999,114789.2426,859,300058.6,69138.95754,0,0.52
2024-08-01 22:00:00,0.2322,0.2368,0.2315,0.236,194431.2,1722553199999,45610.49882,511,101534.4,23845.3401,0,0.52
2024-08-01 23:00:00,0.2361,0.2368,0.2341,0.2344,198090.3,1722556799999,46595.61127,333,143540.8,33768.20754,0,0.52
2024-08-02 00:00:00,0.2343,0.2353,0.2309,0.2325,498011.6,1722560399999,115916.51103,1053,218248.9,50763.98648,0,0.57
2024-08-02 01:00:00,0.2323,0.2328,0.2291,0.2298,561207.6,1722563999999,129554.55585,1274,211260.8,48778.63495,0,0.57
2024-08-02 02:00:00,0.2298,0.23,0.2251,0.2272,446395.5,1722567599999,101455.27762,850,208822.4,47488.91252,0,0.57
2024-08-02 03:00:00,0.2272,0.2299,0.2268,0.2293,104661.5,1722571199999,23906.10015,323,64988.4,14842.14819,0,0.57
2024-08-02 04:00:00,0.2292,0.2293,0.228,0.229,123269.9,1722574799999,28193.73667,353,72391.9,16559.47584,0,0.57
2024-08-02 05:00:00,0.2293,0.2293,0.2256,0.2256,176834.0,1722578399999,40233.73038,548,87164.4,19832.45437,0,0.57
2024-08-02 06:00:00,0.2256,0.2266,0.2228,0.226,274540.3,1722581999999,61737.6395,664,149970.4,33761.18776,0,0.57
2024-08-02 07:00:00,0.2261,0.2272,0.224,0.2269,142347.2,1722585599999,32136.69138,392,54604.9,12321.56973,0,0.57
2024-08-02 08:00:00,0.2268,0.2271,0.2244,0.2271,213749.2,1722589199999,48191.49361,472,105499.8,23788.56484,0,0.57
2024-08-02 09:00:00,0.227,0.2285,0.227,0.2277,137676.5,1722592799999,31373.1317,451,62183.7,14171.43218,0,0.57
2024-08-02 10:00:00,0.2276,0.228,0.2259,0.2276,131408.9,1722596399999,29832.01668,307,40773.1,9255.55836,0,0.57
2024-08-02 11:00:00,0.2275,0.2286,0.2265,0.2272,126728.1,1722599999999,28870.77248,319,76054.8,17328.46288,0,0.57
2024-08-02 12:00:00,0.2272,0.2279,0.2244,0.2267,291938.8,1722603599999,66052.22147,927,127477.8,28851.2343,0,0.57
2024-08-02 13:00:00,0.2267,0.2325,0.2256,0.23,334144.4,1722607199999,76583.07402,1028,166324.8,38122.64542,0,0.57
2024-08-02 14:00:00,0.2299,0.2304,0.2216,0.222,311604.8,1722610799999,70182.60312,1043,122580.8,27653.12144,0,0.57
2024-08-02 15:00:00,0.2221,0.2233,0.2152,0.2222,585408.5,1722614399999,128152.74231,1570,281400.3,61576.3592,0,0.57
2024-08-02 16:00:00,0.2226,0.2226,0.2193,0.2215,338964.9,1722617999999,75044.06191,634,120010.5,26558.36574,0,0.57
2024-08-02 17:00:00,0.2217,0.2235,0.2213,0.2217,123341.1,1722621599999,27409.37612,509,54768.0,12169.05635,0,0.57
2024-08-02 18:00:00,0.2217,0.2218,0.2191,0.2192,158760.7,1722625199999,34998.38406,564,70417.8,15523.98988,0,0.57
2024-08-02 19:00:00,0.2194,0.2203,0.2176,0.2199,361706.0,1722628799999,79331.6273,642,174463.5,38270.1351,0,0.57
2024-08-02 20:00:00,0.2199,0.222,0.2188,0.2205,358579.6,1722632399999,79157.04259,741,153407.6,33886.44402,0,0.57
2024-08-02 21:00:00,0.2206,0.2206,0.2165,0.2194,342569.5,1722635999999,74857.23332,879,151916.6,33174.90837,0,0.57
2024-08-02 22:00:00,0.2193,0.2198,0.2179,0.2192,105656.3,1722639599999,23143.34534,280,60268.4,13201.86813,0,0.57
2024-08-02 23:00:00,0.2191,0.2203,0.2182,0.2198,147902.9,1722643199999,32460.93344,375,64958.1,14254.79818,0,0.57
2024-08-03 00:00:00,0.2201,0.2221,0.2165,0.2175,234416.1,1722646799999,51488.66329,553,99791.3,21912.94717,0,0.37
2024-08-03 01:00:00,0.2174,0.2189,0.2101,0.2178,743161.0,1722650399999,159272.83583,1762,296028.3,63582.09505,0,0.37
2024-08-03 02:00:00,0.218,0.2203,0.218,0.2199,98100.6,1722653999999,21491.25654,361,46098.4,10094.05127,0,0.37
2024-08-03 03:00:00,0.2199,0.2241,0.2191,0.224,278134.7,1722657599999,61577.86615,593,202346.5,44804.24957,0,0.37
2024-08-03 04:00:00,0.2241,0.2275,0.2214,0.2217,1097831.8,1722661199999,246988.25113,2907,753397.4,169730.72725,0,0.37
2024-08-03 05:00:00,0.2219,0.2247,0.2219,0.2247,130492.1,1722664799999,29131.55356,342,65988.7,14730.23507,0,0.37
2024-08-03 06:00:00,0.2247,0.2255,0.2237,0.2252,96195.9,1722668399999,21604.83458,347,49345.5,11078.45832,0,0.37
2024-08-03 07:00:00,0.2251,0.2269,0.2244,0.2256,159755.2,1722671999999,36062.60299,363,95499.3,21572.23905,0,0.37
2024-08-03 08:00:00,0.2255,0.2261,0.2233,0.2259,244886.5,1722675599999,55012.27806,524,116944.5,26269.66667,0,0.37
2024-08-03 09:00:00,0.2258,0.2301,0.2241,0.2261,2051429.5,1722679199999,466130.51494,5340,1077151.0,244928.41502,0,0.37
2024-08-03 10:00:00,0.2259,0.2321,0.2252,0.2255,1715809.1,1722682799999,393012.69612,3906,828591.7,189908.0475,0,0.37
2024-08-03 11:00:00,0.2253,0.2295,0.2248,0.2278,433108.6,1722686399999,98403.48395,864,273752.7,62236.8472,0,0.37
2024-08-03 12:00:00,0.2279,0.2282,0.2261,0.2261,423347.9,1722689999999,96169.1049,752,194108.0,44110.91387,0,0.37
2024-08-03 13:00:00,0.2262,0.2263,0.2237,0.2242,247210.1,1722693599999,55517.40157,433,146166.8,32821.97089,0,0.37
2024-08-03 14:00:00,0.2243,0.2244,0.2224,0.2226,446320.0,1722697199999,99727.21133,635,135767.1,30378.40298,0,0.37
2024-08-03 15:00:00,0.2224,0.2236,0.2147,0.2153,862926.5,1722700799999,189779.51642,1171,313839.9,69006.28097,0,0.37
2024-08-03 16:00:00,0.2151,0.2161,0.211,0.2141,674652.9,1722704399999,144028.38783,1313,389100.4,83048.52306,0,0.37
2024-08-03 17:00:00,0.2139,0.2139,0.2093,0.2098,484337.0,1722707999999,102264.42869,1101,220477.9,46581.8879,0,0.37
2024-08-03 18:00:00,0.2101,0.2114,0.2083,0.2091,258143.7,1722711599999,54145.3956,658,112485.0,23613.01943,0,0.37
2024-08-03 19:00:00,0.209,0.2116,0.2084,0.2086,248457.6,1722715199999,52184.63277,562,110221.3,23143.80221,0,0.37
2024-08-03 20:00:00,0.2085,0.2104,0.2075,0.2083,174530.4,1722718799999,36478.83546,455,80845.2,16907.46308,0,0.37
2024-08-03 21:00:00,0.2082,0.2122,0.2079,0.2117,190336.3,1722722399999,40032.10963,396,91821.5,19309.4693,0,0.37
2024-08-03 22:00:00,0.212,0.2137,0.2116,0.2125,162696.6,1722725999999,34590.4976,309,101532.4,21581.62448,0,0.37
2024-08-03 23:00:00,0.2124,0.215,0.2115,0.215,187239.1,1722729599999,39888.17661,388,93564.5,19958.47132,0,0.37
2024-08-04 00:00:00,0.2147,0.2149,0.2124,0.2145,137868.9,1722733199999,29438.41238,383,59948.4,12804.62769,0,0.34
2024-08-04 01:00:00,0.2143,0.2144,0.211,0.213,175150.0,1722736799999,37243.05243,403,74963.2,15935.42008,0,0.34
2024-08-04 02:00:00,0.2128,0.2157,0.2127,0.2154,101901.5,1722740399999,21863.25841,265,34845.3,7483.73809,0,0.34
2024-08-04 03:00:00,0.2156,0.216,0.2143,0.2157,92762.4,1722743999999,19983.44289,286,50283.9,10835.67929,0,0.34
2024-08-04 04:00:00,0.2158,0.217,0.2148,0.2148,64147.3,1722747599999,13840.77982,208,21329.0,4605.93969,0,0.34
2024-08-04 05:00:00,0.2148,0.2163,0.2147,0.2159,58773.4,1722751199999,12650.20636,188,24474.2,5271.06246,0,0.34
2024-08-04 06:00:00,0.2156,0.2169,0.2152,0.2165,48324.2,1722754799999,10433.73584,187,19102.3,4126.45212,0,0.34
2024-08-04 07:00:00,0.2162,0.2165,0.2132,0.2136,105769.7,1722758399999,22701.71554,302,36918.6,7932.66561,0,0.34
2024-08-04 08:00:00,0.2136,0.2156,0.2122,0.2148,233532.5,1722761999999,49816.72651,372,49073.4,10503.51834,0,0.34
2024-08-04 09:00:00,0.2146,0.216,0.2144,0.2149,167338.1,1722765599999,35981.43655,222,74483.9,16048.50339,0,0.34
2024-08-04 10:00:00,0.2145,0.2146,0.2127,0.2142,158168.8,1722769199999,33755.20972,382,78892.2,16834.58928,0,0.34
2024-08-04 11:00:00,0.2146,0.2152,0.2139,0.2139,222105.7,1722772799999,47683.93929,338,146128.9,31376.2396,0,0.34
2024-08-04 12:00:00,0.2138,0.2148,0.2131,0.2147,135551.4,1722776399999,28970.97152,287,61187.2,13082.1137,0,0.34
2024-08-04 13:00:00,0.2147,0.215,0.2134,0.2141,148786.7,1722779999999,31882.58291,316,58822.8,12600.83062,0,0.34
2024-08-04 14:00:00,0.214,0.2142,0.2068,0.2071,696337.2,1722783599999,145870.42978,1527,290945.2,60857.91431,0,0.34
2024-08-04 15:00:00,0.2073,0.2073,0.203,0.2035,645944.1,1722787199999,132473.89338,1190,261101.1,53575.74704,0,0.34
2024-08-04 16:00:00,0.2034,0.2049,0.2004,0.2008,475734.6,1722790799999,96279.83722,1012,235078.7,47660.45697,0,0.34
2024-08-04 17:00:00,0.2009,0.2022,0.1968,0.2003,857690.9,1722794399999,171325.10293,2059,411448.5,82261.03487,0,0.34
2024-08-04 18:00:00,0.1999,0.2026,0.198,0.2026,703215.1,1722797999999,140803.55952,1169,417271.8,83644.69251,0,0.34
2024-08-04 19:00:00,0.2026,0.2073,0.201,0.2062,472137.4,1722801599999,96654.88966,757,248672.5,50876.00609,0,0.34
2024-08-04 20:00:00,0.2062,0.2077,0.2035,0.2041,192749.7,1722805199999,39589.94035,439,87130.4,17888.06012,0,0.34
2024-08-04 21:00:00,0.2042,0.2045,0.2027,0.2038,427393.7,1722808799999,86994.59479,772,216807.1,44154.61151,0,0.34
2024-08-04 22:00:00,0.2036,0.2069,0.2033,0.2045,480333.0,1722812399999,98405.40277,890,252777.1,51768.02812,0,0.34
2024-08-04 23:00:00,0.2043,0.2044,0.2016,0.2018,229356.3,1722815999999,46483.16415,520,85406.3,17324.21118,0,0.34
2024-08-05 00:00:00,0.2019,0.2038,0.1894,0.192,2078789.0,1722819599999,410094.25596,3689,987831.4,194954.48718,0,0.26
2024-08-05 01:00:00,0.1918,0.1925,0.1677,0.1806,4729189.1,1722823199999,849731.85059,8673,1940543.9,350254.60133,0,0.26
2024-08-05 02:00:00,0.1807,0.1814,0.1749,0.1808,1454428.3,1722826799999,259369.44231,2540,772231.1,137724.09388,0,0.26
2024-08-05 03:00:00,0.1809,0.1809,0.1775,0.178,908915.0,1722830399999,162293.0429,1323,346037.3,61916.33614,0,0.26
2024-08-05 04:00:00,0.1783,0.1818,0.1778,0.1799,384094.5,1722833999999,69013.6908,727,226812.0,40775.50022,0,0.26
2024-08-05 05:00:00,0.18,0.1811,0.1725,0.1774,1066729.0,1722837599999,189288.10687,2540,481008.1,85435.85735,0,0.26
2024-08-05 06:00:00,0.1773,0.1783,0.1626,0.1733,2745115.9,1722841199999,465192.03542,4860,1284902.4,217968.86649,0,0.26
2024-08-05 07:00:00,0.1732,0.1823,0.1715,0.1814,1048266.0,1722844799999,186228.68399,1854,552268.5,98209.76644,0,0.26
2024-08-05 08:00:00,0.1814,0.1818,0.1771,0.1784,356731.3,1722848399999,63940.59536,789,184887.1,33156.11038,0,0.26
2024-08-05 09:00:00,0.1784,0.1806,0.177,0.18,292403.0,1722851999999,52302.39721,638,126051.3,22571.84222,0,0.26
2024-08-05 10:00:00,0.18,0.1801,0.1736,0.176,528942.4,1722855599999,93625.25504,936,243267.3,43038.37656,0,0.26
2024-08-05 11:00:00,0.1762,0.1762,0.1689,0.1756,600613.0,1722859199999,103362.98578,1111,289938.5,49880.68099,0,0.26
2024-08-05 12:00:00,0.1759,0.1784,0.1705,0.1718,864020.8,1722862799999,150846.16132,1509,489707.7,85621.805,0,0.26
2024-08-05 13:00:00,0.1717,0.1834,0.1694,0.1828,1063254.4,1722866399999,187983.25838,1965,551269.0,97386.27908,0,0.26
2024-08-05 14:00:00,0.1827,0.1916,0.1827,0.1889,1197814.6,1722869999999,225289.67791,1873,525348.5,98659.00868,0,0.26
2024-08-05 15:00:00,0.1892,0.1929,0.1876,0.1917,768490.3,1722873599999,146687.91344,1316,391399.5,74701.77754,0,0.26
2024-08-05 16:00:00,0.1918,0.1955,0.1907,0.1909,605347.2,1722877199999,116664.13953,1067,228615.9,44107.36224,0,0.26
2024-08-05 17:00:00,0.1909,0.1935,0.1901,0.1916,484865.7,1722880799999,92976.27645,705,295790.3,56714.99945,0,0.26
2024-08-05 18:00:00,0.1917,0.1921,0.1868,0.1869,271734.6,1722884399999,51663.02928,605,99722.8,18936.79712,0,0.26
2024-08-05 19:00:00,0.1869,0.1968,0.1864,0.1891,1134153.7,1722887999999,215315.10358,2021,667166.2,126761.79832,0,0.26
2024-08-05 20:00:00,0.1891,0.1919,0.1891,0.1909,311552.4,1722891599999,59408.83454,639,129088.8,24614.76078,0,0.26
2024-08-05 21:00:00,0.1908,0.1926,0.1886,0.1891,610141.8,1722895199999,116143.64269,799,228354.9,43522.01111,0,0.26
2024-08-05 22:00:00,0.1891,0.1915,0.1891,0.1908,268608.1,1722898799999,51060.99841,472,119457.6,22693.66585,0,0.26
2024-08-05 23:00:00,0.1909,0.192,0.1883,0.1886,166459.2,1722902399999,31531.16656,398,65415.9,12407.81976,0,0.26
2024-08-06 00:00:00,0.1888,0.1958,0.1883,0.1955,729478.9,1722905999999,140917.02509,1819,358606.7,69425.91351,0,0.17
2024-08-06 01:00:00,0.1954,0.1978,0.1934,0.1946,448888.8,1722909599999,88048.55379,1067,298001.4,58494.48223,0,0.17
2024-08-06 02:00:00,0.1942,0.1956,0.1935,0.1948,94377.4,1722913199999,18368.66953,284,46016.6,8957.04279,0,0.17
2024-08-06 03:00:00,0.1947,0.1953,0.194,0.195,208923.9,1722916799999,40659.45663,306,72513.3,14114.77932,0,0.17
2024-08-06 04:00:00,0.1945,0.1956,0.1937,0.1954,135438.2,1722920399999,26390.75991,287,66974.2,13053.53439,0,0.17
2024-08-06 05:00:00,0.1957,0.1986,0.1954,0.1981,363070.3,1722923999999,71413.37221,601,145321.8,28560.109,0,0.17
2024-08-06 06:00:00,0.1982,0.1999,0.1972,0.1982,377081.3,1722927599999,74847.08431,523,189629.1,37617.51191,0,0.17
2024-08-06 07:00:00,0.1981,0.1992,0.1971,0.1986,154211.6,1722931199999,30560.49432,393,47644.9,9443.53881,0,0.17
2024-08-06 08:00:00,0.1986,0.1989,0.1924,0.194,621849.4,1722934799999,121656.3472,773,304369.5,59597.66642,0,0.17
2024-08-06 09:00:00,0.1936,0.1944,0.1926,0.1944,245549.7,1722938399999,47495.77784,459,96196.2,18615.00191,0,0.17
2024-08-06 10:00:00,0.1944,0.1944,0.1918,0.1926,151255.8,1722941999999,29238.31392,373,61487.3,11880.08306,0,0.17
2024-08-06 11:00:00,0.1926,0.195,0.1918,0.1938,270480.9,1722945599999,52392.45182,641,136051.2,26385.91894,0,0.17
2024-08-06 12:00:00,0.1937,0.1953,0.1924,0.1929,324659.1,1722949199999,63036.48342,853,174096.7,33797.47492,0,0.17
2024-08-06 13:00:00,0.1928,0.1946,0.1906,0.1928,171059.2,1722952799999,32912.27497,472,82146.5,15803.6864,0,0.17
2024-08-06 14:00:00,0.1927,0.1996,0.1927,0.1972,541781.9,1722956399999,106954.70017,1129,254932.7,50295.95868,0,0.17
2024-08-06 15:00:00,0.1972,0.1985,0.1954,0.1979,203379.3,1722959999999,40021.94333,519,113490.9,22335.88141,0,0.17
2024-08-06 16:00:00,0.1982,0.2006,0.1972,0.1991,288611.1,1722963599999,57361.1662,690,191526.0,38087.66224,0,0.17
2024-08-06 17:00:00,0.199,0.1996,0.1976,0.1976,154980.4,1722967199999,30803.25173,291,65243.7,12982.99155,0,0.17
2024-08-06 18:00:00,0.1975,0.2001,0.1975,0.1985,87304.7,1722970799999,17380.32521,250,48521.5,9669.14101,0,0.17
2024-08-06 19:00:00,0.1984,0.1999,0.1979,0.1985,76447.7,1722974399999,15216.14001,197,31960.3,6362.64104,0,0.17
2024-08-06 20:00:00,0.1984,0.1994,0.1974,0.1982,150733.7,1722977999999,29887.68253,327,56787.5,11257.35057,0,0.17
2024-08-06 21:00:00,0.1982,0.1993,0.1975,0.1993,115603.1,1722981599999,22939.90275,212,60664.9,12049.15962,0,0.17
2024-08-06 22:00:00,0.1992,0.2007,0.1969,0.1986,238813.9,1722985199999,47325.07548,459,61882.2,12287.05448,0,0.17
2024-08-06 23:00:00,0.1983,0.199,0.1968,0.1978,102467.6,1722988799999,20270.15493,201,43886.4,8682.09439,0,0.17
2024-08-07 00:00:00,0.1978,0.1998,0.196,0.1995,379265.7,1722992399999,74883.16589,584,195677.2,38687.23682,0,0.29
2024-08-07 01:00:00,0.1994,0.2025,0.1974,0.2025,208334.8,1722995999999,41715.72573,549,139274.9,27936.59162,0,0.29
2024-08-07 02:00:00,0.2023,0.204,0.2005,0.2015,231882.3,1722999599999,46939.69925,422,90178.0,18255.06012,0,0.29
2024-08-07 03:00:00,0.2022,0.2036,0.2013,0.2019,209993.7,1723003199999,42485.14236,280,91696.6,18561.0515,0,0.29
2024-08-07 04:00:00,0.2023,0.2036,0.2018,0.2025,117299.0,1723006799999,23754.87337,243,42821.9,8673.88767,0,0.29
2024-08-07 05:00:00,0.2021,0.2028,0.2008,0.2008,67442.5,1723010399999,13626.77879,200,31515.4,6371.58843,0,0.29
2024-08-07 06:00:00,0.2008,0.2018,0.2002,0.2003,153731.2,1723013999999,30892.02951,337,69626.6,13996.02445,0,0.29
2024-08-07 07:00:00,0.2004,0.2012,0.1994,0.2004,119270.2,1723017599999,23893.17512,277,44779.4,8973.55001,0,0.29
2024-08-07 08:00:00,0.2003,0.2019,0.2001,0.2009,127671.7,1723021199999,25647.14243,330,72624.2,14595.38039,0,0.29
2024-08-07 09:00:00,0.201,0.203,0.2005,0.2016,303071.2,1723024799999,61163.78198,407,86760.2,17533.81512,0,0.29
2024-08-07 10:00:00,0.2017,0.2031,0.2013,0.2025,285051.6,1723028399999,57619.95499,383,200562.5,40547.39405,0,0.29
2024-08-07 11:00:00,0.2022,0.2026,0.1999,0.2,177184.7,1723031999999,35583.18826,368,96463.4,19389.4774,0,0.29
2024-08-07 12:00:00,0.2,0.2015,0.1994,0.2012,258527.1,1723035599999,51757.49244,497,184349.8,36889.78751,0,0.29
2024-08-07 13:00:00,0.201,0.202,0.1995,0.1997,298241.2,1723039199999,59791.48412,555,201051.5,40304.87719,0,0.29
2024-08-07 14:00:00,0.1999,0.2006,0.1925,0.1957,433251.1,1723042799999,85175.11726,1090,268535.5,52880.67841,0,0.29
2024-08-07 15:00:00,0.1957,0.1978,0.195,0.1967,157422.3,1723046399999,30884.71416,362,86145.9,16907.99303,0,0.29
2024-08-07 16:00:00,0.1966,0.1973,0.1939,0.195,142651.2,1723049999999,27842.05487,375,84764.1,16545.89194,0,0.29
2024-08-07 17:00:00,0.1947,0.1955,0.1921,0.1934,132952.7,1723053599999,25787.68993,454,48391.3,9384.67822,0,0.29
2024-08-07 18:00:00,0.1936,0.1938,0.1905,0.1914,192693.1,1723057199999,37003.74363,573,92518.2,17751.7235,0,0.29
2024-08-07 19:00:00,0.1916,0.1927,0.1905,0.1921,142561.7,1723060799999,27293.87534,327,45238.5,8674.78852,0,0.29
2024-08-07 20:00:00,0.192,0.1947,0.1899,0.1925,431359.4,1723064399999,83065.81244,811,194359.2,37479.07138,0,0.29
2024-08-07 21:00:00,0.1925,0.1938,0.1917,0.1929,148516.6,1723067999999,28614.28835,452,81585.0,15735.55828,0,0.29
2024-08-07 22:00:00,0.193,0.1936,0.1898,0.1935,142470.7,1723071599999,27389.92592,399,81110.7,15603.16391,0,0.29
2024-08-07 23:00:00,0.1939,0.1946,0.1922,0.1931,122550.4,1723075199999,23695.19546,260,74850.3,14479.82498,0,0.29
2024-08-08 00:00:00,0.193,0.1939,0.1899,0.1932,237923.5,1723078799999,45668.93662,578,138068.5,26504.39065,0,0.2
2024-08-08 01:00:00,0.1934,0.1992,0.1931,0.1985,292932.8,1723082399999,57585.82784,743,144045.7,28310.86604,0,0.2
2024-08-08 02:00:00,0.1987,0.2023,0.1987,0.2017,149417.2,1723085999999,29991.00894,423,72676.2,14597.99204,0,0.2
2024-08-08 03:00:00,0.2017,0.2028,0.1997,0.1997,220023.9,1723089599999,44348.85477,511,57925.7,11682.99226,0,0.2
2024-08-08 04:00:00,0.1998,0.2019,0.1996,0.1996,143549.2,1723093199999,28799.24824,450,72279.7,14502.90762,0,0.2
2024-08-08 05:00:00,0.1996,0.2011,0.1996,0.2007,102272.1,1723096799999,20488.5465,257,36175.5,7248.35869,0,0.2
2024-08-08 06:00:00,0.2009,0.2017,0.2002,0.2014,90252.4,1723100399999,18159.1283,312,39298.5,7910.49978,0,0.2
2024-08-08 07:00:00,0.2014,0.2018,0.2003,0.2005,114052.8,1723103999999,22930.44373,344,58030.6,11671.86021,0,0.2
2024-08-08 08:00:00,0.2006,0.201,0.1996,0.1997,131168.1,1723107599999,26286.8719,359,38611.4,7742.08878,0,0.2
2024-08-08 09:00:00,0.1999,0.2006,0.1995,0.1998,129058.6,1723111199999,25823.19969,340,59352.3,11878.82101,0,0.2
2024-08-08 10:00:00,0.1998,0.2014,0.1996,0.2008,502819.8,1723114799999,100875.03888,759,278801.5,55953.02204,0,0.2
2024-08-08 11:00:00,0.2008,0.2018,0.2005,0.2007,191632.6,1723118399999,38531.65762,351,72805.3,14641.04712,0,0.2
2024-08-08 12:00:00,0.2007,0.2062,0.2007,0.2027,475922.0,1723121999999,96571.13629,914,247437.2,50237.80889,0,0.2
2024-08-08 13:00:00,0.2029,0.2043,0.2006,0.2026,209116.9,1723125599999,42419.8867,590,96913.6,19675.79011,0,0.2
2024-08-08 14:00:00,0.2027,0.2062,0.2024,0.2053,426366.1,1723129199999,87416.53031,998,246234.0,50473.88084,0,0.2
2024-08-08 15:00:00,0.2053,0.2061,0.2048,0.2061,249692.4,1723132799999,51284.77776,603,112531.7,23126.31008,0,0.2
2024-08-08 16:00:00,0.2059,0.2079,0.2059,0.2071,479643.4,1723136399999,99301.78261,787,203262.6,42069.83893,0,0.2
2024-08-08 17:00:00,0.2073,0.2081,0.2063,0.2067,304840.5,1723139999999,63139.6855,587,159331.7,33022.92903,0,0.2
2024-08-08 18:00:00,0.2068,0.2074,0.2064,0.207,54325.5,1723143599999,11243.79557,157,26923.1,5572.68747,0,0.2
2024-08-08 19:00:00,0.2069,0.2077,0.2062,0.2064,92200.0,1723147199999,19089.98024,219,49318.8,10214.12469,0,0.2
2024-08-08 20:00:00,0.2067,0.208,0.2066,0.2078,105826.3,1723150799999,21955.00064,233,83388.5,17297.7051,0,0.2
2024-08-08 21:00:00,0.2077,0.2107,0.2077,0.2106,283382.0,1723154399999,59230.94189,519,132003.6,27605.94201,0,0.2
2024-08-08 22:00:00,0.2106,0.2136,0.2096,0.2128,323900.0,1723157999999,68343.15694,853,143926.0,30384.81973,0,0.2
2024-08-08 23:00:00,0.2128,0.2135,0.2114,0.2132,318070.4,1723161599999,67580.08308,679,201207.0,42750.79562,0,0.2
2024-08-09 00:00:00,0.2132,0.2136,0.2112,0.2122,407960.1,1723165199999,86749.32689,1035,190101.3,40439.71448,0,0.48
2024-08-09 01:00:00,0.2123,0.213,0.2118,0.2124,88538.6,1723168799999,18797.94249,384,48136.3,10218.97357,0,0.48
2024-08-09 02:00:00,0.2125,0.213,0.2106,0.2109,264864.0,1723172399999,56099.21084,485,71574.9,15139.36089,0,0.48
2024-08-09 03:00:00,0.2107,0.2118,0.2107,0.2108,68339.0,1723175999999,14424.83752,186,27525.9,5810.38542,0,0.48
2024-08-09 04:00:00,0.2111,0.2112,0.2089,0.2089,91452.5,1723179599999,19225.60832,316,38352.2,8066.81102,0,0.48
2024-08-09 05:00:00,0.2091,0.2115,0.2084,0.211,73913.0,1723183199999,15517.99356,283,49168.8,10324.3873,0,0.48
2024-08-09 06:00:00,0.211,0.2111,0.21,0.2109,51677.4,1723186799999,10883.73292,218,28389.8,5979.97913,0,0.48
2024-08-09 07:00:00,0.2106,0.2114,0.2103,0.2107,64766.7,1723190399999,13649.84936,217,43836.2,9238.70514,0,0.48
2024-08-09 08:00:00,0.2106,0.2113,0.2098,0.2113,149920.3,1723193999999,31573.25099,566,74457.9,15689.54638,0,0.48
2024-08-09 09:00:00,0.2112,0.2124,0.21,0.2107,302137.9,1723197599999,63846.64861,757,190599.6,40280.77481,0,0.48
2024-08-09 10:00:00,0.2108,0.211,0.2093,0.2101,261383.3,1723201199999,54934.25284,1052,114460.3,24062.77638,0,0.48
2024-08-09 11:00:00,0.2102,0.2106,0.2093,0.2106,54499.3,1723204799999,11443.54683,260,27461.0,5764.47973,0,0.48
2024-08-09 12:00:00,0.2104,0.2109,0.2089,0.21,114221.6,1723208399999,23952.00799,489,50673.9,10635.23222,0,0.48
2024-08-09 13:00:00,0.21,0.2103,0.2075,0.21,226795.6,1723211999999,47392.94342,522,146139.9,30517.84971,0,0.48
2024-08-09 14:00:00,0.2099,0.2127,0.2068,0.2101,227523.2,1723215599999,47568.21322,873,80308.3,16859.92292,0,0.48
2024-08-09 15:00:00,0.2101,0.2106,0.2082,0.2083,202876.4,1723219199999,42516.53845,474,80971.4,16978.36926,0,0.48
2024-08-09 16:00:00,0.2083,0.2106,0.208,0.2097,89759.5,1723222799999,18760.86896,339,65033.9,13581.64031,0,0.48
2024-08-09 17:00:00,0.2098,0.2111,0.2096,0.2109,106573.1,1723226399999,22441.32214,358,60790.3,12808.61661,0,0.48
2024-08-09 18:00:00,0.2109,0.2115,0.21,0.2112,85655.6,1723229999999,18069.0143,332,36450.4,7692.03256,0,0.48
2024-08-09 19:00:00,0.2113,0.2122,0.2109,0.2117,67757.2,1723233599999,14334.02937,244,43118.9,9123.05548,0,0.48
2024-08-09 20:00:00,0.2115,0.2134,0.2115,0.2124,186184.1,1723237199999,39567.48054,527,82875.0,17601.4422,0,0.48
2024-08-09 21:00:00,0.2125,0.2132,0.2108,0.2129,126741.6,1723240799999,26844.56506,421,65299.8,13855.31627,0,0.48
2024-08-09 22:00:00,0.2129,0.2135,0.2113,0.2125,98616.7,1723244399999,20944.65968,464,41201.7,8748.22069,0,0.48
2024-08-09 23:00:00,0.2125,0.2137,0.2113,0.2134,124411.1,1723247999999,26427.13727,349,84340.7,17920.81795,0,0.48
2024-08-10 00:00:00,0.2134,0.215,0.2117,0.2117,267461.4,1723251599999,56951.36976,804,174528.8,37157.63146,0,0.4
2024-08-10 01:00:00,0.212,0.213,0.2116,0.2125,360885.7,1723255199999,76560.89653,993,149682.2,31771.21004,0,0.4
2024-08-10 02:00:00,0.2124,0.2137,0.2119,0.2126,104446.4,1723258799999,22224.18129,348,65712.2,13989.72433,0,0.4
2024-08-10 03:00:00,0.2127,0.2127,0.2111,0.2117,164821.9,1723262399999,34876.11882,293,49188.4,10412.12951,0,0.4
2024-08-10 04:00:00,0.2116,0.2116,0.2096,0.21,145430.8,1723265999999,30561.03062,342,32726.2,6879.75638,0,0.4
2024-08-10 05:00:00,0.2099,0.2109,0.2095,0.2107,113347.5,1723269599999,23808.919,298,78383.6,16464.1764,0,0.4
2024-08-10 06:00:00,0.2106,0.2113,0.2105,0.2113,60197.0,1723273199999,12686.99741,236,34267.7,7223.06559,0,0.4
2024-08-10 07:00:00,0.2112,0.212,0.2109,0.2119,171580.1,1723276799999,36263.17225,441,77486.0,16378.00149,0,0.4
2024-08-10 08:00:00,0.2119,0.2119,0.2108,0.2109,71800.7,1723280399999,15166.56266,189,17423.5,3680.47239,0,0.4
2024-08-10 09:00:00,0.2109,0.2122,0.2103,0.2114,51862.2,1723283999999,10959.81016,180,26893.0,5682.86646,0,0.4
2024-08-10 10:00:00,0.2114,0.2126,0.211,0.2124,128796.4,1723287599999,27271.43768,517,87181.3,18452.2719,0,0.4
2024-08-10 11:00:00,0.2124,0.2129,0.212,0.2124,70336.9,1723291199999,14939.7091,221,45990.9,9771.09853,0,0.4
2024-08-10 12:00:00,0.2122,0.2125,0.2112,0.2115,170961.4,1723294799999,36244.01149,359,49550.8,10511.01911,0,0.4
2024-08-10 13:00:00,0.2115,0.2118,0.211,0.211,133984.5,1723298399999,28325.67769,205,107948.1,22824.51311,0,0.4
2024-08-10 14:00:00,0.2109,0.2124,0.2108,0.2118,68820.2,1723301999999,14554.85032,256,38287.5,8090.754,0,0.4
2024-08-10 15:00:00,0.2119,0.2133,0.2117,0.2121,466090.3,1723305599999,98915.5157,448,291563.6,61839.63468,0,0.4
2024-08-10 16:00:00,0.2121,0.2129,0.2115,0.2123,181014.6,1723309199999,38384.28082,386,99976.7,21197.4459,0,0.4
2024-08-10 17:00:00,0.2123,0.2131,0.2117,0.2131,66549.1,1723312799999,14118.11046,261,41502.7,8806.26873,0,0.4
2024-08-10 18:00:00,0.2131,0.2144,0.2129,0.2136,66612.8,1723316399999,14228.28404,325,43527.5,9300.02867,0,0.4
2024-08-10 19:00:00,0.2135,0.2142,0.2131,0.2138,39605.7,1723319999999,8466.91753,202,25340.5,5417.63963,0,0.4
2024-08-10 20:00:00,0.214,0.2146,0.2134,0.2143,77161.4,1723323599999,16514.96607,314,44412.7,9504.81963,0,0.4
2024-08-10 21:00:00,0.2143,0.2147,0.214,0.2141,30110.1,1723327199999,6454.13985,188,16790.6,3599.93631,0,0.4
2024-08-10 22:00:00,0.2143,0.2145,0.2134,0.2139,73765.6,1723330799999,15783.51974,250,33330.4,7133.07466,0,0.4
2024-08-10 23:00:00,0.2137,0.2147,0.2134,0.2137,266188.9,1723334399999,56940.44482,572,164029.9,35107.33151,0,0.4
2024-08-11 00:00:00,0.2137,0.215,0.2129,0.2132,401275.9,1723337999999,85821.25378,732,186373.5,39877.27705,0,0.39
2024-08-11 01:00:00,0.2132,0.2138,0.2125,0.2135,186663.2,1723341599999,39775.77384,344,97797.8,20845.87764,0,0.39
2024-08-11 02:00:00,0.2133,0.2138,0.212,0.2123,247540.5,1723345199999,52675.5577,470,114204.8,24321.48012,0,0.39
2024-08-11 03:00:00,0.212,0.2138,0.212,0.2129,329812.2,1723348799999,70364.10304,574,178853.4,38183.11823,0,0.39
2024-08-11 04:00:00,0.2131,0.2141,0.2127,0.2131,325677.7,1723352399999,69464.88835,671,168414.5,35944.63286,0,0.39
2024-08-11 05:00:00,0.213,0.2141,0.213,0.2136,307128.6,1723355999999,65593.2344,631,144775.0,30942.32267,0,0.39
2024-08-11 06:00:00,0.2136,0.214,0.2119,0.2128,484573.1,1723359599999,103070.32446,649,186838.8,39765.08718,0,0.39
2024-08-11 07:00:00,0.2128,0.2133,0.2123,0.2128,341777.2,1723363199999,72731.98673,574,161581.8,34406.72801,0,0.39
2024-08-11 08:00:00,0.2129,0.2134,0.2123,0.2131,290181.4,1723366799999,61774.76952,601,138680.0,29538.1853,0,0.39
2024-08-11 09:00:00,0.2131,0.215,0.2128,0.2135,436405.8,1723370399999,93422.9735,960,210948.0,45183.59098,0,0.39
2024-08-11 10:00:00,0.2135,0.2148,0.2127,0.2129,482300.6,1723373999999,102929.66165,887,199116.9,42513.45979,0,0.39
2024-08-11 11:00:00,0.2127,0.2129,0.21,0.2115,479621.3,1723377599999,101443.43025,848,204525.9,43325.00132,0,0.39
2024-08-11 12:00:00,0.2113,0.2123,0.2099,0.2109,299854.6,1723381199999,63327.4646,589,144206.0,30472.60462,0,0.39
2024-08-11 13:00:00,0.211,0.2112,0.209,0.2103,514318.5,1723384799999,108124.14465,810,250759.4,52735.02636,0,0.39
2024-08-11 14:00:00,0.2103,0.2114,0.2084,0.2089,548146.5,1723388399999,115167.29852,789,204490.7,42976.40748,0,0.39
2024-08-11 15:00:00,0.2089,0.2091,0.2068,0.2076,565704.4,1723391999999,117718.54833,815,259437.4,53998.16611,0,0.39
2024-08-11 16:00:00,0.2076,0.2091,0.2069,0.2088,333906.3,1723395599999,69457.56187,565,176678.3,36771.52621,0,0.39
2024-08-11 17:00:00,0.2087,0.2088,0.2069,0.2079,398311.9,1723399199999,82824.71018,521,169611.9,35274.54121,0,0.39
2024-08-11 18:00:00,0.2078,0.2081,0.2069,0.2079,327298.8,1723402799999,67946.46175,483,165201.0,34306.24699,0,0.39
2024-08-11 19:00:00,0.2078,0.2082,0.2046,0.2047,490361.2,1723406399999,100952.83351,805,241556.4,49737.81273,0,0.39
2024-08-11 20:00:00,0.2049,0.2054,0.2021,0.2021,817885.3,1723409999999,166529.14064,1352,392915.1,79980.65778,0,0.39
2024-08-11 21:00:00,0.2021,0.2038,0.2014,0.2034,522675.7,1723413599999,105954.42104,751,286963.9,58187.06895,0,0.39
2024-08-11 22:00:00,0.2034,0.2039,0.2009,0.2024,388328.0,1723417199999,78544.76671,680,208581.1,42196.04488,0,0.39
2024-08-11 23:00:00,0.2023,0.2037,0.2013,0.2036,319907.9,1723420799999,64808.7262,506,162744.9,32986.19573,0,0.39
2024-08-12 00:00:00,0.2036,0.2054,0.2017,0.2041,881453.5,1723424399999,179328.33285,1278,437911.5,89116.48199,0,0.25
2024-08-12 01:00:00,0.2041,0.2058,0.2031,0.2053,359781.0,1723427999999,73618.59186,559,185556.9,37978.74031,0,0.25
2024-08-12 02:00:00,0.2053,0.2056,0.2036,0.2049,349853.7,1723431599999,71607.35535,539,170548.1,34915.56217,0,0.25
2024-08-12 03:00:00,0.2047,0.2054,0.2038,0.205,411986.3,1723435199999,84250.43104,565,240889.6,49270.22199,0,0.25
2024-08-12 04:00:00,0.205,0.2066,0.2046,0.2058,362458.3,1723438799999,74587.93917,458,177597.3,36545.49276,0,0.25
2024-08-12 05:00:00,0.2059,0.2071,0.2057,0.2068,374091.2,1723442399999,77204.83882,463,187865.4,38782.32128,0,0.25
2024-08-12 06:00:00,0.2069,0.2073,0.2058,0.2062,407055.6,1723445999999,84012.42569,563,210201.3,43389.57658,0,0.25
2024-08-12 07:00:00,0.2065,0.2089,0.2032,0.2076,871479.7,1723449599999,179593.33788,1298,403031.4,83003.76449,0,0.25
2024-08-12 08:00:00,0.2074,0.2099,0.2058,0.2064,685189.2,1723453199999,143006.50033,1023,333078.5,69533.58685,0,0.25
2024-08-12 09:00:00,0.2065,0.2079,0.206,0.2065,417082.3,1723456799999,86334.26959,716,200078.3,41422.63454,0,0.25
2024-08-12 10:00:00,0.2066,0.2099,0.206,0.2096,550947.1,1723460399999,114592.92606,852,288826.7,60082.53592,0,0.25
2024-08-12 11:00:00,0.2096,0.2132,0.2093,0.2123,956779.4,1723463999999,202700.09269,1454,469356.0,99463.08551,0,0.25
2024-08-12 12:00:00,0.2122,0.2142,0.2116,0.2135,793418.4,1723467599999,169045.41045,1081,422603.8,90055.53769,0,0.25
2024-08-12 13:00:00,0.2134,0.2136,0.2069,0.2076,897363.7,1723471199999,188909.16057,1378,453030.1,95383.17559,0,0.25
2024-08-12 14:00:00,0.2076,0.2164,0.2056,0.2157,1193926.0,1723474799999,252362.64705,2347,586207.6,123917.27818,0,0.25
2024-08-12 15:00:00,0.2157,0.2174,0.2127,0.2171,1114770.8,1723478399999,240315.21796,1623,394004.3,84917.27008,0,0.25
2024-08-12 16:00:00,0.2172,0.2188,0.2161,0.217,563765.9,1723481999999,122548.62954,1050,284899.0,61929.59905,0,0.25
2024-08-12 17:00:00,0.2168,0.2186,0.2166,0.2174,347258.6,1723485599999,75577.83311,606,177694.1,38692.5944,0,0.25
2024-08-12 18:00:00,0.2173,0.2182,0.2139,0.214,392015.1,1723489199999,84887.2428,699,188164.4,40743.09763,0,0.25
2024-08-12 19:00:00,0.2142,0.2156,0.2127,0.2142,409308.5,1723492799999,87765.83148,622,184124.9,39501.74478,0,0.25
2024-08-12 20:00:00,0.2141,0.2148,0.2129,0.2135,339094.6,1723496399999,72485.70521,557,162427.5,34728.85903,0,0.25
2024-08-12 21:00:00,0.2135,0.2135,0.2116,0.2128,380881.5,1723499999999,81009.79534,580,176281.2,37495.65172,0,0.25
2024-08-12 22:00:00,0.2128,0.2137,0.2122,0.213,253536.3,1723503599999,54006.37349,556,118615.4,25275.70019,0,0.25
2024-08-12 23:00:00,0.2131,0.2161,0.2131,0.2142,639083.3,1723507199999,137125.89188,1518,351718.4,75501.11283,0,0.25
2024-08-13 00:00:00,0.2144,0.2144,0.2125,0.2131,590730.8,1723510799999,126052.46202,1581,269658.0,57555.5832,0,0.31
2024-08-13 01:00:00,0.2131,0.214,0.2121,0.2133,300419.4,1723514399999,64104.54755,543,141734.6,30257.78533,0,0.31
2024-08-13 02:00:00,0.213,0.2133,0.2114,0.2128,307736.9,1723517999999,65423.0697,542,159294.5,33883.04553,0,0.31
2024-08-13 03:00:00,0.2128,0.2132,0.2102,0.2105,553416.4,1723521599999,117025.8745,934,228278.0,48334.2655,0,0.31
2024-08-13 04:00:00,0.2106,0.2113,0.2089,0.2113,354930.1,1723525199999,74592.67791,594,173879.3,36556.83371,0,0.31
2024-08-13 05:00:00,0.2114,0.2119,0.2106,0.2107,256555.9,1723528799999,54207.50788,386,127997.9,27059.11259,0,0.31
2024-08-13 06:00:00,0.2107,0.2118,0.2101,0.2114,363602.5,1723532399999,76714.47446,556,186743.5,39412.74835,0,0.31
2024-08-13 07:00:00,0.2114,0.2147,0.2111,0.2116,752892.7,1723535999999,159875.4459,1071,384745.3,81680.33476,0,0.31
2024-08-13 08:00:00,0.2115,0.2123,0.2099,0.2105,352972.2,1723539599999,74434.03259,618,179565.8,37885.76554,0,0.31
2024-08-13 09:00:00,0.2104,0.2107,0.2087,0.2102,683331.3,1723543199999,143121.19245,665,270151.0,56596.94771,0,0.31
2024-08-13 10:00:00,0.2099,0.2107,0.2076,0.2093,803780.7,1723546799999,167845.89204,1112,376189.4,78521.06574,0,0.31
2024-08-13 11:00:00,0.2094,0.2105,0.209,0.2103,299437.7,1723550399999,62774.82519,516,161487.1,33866.77808,0,0.31
2024-08-13 12:00:00,0.2104,0.2128,0.2102,0.2126,553258.1,1723553999999,116940.50178,907,241671.8,51075.82776,0,0.31
2024-08-13 13:00:00,0.2125,0.2132,0.2113,0.2127,462650.3,1723557599999,98249.94696,763,219072.9,46541.96932,0,0.31
2024-08-13 14:00:00,0.2127,0.213,0.2095,0.2115,461329.8,1723561199999,97491.97828,885,223447.2,47231.29207,0,0.31
2024-08-13 15:00:00,0.2114,0.2121,0.2102,0.211,340706.6,1723564799999,71914.63479,613,177253.2,37419.48436,0,0.31
2024-08-13 16:00:00,0.2111,0.2164,0.2109,0.2162,716949.8,1723568399999,153111.81952,1252,443085.8,94674.97671,0,0.31
2024-08-13 17:00:00,0.2163,0.2179,0.2162,0.2176,540422.2,1723571999999,117179.35852,1326,226091.0,49035.79705,0,0.31
2024-08-13 18:00:00,0.2175,0.2177,0.2142,0.2147,745920.1,1723575599999,160936.89399,1250,295111.8,63664.71871,0,0.31
2024-08-13 19:00:00,0.2147,0.2147,0.2121,0.2138,365933.0,1723579199999,78193.04148,697,198802.5,42500.21539,0,0.31
2024-08-13 20:00:00,0.2141,0.2145,0.2131,0.2136,382257.0,1723582799999,81745.54726,465,205492.5,43964.11123,0,0.31
2024-08-13 21:00:00,0.2135,0.2147,0.2133,0.2145,274918.5,1723586399999,58866.36915,395,164808.4,35297.80156,0,0.31
2024-08-13 22:00:00,0.2146,0.2146,0.2125,0.2127,281352.2,1723589999999,60034.40141,525,132502.9,28283.60183,0,0.31
2024-08-13 23:00:00,0.2127,0.2142,0.2126,0.2137,396955.5,1723593599999,84581.68279,611,225141.7,47985.7854,0,0.31
2024-08-14 00:00:00,0.2136,0.2141,0.213,0.2139,330175.4,1723597199999,70560.9716,518,157967.1,33775.30905,0,0.3
2024-08-14 01:00:00,0.2138,0.214,0.2112,0.2112,289979.1,1723600799999,61632.21384,502,142933.4,30395.65544,0,0.3
2024-08-14 02:00:00,0.2111,0.2122,0.2108,0.2119,258463.6,1723604399999,54691.46267,433,153467.1,32474.63485,0,0.3
2024-08-14 03:00:00,0.2119,0.2131,0.2118,0.2121,85777.1,1723607999999,18219.59351,218,45576.6,9678.16273,0,0.3
2024-08-14 04:00:00,0.2119,0.2123,0.2113,0.2117,102787.1,1723611599999,21761.0859,259,52057.7,11019.95258,0,0.3
2024-08-14 05:00:00,0.2116,0.2121,0.2106,0.2108,145192.6,1723615199999,30692.37022,290,52507.4,11102.90572,0,0.3
2024-08-14 06:00:00,0.2107,0.2115,0.2096,0.2113,338231.5,1723618799999,71241.22849,544,198345.3,41775.12618,0,0.3
2024-08-14 07:00:00,0.2112,0.2112,0.2093,0.2106,376536.2,1723622399999,79140.70259,776,237933.6,50022.91593,0,0.3
2024-08-14 08:00:00,0.2105,0.2108,0.2094,0.2097,195944.6,1723625999999,41130.63339,318,69910.3,14673.56593,0,0.3
2024-08-14 09:00:00,0.2098,0.2111,0.2088,0.209,553929.9,1723629599999,116161.18211,480,329344.0,69007.69389,0,0.3
2024-08-14 10:00:00,0.209,0.2122,0.209,0.2103,412640.8,1723633199999,87094.55535,582,239661.5,50557.47326,0,0.3
2024-08-14 11:00:00,0.2102,0.2115,0.2093,0.2109,152943.9,1723636799999,32189.09865,460,100547.2,21162.48862,0,0.3
2024-08-14 12:00:00,0.211,0.2141,0.2105,0.2121,530756.2,1723640399999,112595.99541,1001,282195.0,59813.29402,0,0.3
2024-08-14 13:00:00,0.212,0.2129,0.2078,0.2085,456104.9,1723643999999,95949.48584,949,238771.4,50205.87764,0,0.3
2024-08-14 14:00:00,0.2083,0.2091,0.2052,0.2088,332447.2,1723647599999,68948.09011,758,144869.7,30015.34572,0,0.3
2024-08-14 15:00:00,0.2089,0.2107,0.2076,0.2098,201810.1,1723651199999,42178.23466,460,75203.6,15713.69891,0,0.3
2024-08-14 16:00:00,0.2097,0.2102,0.2077,0.2091,235675.8,1723654799999,49114.75145,369,83847.6,17490.41182,0,0.3
2024-08-14 17:00:00,0.2086,0.2089,0.2078,0.2087,91518.2,1723658399999,19076.20352,209,44067.3,9187.27381,0,0.3
2024-08-14 18:00:00,0.2087,0.2099,0.2083,0.2095,172033.4,1723661999999,36006.64106,276,105961.1,22184.71645,0,0.3
2024-08-14 19:00:00,0.2096,0.2096,0.2084,0.2087,112798.5,1723665599999,23561.59952,275,38983.4,8146.85958,0,0.3
2024-08-14 20:00:00,0.2087,0.2089,0.2077,0.208,82841.3,1723669199999,17262.11412,208,31960.5,6658.21234,0,0.3
2024-08-14 21:00:00,0.2079,0.2082,0.2073,0.2073,53333.8,1723672799999,11079.97263,128,21092.9,4382.58471,0,0.3
2024-08-14 22:00:00,0.2072,0.2098,0.2059,0.2092,238306.9,1723676399999,49492.46651,538,121287.0,25233.88632,0,0.3
2024-08-14 23:00:00,0.2093,0.2094,0.2087,0.209,50828.8,1723679999999,10631.82594,168,14737.6,3082.27875,0,0.3
2024-08-15 00:00:00,0.2089,0.2103,0.2089,0.2098,160801.0,1723683599999,33707.08428,357,59208.8,12411.12546,0,0.29
2024-08-15 01:00:00,0.2098,0.2103,0.2083,0.2085,126796.3,1723687199999,26543.004,292,76054.1,15915.18689,0,0.29
2024-08-15 02:00:00,0.2087,0.211,0.2083,0.2104,122558.8,1723690799999,25704.02002,268,72183.9,15140.03163,0,0.29
2024-08-15 03:00:00,0.2104,0.2115,0.2102,0.2109,93175.7,1723694399999,19656.35374,186,62742.3,13238.66479,0,0.29
2024-08-15 04:00:00,0.2109,0.2115,0.2103,0.2109,103528.0,1723697999999,21836.58003,265,58346.2,12306.07258,0,0.29
2024-08-15 05:00:00,0.2107,0.2111,0.2095,0.2097,49328.1,1723701599999,10369.20914,160,16940.8,3562.99702,0,0.29
2024-08-15 06:00:00,0.2097,0.2105,0.2088,0.2093,176662.0,1723705199999,37027.70636,396,92403.9,19368.07225,0,0.29
2024-08-15 07:00:00,0.2092,0.2103,0.2085,0.2101,214421.6,1723708799999,44916.25925,400,83891.4,17563.86149,0,0.29
2024-08-15 08:00:00,0.2101,0.2123,0.2092,0.2121,266946.0,1723712399999,56359.07962,479,136142.0,28711.75105,0,0.29
2024-08-15 09:00:00,0.212,0.2125,0.2113,0.2116,138203.8,1723715999999,29295.92485,308,67228.7,14246.27497,0,0.29
2024-08-15 10:00:00,0.2115,0.2119,0.2109,0.2109,191826.6,1723719599999,40523.31665,359,86000.2,18169.13356,0,0.29
2024-08-15 11:00:00,0.2109,0.2157,0.2107,0.2115,1434831.1,1723723199999,306885.8842,2704,879788.5,188261.19178,0,0.29
2024-08-15 12:00:00,0.2113,0.2136,0.2107,0.2121,341688.2,1723726799999,72470.93918,626,178138.6,37752.65046,0,0.29
2024-08-15 13:00:00,0.2121,0.2133,0.2111,0.2128,245548.1,1723730399999,52146.93457,540,153740.4,32650.97352,0,0.29
2024-08-15 14:00:00,0.2128,0.2138,0.2106,0.211,692219.8,1723733999999,146699.71286,949,401772.9,85149.54057,0,0.29
2024-08-15 15:00:00,0.2111,0.2116,0.2101,0.2105,207373.9,1723737599999,43724.35171,373,80631.4,17003.09396,0,0.29
2024-08-15 16:00:00,0.2105,0.211,0.2087,0.2089,338182.3,1723741199999,70929.2603,534,174933.3,36716.05146,0,0.29
2024-08-15 17:00:00,0.2089,0.209,0.2045,0.2049,332473.6,1723744799999,68782.51285,605,156954.1,32498.94418,0,0.29
2024-08-15 18:00:00,0.2044,0.2044,0.2,0.2013,479297.1,1723748399999,96534.22316,1124,231110.8,46524.35467,0,0.29
2024-08-15 19:00:00,0.2012,0.2015,0.1994,0.201,404556.9,1723751999999,81076.59342,707,185222.8,37147.84177,0,0.29
2024-08-15 20:00:00,0.2009,0.2013,0.1985,0.1996,175100.8,1723755599999,34962.10367,430,98049.1,19579.42666,0,0.29
2024-08-15 21:00:00,0.1996,0.2003,0.1988,0.1993,169581.8,1723759199999,33817.70089,386,87255.8,17402.21888,0,0.29
2024-08-15 22:00:00,0.1994,0.2012,0.198,0.2004,115322.4,1723762799999,23022.13318,296,50104.9,10008.29903,0,0.29
2024-08-15 23:00:00,0.2004,0.2005,0.1992,0.1993,113253.0,1723766399999,22637.43437,211,60525.4,12098.195,0,0.29
2024-08-16 00:00:00,0.1993,0.2006,0.1986,0.1998,104668.5,1723769999999,20929.83255,420,60183.7,12036.48258,0,0.27
2024-08-16 01:00:00,0.1999,0.2004,0.1981,0.1985,80421.2,1723773599999,16020.17964,260,42628.5,8498.46936,0,0.27
2024-08-16 02:00:00,0.1987,0.2012,0.1967,0.1994,392545.1,1723777199999,77988.33467,747,215753.2,42834.43051,0,0.27
2024-08-16 03:00:00,0.1994,0.1999,0.1986,0.1987,57143.3,1723780799999,11384.17933,137,17792.4,3545.23315,0,0.27
2024-08-16 04:00:00,0.1986,0.2008,0.1985,0.2008,63267.3,1723784399999,12615.63612,203,42712.8,8518.91376,0,0.27
2024-08-16 05:00:00,0.2007,0.2015,0.2005,0.2005,124245.0,1723787999999,24959.0842,392,76651.9,15404.62523,0,0.27
2024-08-16 06:00:00,0.2003,0.2018,0.2002,0.2012,164861.4,1723791599999,33113.88449,641,101906.5,20472.34302,0,0.27
2024-08-16 07:00:00,0.2012,0.2014,0.2002,0.201,149542.0,1723795199999,30027.99355,404,68336.9,13724.51296,0,0.27
2024-08-16 08:00:00,0.201,0.2011,0.2,0.2001,89440.3,1723798799999,17940.8852,297,59180.8,11872.93208,0,0.27
2024-08-16 09:00:00,0.2001,0.2004,0.1997,0.2,101515.8,1723802399999,20312.27641,407,40156.0,8036.6119,0,0.27
2024-08-16 10:00:00,0.2,0.2001,0.1993,0.1999,36170.6,1723805999999,7223.34558,163,18312.3,3657.72205,0,0.27
2024-08-16 11:00:00,0.1998,0.2013,0.1998,0.2002,239751.2,1723809599999,48072.46472,509,146542.2,29388.44751,0,0.27
2024-08-16 12:00:00,0.2001,0.2003,0.1956,0.1971,398245.7,1723813199999,78755.68505,1000,159907.5,31578.03205,0,0.27
2024-08-16 13:00:00,0.1971,0.2012,0.1967,0.1993,415939.2,1723816799999,82958.82235,1294,192530.4,38467.03263,0,0.27
2024-08-16 14:00:00,0.1992,0.1997,0.1965,0.1968,388037.7,1723820399999,76831.77415,1125,183926.9,36431.93901,0,0.27
2024-08-16 15:00:00,0.1967,0.1978,0.1943,0.196,204795.0,1723823999999,40102.1943,909,153490.6,30050.10148,0,0.27
2024-08-16 16:00:00,0.1962,0.199,0.1956,0.198,244690.8,1723827599999,48334.46356,624,106585.5,21062.30735,0,0.27
2024-08-16 17:00:00,0.1979,0.1999,0.1957,0.1994,195710.8,1723831199999,38592.44455,457,111258.5,21896.03631,0,0.27
2024-08-16 18:00:00,0.1993,0.2011,0.199,0.2008,156194.0,1723834799999,31248.78851,546,70824.3,14176.74113,0,0.27
2024-08-16 19:00:00,0.2007,0.202,0.2007,0.2016,116146.0,1723838399999,23391.84858,397,66092.1,13314.01169,0,0.27
2024-08-16 20:00:00,0.2015,0.2034,0.2012,0.2017,419249.8,1723841999999,84812.34328,549,233457.9,47200.49033,0,0.27
2024-08-16 21:00:00,0.2016,0.2026,0.2011,0.2022,177207.8,1723845599999,35801.96481,343,79520.2,16067.71622,0,0.27
2024-08-16 22:00:00,0.2022,0.2049,0.2016,0.202,312224.7,1723849199999,63506.03174,670,187737.1,38186.28189,0,0.27
2024-08-16 23:00:00,0.2019,0.2021,0.1998,0.201,138220.7,1723852799999,27731.79534,301,54700.2,10993.4594,0,0.27
2024-08-17 00:00:00,0.2009,0.2009,0.1989,0.2001,345080.3,1723856399999,68811.88747,675,180868.4,36051.29718,0,0.25
2024-08-17 01:00:00,0.2002,0.2008,0.2,0.2004,47460.6,1723859999999,9506.30143,216,18313.3,3669.56385,0,0.25
2024-08-17 02:00:00,0.2005,0.2012,0.2003,0.2005,68493.3,1723863599999,13743.13713,176,31199.4,6262.98019,0,0.25
2024-08-17 03:00:00,0.2006,0.2008,0.1989,0.1997,92126.1,1723867199999,18429.37233,274,55174.4,11035.40475,0,0.25
2024-08-17 04:00:00,0.1997,0.2004,0.1992,0.2002,52220.2,1723870799999,10432.16264,134,30007.5,6000.3537,0,0.25
2024-08-17 05:00:00,0.2004,0.2008,0.1997,0.2001,24001.7,1723874399999,4808.86084,93,6870.0,1377.40548,0,0.25
2024-08-17 06:00:00,0.2002,0.2009,0.2002,0.2002,21393.2,1723877999999,4287.88079,97,5659.0,1134.76534,0,0.25
2024-08-17 07:00:00,0.2004,0.201,0.1998,0.2009,42781.4,1723881599999,8571.53727,176,19197.5,3846.92908,0,0.25
2024-08-17 08:00:00,0.201,0.2014,0.2004,0.2014,51179.4,1723885199999,10270.22818,149,25701.7,5159.7787,0,0.25
2024-08-17 09:00:00,0.2014,0.2019,0.2002,0.2007,39188.5,1723888799999,7878.17886,154,14401.5,2895.98304,0,0.25
2024-08-17 10:00:00,0.2008,0.2014,0.2003,0.2003,229823.3,1723892399999,46122.11028,393,92192.7,18504.54229,0,0.25
2024-08-17 11:00:00,0.2003,0.2011,0.2,0.2011,106221.0,1723895999999,21263.87685,254,26043.1,5221.24735,0,0.25
2024-08-17 12:00:00,0.2009,0.202,0.2003,0.2017,79332.0,1723899599999,15969.67945,233,31304.3,6306.04169,0,0.25
2024-08-17 13:00:00,0.2017,0.2028,0.2016,0.2019,68466.7,1723903199999,13845.3968,266,41667.7,8428.43378,0,0.25
2024-08-17 14:00:00,0.2021,0.2023,0.2013,0.2015,154796.8,1723906799999,31224.95331,308,38329.7,7729.03232,0,0.25
2024-08-17 15:00:00,0.2017,0.2026,0.2016,0.202,60839.4,1723910399999,12305.58481,253,29989.9,6069.25962,0,0.25
2024-08-17 16:00:00,0.202,0.2029,0.2016,0.2028,90891.8,1723913999999,18373.14295,307,49511.8,10015.26899,0,0.25
2024-08-17 17:00:00,0.2026,0.2035,0.2017,0.2018,62758.4,1723917599999,12703.65604,264,22994.3,4658.3733,0,0.25
2024-08-17 18:00:00,0.2018,0.202,0.2007,0.2009,39796.3,1723921199999,8011.94508,198,18040.1,3634.34624,0,0.25
2024-08-17 19:00:00,0.2009,0.2011,0.2002,0.2011,47227.4,1723924799999,9479.28972,176,32294.9,6482.49903,0,0.25
2024-08-17 20:00:00,0.2011,0.2012,0.2006,0.201,28890.8,1723928399999,5807.5784,111,15674.0,3151.65538,0,0.25
2024-08-17 21:00:00,0.2008,0.2017,0.2003,0.2017,33799.3,1723931999999,6789.89114,125,17269.6,3472.54986,0,0.25
2024-08-17 22:00:00,0.2018,0.2022,0.2014,0.2018,123489.7,1723935599999,24914.61239,247,61808.4,12473.97962,0,0.25
2024-08-17 23:00:00,0.202,0.2025,0.2011,0.2025,63800.5,1723939199999,12873.96566,141,43400.0,8759.26142,0,0.25
2024-08-18 00:00:00,0.2023,0.2023,0.2009,0.2019,58600.7,1723942799999,11806.48904,223,21486.7,4328.63269,0,0.31
2024-08-18 01:00:00,0.2014,0.2018,0.2008,0.2018,70853.6,1723946399999,14259.43206,228,33158.6,6680.32753,0,0.31
2024-08-18 02:00:00,0.2018,0.203,0.2008,0.2029,84465.9,1723949999999,17045.19597,242,69594.6,14042.19054,0,0.31
2024-08-18 03:00:00,0.2031,0.2033,0.2008,0.2008,60658.1,1723953599999,12250.18444,208,32736.8,6612.66191,0,0.31
2024-08-18 04:00:00,0.2007,0.2009,0.1991,0.2003,343499.9,1723957199999,68687.58369,1396,127644.8,25530.65959,0,0.31
2024-08-18 05:00:00,0.2002,0.2009,0.1998,0.2007,71251.2,1723960799999,14270.13222,452,32591.1,6531.65281,0,0.31
2024-08-18 06:00:00,0.2005,0.2018,0.2003,0.2016,33424.6,1723964399999,6726.49477,173,19925.5,4012.94561,0,0.31
2024-08-18 07:00:00,0.2017,0.2021,0.2015,0.2017,51905.2,1723967999999,10473.3908,179,28099.2,5670.47369,0,0.31
2024-08-18 08:00:00,0.2017,0.2017,0.2009,0.2015,45468.0,1723971599999,9148.45187,161,12085.1,2432.89239,0,0.31
2024-08-18 09:00:00,0.2018,0.2046,0.2014,0.2039,390061.7,1723975199999,79330.38222,760,265439.3,54005.76411,0,0.31
2024-08-18 10:00:00,0.2037,0.2052,0.2037,0.2046,242537.3,1723978799999,49628.93564,661,99037.5,20265.608,0,0.31
2024-08-18 11:00:00,0.2047,0.205,0.2037,0.2044,251040.7,1723982399999,51270.51154,451,97599.7,19939.61871,0,0.31
2024-08-18 12:00:00,0.2043,0.2073,0.2043,0.2062,302843.8,1723985999999,62408.51575,789,152165.6,31345.04673,0,0.31
2024-08-18 13:00:00,0.2065,0.2079,0.2062,0.2063,376829.0,1723989599999,78046.44713,746,185030.4,38340.84069,0,0.31
2024-08-18 14:00:00,0.2063,0.2074,0.2061,0.2072,123106.2,1723993199999,25435.32787,435,29287.3,6055.02534,0,0.31
2024-08-18 15:00:00,0.2073,0.2086,0.2061,0.2082,173532.0,1723996799999,35981.78928,436,82287.6,17072.78978,0,0.31
2024-08-18 16:00:00,0.2081,0.2095,0.2075,0.2077,127575.2,1724000399999,26606.73632,388,50941.4,10628.28757,0,0.31
2024-08-18 17:00:00,0.2076,0.2082,0.2054,0.2059,97571.1,1724003999999,20135.28822,358,38085.3,7854.35489,0,0.31
2024-08-18 18:00:00,0.206,0.2081,0.2055,0.2079,147271.2,1724007599999,30513.04252,405,94016.6,19481.86843,0,0.31
2024-08-18 19:00:00,0.2078,0.2082,0.2069,0.2082,125099.3,1724011199999,25942.2912,259,34301.6,7120.60689,0,0.31
2024-08-18 20:00:00,0.2083,0.2092,0.2082,0.2085,126667.8,1724014799999,26411.44637,309,92134.2,19213.93069,0,0.31
2024-08-18 21:00:00,0.2084,0.2085,0.2066,0.2073,80427.8,1724018399999,16693.42601,314,30958.2,6434.1057,0,0.31
2024-08-18 22:00:00,0.2072,0.208,0.2071,0.2071,76376.4,1724021999999,15860.86554,209,44518.1,9247.44452,0,0.31
2024-08-18 23:00:00,0.2071,0.2072,0.2039,0.2043,248739.6,1724025599999,51027.29809,619,95619.7,19637.72332,0,0.31
2024-08-19 00:00:00,0.2043,0.2044,0.2022,0.2025,202733.1,1724029199999,41213.66721,1013,102815.8,20912.03205,0,0.28
2024-08-19 01:00:00,0.2025,0.2051,0.2025,0.2045,56589.9,1724032799999,11535.14294,270,27325.5,5563.51166,0,0.28
2024-08-19 02:00:00,0.2043,0.2053,0.2035,0.2053,62137.9,1724036399999,12709.21511,198,33923.5,6940.44999,0,0.28
2024-08-19 03:00:00,0.2051,0.2055,0.2041,0.2054,84576.8,1724039999999,17306.87575,218,17692.9,3624.54336,0,0.28
2024-08-19 04:00:00,0.2051,0.2052,0.2041,0.2044,105357.7,1724043599999,21537.36394,317,31598.8,6458.21471,0,0.28
2024-08-19 05:00:00,0.2042,0.2044,0.2032,0.2036,110864.8,1724047199999,22602.34878,409,31481.7,6418.15261,0,0.28
2024-08-19 06:00:00,0.2038,0.206,0.2031,0.2052,115148.8,1724050799999,23548.24264,448,34415.6,7034.96684,0,0.28
2024-08-19 07:00:00,0.2053,0.2064,0.2053,0.2055,126554.9,1724054399999,26046.93289,426,55278.1,11383.30158,0,0.28
2024-08-19 08:00:00,0.2057,0.2074,0.2056,0.2069,166309.3,1724057999999,34379.13948,357,97101.0,20069.03323,0,0.28
2024-08-19 09:00:00,0.207,0.2092,0.2055,0.2058,272590.5,1724061599999,56510.99559,859,105317.6,21836.89387,0,0.28
2024-08-19 10:00:00,0.2058,0.2076,0.2048,0.2064,199227.7,1724065199999,41140.17438,633,114410.6,23633.4656,0,0.28
2024-08-19 11:00:00,0.2063,0.2078,0.2056,0.2075,153788.8,1724068799999,31724.17435,495,52755.8,10883.76147,0,0.28
2024-08-19 12:00:00,0.2071,0.208,0.2036,0.2046,530293.0,1724072399999,109008.39279,1856,103785.1,21395.82831,0,0.28
2024-08-19 13:00:00,0.2046,0.2069,0.2043,0.2048,111879.4,1724075999999,23021.75228,410,62753.1,12909.21323,0,0.28
2024-08-19 14:00:00,0.2048,0.2056,0.204,0.2054,259202.2,1724079599999,53054.18418,823,143726.3,29417.66366,0,0.28
2024-08-19 15:00:00,0.2053,0.206,0.2046,0.2048,162395.9,1724083199999,33303.8078,377,57566.6,11813.14782,0,0.28
2024-08-19 16:00:00,0.2047,0.2058,0.2036,0.2047,105719.1,1724086799999,21637.03744,319,71428.9,14614.52361,0,0.28
2024-08-19 17:00:00,0.2046,0.2094,0.2045,0.2074,354553.0,1724090399999,73528.11501,1086,195833.8,40607.81181,0,0.28
2024-08-19 18:00:00,0.2071,0.2075,0.2057,0.2067,99080.9,1724093999999,20465.9284,365,58726.2,12131.05901,0,0.28
2024-08-19 19:00:00,0.207,0.2075,0.2065,0.2072,75918.1,1724097599999,15717.98191,251,17480.5,3619.75618,0,0.28
2024-08-19 20:00:00,0.207,0.2197,0.2066,0.2099,1451957.4,1724101199999,305391.88498,3089,994139.9,209338.12751,0,0.28
2024-08-19 21:00:00,0.2099,0.2134,0.2092,0.2122,882849.1,1724104799999,186852.05189,1959,482839.7,102226.50327,0,0.28
2024-08-19 22:00:00,0.212,0.213,0.2116,0.2125,225927.9,1724108399999,47991.40157,448,128361.0,27273.39225,0,0.28
2024-08-19 23:00:00,0.2124,0.2135,0.2118,0.2124,170501.1,1724111999999,36242.04333,458,93289.0,19835.31674,0,0.28
2024-08-20 00:00:00,0.2127,0.2146,0.2118,0.2132,676131.1,1724115599999,144144.76557,894,92473.4,19719.34027,0,0.3
2024-08-20 01:00:00,0.2132,0.2144,0.2126,0.2134,317261.7,1724119199999,67768.58355,671,123675.9,26408.81657,0,0.3
2024-08-20 02:00:00,0.2134,0.214,0.2128,0.214,97097.2,1724122799999,20741.31812,306,54966.4,11744.33488,0,0.3
2024-08-20 03:00:00,0.2139,0.2143,0.2131,0.2143,77546.5,1724126399999,16562.8942,213,27810.5,5946.43658,0,0.3
2024-08-20 04:00:00,0.2143,0.215,0.2137,0.214,53450.3,1724129999999,11442.39818,210,17530.4,3757.0851,0,0.3
2024-08-20 05:00:00,0.214,0.2156,0.2133,0.2137,209980.0,1724133599999,44976.26905,506,71639.7,15375.62751,0,0.3
2024-08-20 06:00:00,0.2139,0.2145,0.2129,0.2138,72154.4,1724137199999,15438.05915,312,31113.9,6657.42349,0,0.3
2024-08-20 07:00:00,0.2138,0.2143,0.2131,0.2138,110454.4,1724140799999,23613.76726,273,52384.3,11208.46402,0,0.3
2024-08-20 08:00:00,0.2141,0.2145,0.2128,0.2131,239859.4,1724144399999,51132.21392,489,67059.3,14307.40969,0,0.3
2024-08-20 09:00:00,0.2133,0.2144,0.2131,0.2136,94163.9,1724147999999,20118.09969,334,37298.5,7971.46655,0,0.3
2024-08-20 10:00:00,0.2135,0.215,0.2135,0.2143,381645.6,1724151599999,81794.91785,869,303650.4,65081.25201,0,0.3
2024-08-20 11:00:00,0.2144,0.2145,0.213,0.2138,214960.6,1724155199999,45947.14199,682,121798.6,26035.48289,0,0.3
2024-08-20 12:00:00,0.2137,0.2151,0.2136,0.2145,72987.1,1724158799999,15664.05095,217,38486.5,8260.78775,0,0.3
2024-08-20 13:00:00,0.2146,0.2151,0.2135,0.2149,239713.4,1724162399999,51325.19339,465,121995.8,26124.46876,0,0.3
2024-08-20 14:00:00,0.215,0.2152,0.2104,0.2107,336181.2,1724165999999,71221.76296,888,97290.2,20632.90655,0,0.3
2024-08-20 15:00:00,0.2103,0.2112,0.2084,0.2105,273805.7,1724169599999,57426.24368,858,99366.5,20865.91681,0,0.3
2024-08-20 16:00:00,0.2105,0.2115,0.2097,0.2109,194377.0,1724173199999,40929.37067,641,108586.5,22866.22362,0,0.3
2024-08-20 17:00:00,0.2106,0.2115,0.2104,0.2114,105761.4,1724176799999,22296.3469,334,35683.7,7526.66692,0,0.3
2024-08-20 18:00:00,0.2114,0.213,0.2111,0.2121,84306.2,1724180399999,17871.90779,324,29602.8,6278.22604,0,0.3
2024-08-20 19:00:00,0.2123,0.2128,0.2119,0.2125,112052.0,1724183999999,23801.71626,319,47577.1,10109.40537,0,0.3
2024-08-20 20:00:00,0.2127,0.2139,0.2127,0.2129,111366.9,1724187599999,23755.22178,328,54929.7,11722.26811,0,0.3
2024-08-20 21:00:00,0.2129,0.2129,0.2118,0.2127,82103.5,1724191199999,17440.40082,278,47069.7,10000.24226,0,0.3
2024-08-20 22:00:00,0.2127,0.2137,0.2127,0.2136,40928.7,1724194799999,8730.7473,150,24912.1,5314.50815,0,0.3
2024-08-20 23:00:00,0.2134,0.2142,0.2134,0.2139,225603.2,1724198399999,48258.38757,478,72647.8,15540.17179,0,0.3
2024-08-21 00:00:00,0.2139,0.2147,0.2133,0.2138,176387.0,1724201999999,37779.20584,484,99126.5,21246.89958,0,0.26
2024-08-21 01:00:00,0.2137,0.2149,0.2129,0.2149,146676.4,1724205599999,31349.63094,530,79649.5,17032.7317,0,0.26
2024-08-21 02:00:00,0.2149,0.2162,0.2149,0.2158,176831.8,1724209199999,38103.30372,651,52970.9,11412.1845,0,0.26
2024-08-21 03:00:00,0.2158,0.216,0.2152,0.2155,100114.8,1724212799999,21582.35794,373,44960.2,9690.72813,0,0.26
2024-08-21 04:00:00,0.2156,0.2161,0.2156,0.2158,82927.6,1724216399999,17898.3981,263,51768.1,11173.64414,0,0.26
2024-08-21 05:00:00,0.2159,0.2162,0.2157,0.2162,47378.6,1724219999999,10228.60033,226,22913.4,4947.08577,0,0.26
2024-08-21 06:00:00,0.2161,0.2168,0.2161,0.2163,47176.1,1724223599999,10209.52067,208,19150.8,4144.56793,0,0.26
2024-08-21 07:00:00,0.2164,0.2193,0.2164,0.219,255372.3,1724227199999,55782.22747,668,132691.6,28986.59668,0,0.26
2024-08-21 08:00:00,0.2188,0.2207,0.218,0.2187,280548.0,1724230799999,61566.579,625,166665.7,36584.7434,0,0.26
2024-08-21 09:00:00,0.2188,0.2188,0.2162,0.218,234400.3,1724234399999,51002.99725,722,56498.6,12289.08479,0,0.26
2024-08-21 10:00:00,0.2183,0.2219,0.2174,0.2196,620803.3,1724237999999,136892.18132,1561,470666.0,103814.39393,0,0.26
2024-08-21 11:00:00,0.2197,0.2199,0.2181,0.2184,192562.7,1724241599999,42164.29779,497,75158.5,16462.77744,0,0.26
2024-08-21 12:00:00,0.2183,0.219,0.2172,0.2183,89036.5,1724245199999,19416.16385,547,32568.3,7102.39629,0,0.26
2024-08-21 13:00:00,0.2183,0.2199,0.2154,0.2195,560586.1,1724248799999,121486.2568,1328,303950.7,65847.12335,0,0.26
2024-08-21 14:00:00,0.2195,0.2213,0.2173,0.2192,370436.0,1724252399999,81259.8456,1206,167617.4,36824.64849,0,0.26
2024-08-21 15:00:00,0.2192,0.2202,0.218,0.2191,334968.6,1724255999999,73455.63293,519,134970.9,29615.30402,0,0.26
2024-08-21 16:00:00,0.2191,0.2215,0.2178,0.2213,398256.7,1724259599999,87515.94653,736,183116.9,40204.88757,0,0.26
2024-08-21 17:00:00,0.2215,0.2229,0.2208,0.2227,121019.2,1724263199999,26850.81299,373,72091.4,16005.09298,0,0.26
2024-08-21 18:00:00,0.2229,0.2236,0.2219,0.2231,96629.5,1724266799999,21548.43256,474,40663.7,9066.73096,0,0.26
2024-08-21 19:00:00,0.2232,0.2248,0.2228,0.2245,103778.6,1724270399999,23242.03054,450,32559.5,7290.30293,0,0.26
2024-08-21 20:00:00,0.2244,0.2258,0.2237,0.2238,220312.0,1724273999999,49492.64378,641,113343.9,25486.37534,0,0.26
2024-08-21 21:00:00,0.2239,0.2254,0.2232,0.2248,132142.8,1724277599999,29648.21133,425,76399.6,17148.19775,0,0.26
2024-08-21 22:00:00,0.2248,0.2253,0.2242,0.225,164725.6,1724281199999,37028.43201,338,50895.9,11433.88007,0,0.26
2024-08-21 23:00:00,0.2252,0.2258,0.2238,0.2241,75246.5,1724284799999,16905.85659,236,40938.1,9182.94189,0,0.26
2024-08-22 00:00:00,0.2242,0.2242,0.2225,0.2225,153642.0,1724288399999,34315.9418,433,45910.9,10256.1876,0,0.39
2024-08-22 01:00:00,0.2227,0.225,0.2225,0.2246,405725.4,1724291999999,90954.72632,517,257721.3,57774.78353,0,0.39
2024-08-22 02:00:00,0.2246,0.2254,0.2207,0.2227,604685.3,1724295599999,134620.19023,1006,319085.3,71004.17817,0,0.39
2024-08-22 03:00:00,0.2226,0.2236,0.2222,0.2234,86851.2,1724299199999,19372.47951,429,29698.7,6624.50542,0,0.39
2024-08-22 04:00:00,0.2235,0.2239,0.2232,0.2237,34208.1,1724302799999,7647.6783,331,7146.3,1597.66006,0,0.39
2024-08-22 05:00:00,0.2237,0.2238,0.2225,0.2232,104856.4,1724306399999,23400.14411,521,43287.2,9667.30502,0,0.39
2024-08-22 06:00:00,0.2232,0.2239,0.2221,0.2225,122863.8,1724309999999,27401.63735,457,36537.1,8158.42484,0,0.39
2024-08-22 07:00:00,0.2227,0.2241,0.2225,0.2229,402917.4,1724313599999,89869.25737,872,179645.8,40057.4202,0,0.39
2024-08-22 08:00:00,0.2228,0.2237,0.2224,0.2235,149161.9,1724317199999,33271.11453,565,68118.2,15188.05019,0,0.39
2024-08-22 09:00:00,0.2235,0.225,0.2232,0.2246,224119.9,1724320799999,50236.72942,551,137468.4,30800.9858,0,0.39
2024-08-22 10:00:00,0.2247,0.227,0.2244,0.2269,111392.4,1724324399999,25170.03514,581,81490.5,18420.68222,0,0.39
2024-08-22 11:00:00,0.227,0.2272,0.2252,0.2257,145269.7,1724327999999,32835.80682,456,66968.0,15148.56093,0,0.39
2024-08-22 12:00:00,0.2256,0.2261,0.2244,0.2249,192838.4,1724331599999,43456.45979,478,109524.4,24679.87714,0,0.39
2024-08-22 13:00:00,0.2251,0.2263,0.2244,0.226,283413.4,1724335199999,63898.40517,744,191920.6,43282.81331,0,0.39
2024-08-22 14:00:00,0.226,0.2262,0.2241,0.225,57734.5,1724338799999,12979.51087,218,27660.3,6218.74765,0,0.39
2024-08-22 15:00:00,0.2249,0.2261,0.2238,0.2249,92558.6,1724342399999,20787.64365,380,37090.6,8333.06065,0,0.39
2024-08-22 16:00:00,0.2249,0.227,0.2248,0.2258,156443.5,1724345999999,35359.94371,425,78688.7,17781.59859,0,0.39
2024-08-22 17:00:00,0.2259,0.2269,0.2252,0.2254,110738.4,1724349599999,25038.91322,333,57076.1,12916.50139,0,0.39
2024-08-22 18:00:00,0.2255,0.2266,0.2252,0.2252,56436.3,1724353199999,12742.10766,265,35465.6,8007.99074,0,0.39
2024-08-22 19:00:00,0.2254,0.2263,0.225,0.2256,131481.8,1724356799999,29643.24228,371,97330.5,21944.95971,0,0.39
2024-08-22 20:00:00,0.2257,0.2266,0.2254,0.2266,242911.0,1724360399999,54888.29202,562,127049.1,28719.64838,0,0.39
2024-08-22 21:00:00,0.2266,0.2266,0.2249,0.225,81578.8,1724363999999,18400.99045,306,13643.0,3075.79166,0,0.39
2024-08-22 22:00:00,0.225,0.2258,0.225,0.2255,41030.2,1724367599999,9250.84066,171,14603.2,3291.30668,0,0.39
2024-08-22 23:00:00,0.2255,0.2258,0.2254,0.2257,33337.2,1724371199999,7520.22317,160,12738.5,2874.11311,0,0.39
2024-08-23 00:00:00,0.2256,0.2263,0.2249,0.2253,216125.0,1724374799999,48736.31093,555,73033.7,16478.58869,0,0.34
2024-08-23 01:00:00,0.2252,0.2258,0.2251,0.2258,59028.7,1724378399999,13301.2521,149,24432.4,5506.05807,0,0.34
2024-08-23 02:00:00,0.2255,0.2283,0.2252,0.2271,343607.9,1724381999999,77895.30684,632,203144.9,46044.21901,0,0.34
2024-08-23 03:00:00,0.227,0.2276,0.2262,0.2264,81692.1,1724385599999,18536.59112,318,48645.7,11034.37472,0,0.34
2024-08-23 04:00:00,0.2265,0.2271,0.226,0.2263,48078.4,1724389199999,10892.92901,170,24836.6,5629.96533,0,0.34
2024-08-23 05:00:00,0.2263,0.2299,0.2263,0.2294,137690.1,1724392799999,31502.68027,564,50102.9,11462.75992,0,0.34
2024-08-23 06:00:00,0.2294,0.2302,0.2287,0.2301,87463.9,1724396399999,20085.39475,320,49138.0,11281.94981,0,0.34
2024-08-23 07:00:00,0.2302,0.2308,0.23,0.2307,134425.8,1724399999999,30962.99682,404,73220.6,16872.22247,0,0.34
2024-08-23 08:00:00,0.2305,0.2308,0.23,0.2303,235966.7,1724403599999,54297.3561,331,31747.1,7311.81084,0,0.34
2024-08-23 09:00:00,0.2303,0.2308,0.229,0.2292,94699.2,1724407199999,21765.6655,382,45139.2,10373.35319,0,0.34
2024-08-23 10:00:00,0.2292,0.2305,0.2292,0.2303,106969.5,1724410799999,24618.99069,378,42674.1,9822.23425,0,0.34
2024-08-23 11:00:00,0.2303,0.2304,0.228,0.228,131858.2,1724414399999,30199.91135,342,65699.1,15059.73585,0,0.34
2024-08-23 12:00:00,0.2281,0.2305,0.2281,0.2305,185035.2,1724417999999,42348.66194,460,87223.9,19973.95524,0,0.34
2024-08-23 13:00:00,0.2303,0.2313,0.2289,0.2312,282664.2,1724421599999,65140.03176,768,165409.7,38137.42815,0,0.34
2024-08-23 14:00:00,0.2312,0.2358,0.2289,0.2306,814128.3,1724425199999,189046.68741,1749,385820.7,89865.1214,0,0.34
2024-08-23 15:00:00,0.2305,0.2336,0.2301,0.2322,345693.2,1724428799999,80271.4379,665,83979.5,19499.14699,0,0.34
2024-08-23 16:00:00,0.2323,0.2343,0.2319,0.2341,119588.8,1724432399999,27843.34014,444,58968.3,13728.63058,0,0.34
2024-08-23 17:00:00,0.2343,0.2375,0.2341,0.2373,203883.6,1724435999999,48089.57416,642,142985.2,33728.46066,0,0.34
2024-08-23 18:00:00,0.2375,0.2398,0.2371,0.2378,539137.7,1724439599999,128727.23023,1107,238507.0,56991.84959,0,0.34
2024-08-23 19:00:00,0.2379,0.2393,0.2376,0.2387,136814.7,1724443199999,32637.07874,388,76091.7,18156.18149,0,0.34
2024-08-23 20:00:00,0.2387,0.2398,0.2383,0.2392,98653.3,1724446799999,23586.78596,376,40584.0,9704.48467,0,0.34
2024-08-23 21:00:00,0.2391,0.2404,0.2381,0.2391,266874.8,1724450399999,63828.77766,566,162013.4,38767.43082,0,0.34
2024-08-23 22:00:00,0.239,0.2408,0.2381,0.2387,452648.3,1724453999999,108253.7717,919,181669.2,43493.0661,0,0.34
2024-08-23 23:00:00,0.2388,0.2396,0.2384,0.2387,191062.7,1724457599999,45684.81947,521,66869.4,15979.74753,0,0.34
2024-08-24 00:00:00,0.2388,0.2404,0.2386,0.2392,242340.0,1724461199999,57994.9479,630,128036.4,30655.5779,0,0.56
2024-08-24 01:00:00,0.2392,0.2393,0.2369,0.2381,44668.6,1724464799999,10626.65135,356,13549.3,3228.82222,0,0.56
2024-08-24 02:00:00,0.238,0.2388,0.2377,0.2377,88679.5,1724468399999,21126.65466,314,30698.5,7313.06486,0,0.56
2024-08-24 03:00:00,0.2377,0.238,0.2369,0.237,20635.9,1724471999999,4898.27761,195,8902.9,2113.66875,0,0.56
2024-08-24 04:00:00,0.2371,0.2376,0.2366,0.2367,35257.2,1724475599999,8358.66829,319,23050.9,5465.54707,0,0.56
2024-08-24 05:00:00,0.2367,0.2372,0.2364,0.2369,51574.7,1724479199999,12211.47142,201,22861.1,5414.77132,0,0.56
2024-08-24 06:00:00,0.2368,0.2375,0.2356,0.2356,64386.2,1724482799999,15239.7414,219,19228.4,4556.0862,0,0.56
2024-08-24 07:00:00,0.2357,0.237,0.2354,0.2367,207560.8,1724486399999,49060.3693,390,120408.6,28471.74464,0,0.56
2024-08-24 08:00:00,0.2365,0.2369,0.2359,0.2369,187714.4,1724489999999,44358.78958,434,78737.4,18608.72636,0,0.56
2024-08-24 09:00:00,0.2369,0.2391,0.2367,0.239,328654.3,1724493599999,78208.33836,559,268925.6,64010.44674,0,0.56
2024-08-24 10:00:00,0.2389,0.2409,0.2388,0.2409,278901.5,1724497199999,66907.92849,821,110387.4,26502.46798,0,0.56
2024-08-24 11:00:00,0.2408,0.2451,0.2396,0.2398,854869.7,1724500799999,207487.01342,2360,359821.5,87516.3834,0,0.56
2024-08-24 12:00:00,0.2398,0.242,0.239,0.2398,178966.3,1724504399999,43029.0568,668,126023.0,30303.9023,0,0.56
2024-08-24 13:00:00,0.2397,0.241,0.2392,0.2404,106377.3,1724507999999,25520.17873,455,42408.5,10173.04088,0,0.56
2024-08-24 14:00:00,0.2403,0.2419,0.2392,0.2419,216164.1,1724511599999,52036.20114,642,177482.1,42726.84972,0,0.56
2024-08-24 15:00:00,0.2419,0.2421,0.2398,0.2399,357412.7,1724515199999,86187.90876,756,121539.8,29287.90098,0,0.56
2024-08-24 16:00:00,0.24,0.2426,0.2399,0.2424,204442.1,1724518799999,49439.22482,575,110808.4,26796.50667,0,0.56
2024-08-24 17:00:00,0.2423,0.2435,0.2419,0.2423,290510.0,1724522399999,70492.45359,1009,177670.9,43123.73309,0,0.56
2024-08-24 18:00:00,0.2424,0.2433,0.2412,0.2432,220038.9,1724525999999,53277.913,782,95133.6,23050.37093,0,0.56
2024-08-24 19:00:00,0.2433,0.2445,0.2426,0.2431,262194.7,1724529599999,63852.67361,824,115499.0,28122.02496,0,0.56
2024-08-24 20:00:00,0.2431,0.244,0.2417,0.2422,108452.7,1724533199999,26352.44815,463,43085.7,10480.44113,0,0.56
2024-08-24 21:00:00,0.2421,0.2422,0.2374,0.238,385293.4,1724536799999,92456.33478,1483,125252.4,30055.54216,0,0.56
2024-08-24 22:00:00,0.2379,0.2424,0.2379,0.2409,357574.1,1724540399999,85927.69754,1020,156985.1,37669.72087,0,0.56
2024-08-24 23:00:00,0.2412,0.243,0.2408,0.2429,109096.0,1724543999999,26391.60101,398,63877.2,15447.28058,0,0.56
2024-08-25 00:00:00,0.2428,0.2433,0.2394,0.2398,248872.2,1724547599999,60220.73092,827,184035.5,44547.9344,0,0.54
2024-08-25 01:00:00,0.2398,0.2407,0.2358,0.2377,134440.7,1724551199999,31917.68344,610,62280.1,14795.4602,0,0.54
2024-08-25 02:00:00,0.2375,0.2411,0.2375,0.2402,117214.5,1724554799999,28069.25891,376,51574.5,12362.54729,0,0.54
2024-08-25 03:00:00,0.2404,0.2404,0.2376,0.239,105542.6,1724558399999,25184.19975,356,52773.9,12587.81135,0,0.54
2024-08-25 04:00:00,0.2391,0.2401,0.2371,0.2396,77325.1,1724561999999,18463.40914,330,37222.1,8879.36607,0,0.54
2024-08-25 05:00:00,0.2399,0.2406,0.2392,0.2395,117664.3,1724565599999,28234.19702,347,62039.0,14882.15113,0,0.54
2024-08-25 06:00:00,0.2395,0.24,0.2376,0.2382,86098.3,1724569199999,20561.60862,564,37849.9,9041.27561,0,0.54
2024-08-25 07:00:00,0.2382,0.2382,0.2334,0.2348,407177.8,1724572799999,95701.38694,1465,268180.0,63034.91818,0,0.54
2024-08-25 08:00:00,0.2347,0.2376,0.2334,0.2367,140698.7,1724576399999,33189.54436,572,79313.6,18696.3648,0,0.54
2024-08-25 09:00:00,0.2367,0.2373,0.2354,0.2362,146660.4,1724579999999,34676.13254,712,64781.6,15308.68834,0,0.54
2024-08-25 10:00:00,0.2363,0.2373,0.2361,0.2368,121501.0,1724583599999,28756.36719,880,68936.6,16311.12742,0,0.54
2024-08-25 11:00:00,0.2369,0.2399,0.2368,0.2391,157506.3,1724587199999,37596.15941,704,81862.8,19531.069,0,0.54
2024-08-25 12:00:00,0.2394,0.2399,0.2379,0.2396,95531.9,1724590799999,22847.34727,500,38423.7,9192.99939,0,0.54
2024-08-25 13:00:00,0.2396,0.2407,0.2387,0.24,140709.2,1724594399999,33775.6044,582,64954.7,15590.21039,0,0.54
2024-08-25 14:00:00,0.24,0.2409,0.2392,0.2404,162793.7,1724597999999,39105.60289,655,72892.1,17508.55517,0,0.54
2024-08-25 15:00:00,0.2405,0.2439,0.2401,0.2415,249604.1,1724601599999,60552.29342,931,115950.3,28130.11473,0,0.54
2024-08-25 16:00:00,0.2417,0.2428,0.2377,0.2382,80868.5,1724605199999,19420.14476,498,36859.4,8867.82524,0,0.54
2024-08-25 17:00:00,0.2382,0.2404,0.2381,0.239,135239.5,1724608799999,32375.4591,588,78366.7,18778.10872,0,0.54
2024-08-25 18:00:00,0.239,0.2401,0.2387,0.2398,69195.2,1724612399999,16559.97932,435,40087.1,9593.56915,0,0.54
2024-08-25 19:00:00,0.2398,0.2399,0.2383,0.2396,55853.8,1724615999999,13350.53181,304,24735.6,5914.5917,0,0.54
2024-08-25 20:00:00,0.2396,0.2402,0.2388,0.2397,33330.2,1724619599999,7988.05114,247,18969.3,4548.18581,0,0.54
2024-08-25 21:00:00,0.2397,0.2418,0.2391,0.2412,105332.6,1724623199999,25331.83468,478,46019.0,11060.58628,0,0.54
2024-08-25 22:00:00,0.2414,0.2424,0.2393,0.2399,108538.3,1724626799999,26184.65813,379,29194.4,7038.27681,0,0.54
2024-08-25 23:00:00,0.2399,0.2409,0.2376,0.2384,137620.0,1724630399999,32971.05972,380,50100.4,12017.49623,0,0.54
2024-08-26 00:00:00,0.2386,0.2405,0.2366,0.238,163085.3,1724633999999,38948.36326,691,63784.8,15226.35421,0,0.55
2024-08-26 01:00:00,0.2382,0.2382,0.236,0.2366,80710.8,1724637599999,19138.30788,562,35993.3,8533.60038,0,0.55
2024-08-26 02:00:00,0.2366,0.2379,0.2351,0.2379,164365.6,1724641199999,38914.26072,803,83145.3,19696.6902,0,0.55
2024-08-26 03:00:00,0.2379,0.2391,0.2376,0.2386,165944.1,1724644799999,39613.08072,571,103146.6,24622.67399,0,0.55
2024-08-26 04:00:00,0.2386,0.2402,0.2386,0.2388,66589.6,1724648399999,15926.3587,271,23527.0,5625.23483,0,0.55
2024-08-26 05:00:00,0.2389,0.2396,0.238,0.2383,92143.6,1724651999999,21981.89795,341,43739.3,10440.4263,0,0.55
2024-08-26 06:00:00,0.2382,0.2384,0.2359,0.2364,142217.6,1724655599999,33714.40285,536,88167.2,20907.40793,0,0.55
2024-08-26 07:00:00,0.2364,0.2373,0.2354,0.2365,96341.0,1724659199999,22786.80522,464,42692.1,10091.73375,0,0.55
2024-08-26 08:00:00,0.2364,0.2374,0.2358,0.2365,109167.6,1724662799999,25814.11127,436,49107.7,11615.57895,0,0.55
2024-08-26 09:00:00,0.2366,0.2377,0.2338,0.2377,532321.0,1724666399999,125582.19239,1201,295607.2,69806.49737,0,0.55
2024-08-26 10:00:00,0.2376,0.2378,0.2347,0.2351,119125.3,1724669999999,28203.1839,509,53198.7,12601.51308,0,0.55
2024-08-26 11:00:00,0.2352,0.2361,0.2339,0.234,208612.2,1724673599999,49039.99684,764,125248.6,29450.40084,0,0.55
2024-08-26 12:00:00,0.234,0.2346,0.2296,0.2308,393657.5,1724677199999,91418.66091,1024,151243.2,35121.02916,0,0.55
2024-08-26 13:00:00,0.2303,0.2311,0.2284,0.2301,222753.3,1724680799999,51173.91815,821,124321.9,28572.48345,0,0.55
2024-08-26 14:00:00,0.2303,0.2313,0.2283,0.2305,175239.9,1724684399999,40192.67631,778,70758.3,16225.30702,0,0.55
2024-08-26 15:00:00,0.2305,0.2308,0.2277,0.2291,178227.4,1724687999999,40860.18041,497,82276.2,18882.13688,0,0.55
2024-08-26 16:00:00,0.2292,0.2306,0.2288,0.2299,365564.2,1724691599999,83952.72842,760,140348.1,32265.35202,0,0.55
2024-08-26 17:00:00,0.2299,0.2303,0.2243,0.2256,253239.6,1724695199999,57407.65997,1166,137445.0,31156.90056,0,0.55
2024-08-26 18:00:00,0.2256,0.227,0.2239,0.2261,242857.8,1724698799999,54795.28726,1361,135183.5,30517.33174,0,0.55
2024-08-26 19:00:00,0.226,0.2261,0.223,0.2237,294656.6,1724702399999,66176.9289,725,91442.7,20541.78345,0,0.55
2024-08-26 20:00:00,0.2236,0.2271,0.2236,0.2261,200182.2,1724705999999,45152.29393,627,106523.7,24002.99975,0,0.55
2024-08-26 21:00:00,0.2261,0.2264,0.2241,0.2246,434214.5,1724709599999,97620.92734,663,165649.0,37229.10893,0,0.55
2024-08-26 22:00:00,0.2245,0.2256,0.2244,0.2255,104243.7,1724713199999,23447.61785,281,45501.1,10239.93135,0,0.55
2024-08-26 23:00:00,0.2255,0.2258,0.2242,0.2243,75043.9,1724716799999,16892.59636,277,32206.1,7250.08362,0,0.55
2024-08-27 00:00:00,0.2243,0.2268,0.2243,0.225,213604.3,1724720399999,48212.60506,965,143832.0,32460.32991,0,0.48
2024-08-27 01:00:00,0.2251,0.227,0.2248,0.2257,64113.7,1724723999999,14476.05999,335,36786.8,8302.26703,0,0.48
2024-08-27 02:00:00,0.2258,0.227,0.2246,0.2253,53574.9,1724727599999,12092.80509,211,27489.1,6205.49933,0,0.48
2024-08-27 03:00:00,0.2253,0.2254,0.2245,0.2254,64731.3,1724731199999,14561.28815,142,33173.8,7465.22917,0,0.48
2024-08-27 04:00:00,0.2254,0.2268,0.2251,0.2263,147136.2,1724734799999,33249.41281,431,57567.6,13003.90743,0,0.48
2024-08-27 05:00:00,0.2262,0.2283,0.2262,0.2283,43332.6,1724738399999,9856.02407,261,24349.0,5541.70393,0,0.48
2024-08-27 06:00:00,0.2283,0.2283,0.2254,0.2256,256184.3,1724741999999,58135.07052,658,66387.0,15048.46063,0,0.48
2024-08-27 07:00:00,0.2257,0.2264,0.2251,0.2256,117368.2,1724745599999,26501.42997,461,36446.2,8225.33706,0,0.48
2024-08-27 08:00:00,0.2255,0.2263,0.2226,0.2246,284572.2,1724749199999,63805.93096,766,98089.0,21987.33048,0,0.48
2024-08-27 09:00:00,0.2246,0.2255,0.2234,0.2243,152908.5,1724752799999,34330.79935,570,37290.2,8366.81703,0,0.48
2024-08-27 10:00:00,0.2242,0.2242,0.2211,0.222,231747.4,1724756399999,51434.74273,667,74446.9,16525.42703,0,0.48
2024-08-27 11:00:00,0.222,0.2235,0.221,0.2224,123914.4,1724759999999,27559.90858,554,53557.8,11910.27129,0,0.48
2024-08-27 12:00:00,0.2224,0.2232,0.2198,0.2228,229500.3,1724763599999,50862.58109,734,105325.1,23369.13881,0,0.48
2024-08-27 13:00:00,0.2228,0.2237,0.2216,0.2229,87348.5,1724767199999,19469.11328,316,40257.9,8980.63378,0,0.48
2024-08-27 14:00:00,0.2228,0.2245,0.2208,0.2221,261457.2,1724770799999,58269.05796,565,50013.0,11145.02317,0,0.48
2024-08-27 15:00:00,0.2223,0.2231,0.2213,0.2221,69131.4,1724774399999,15356.80216,325,25059.8,5572.71959,0,0.48
2024-08-27 16:00:00,0.2221,0.2225,0.2176,0.2201,627572.3,1724777999999,138022.26471,1160,206264.5,45323.8619,0,0.48
2024-08-27 17:00:00,0.22,0.2214,0.2194,0.2214,57936.2,1724781599999,12783.77693,238,24434.0,5392.41067,0,0.48
2024-08-27 18:00:00,0.2214,0.2227,0.2211,0.2223,52375.7,1724785199999,11629.28813,193,34225.2,7600.18078,0,0.48
2024-08-27 19:00:00,0.2222,0.2223,0.2198,0.2198,96832.6,1724788799999,21434.34143,224,33581.0,7441.31357,0,0.48
2024-08-27 20:00:00,0.22,0.2202,0.2176,0.2176,540864.7,1724792399999,118470.85181,523,274288.1,60062.44779,0,0.48
2024-08-27 21:00:00,0.2177,0.2181,0.2103,0.2132,826626.7,1724795999999,177409.58243,1769,385661.2,82828.12377,0,0.48
2024-08-27 22:00:00,0.2132,0.2138,0.206,0.2108,917641.9,1724799599999,192518.19858,2637,393524.6,82475.76624,0,0.48
2024-08-27 23:00:00,0.2108,0.2112,0.2093,0.2094,182175.0,1724803199999,38283.88461,545,46667.0,9816.91596,0,0.48
2024-08-28 00:00:00,0.2094,0.2094,0.2062,0.2074,173542.3,1724806799999,36013.37596,481,75743.0,15737.8269,0,0.3
2024-08-28 01:00:00,0.2074,0.2077,0.2053,0.2073,195903.5,1724810399999,40427.10724,431,123043.9,25398.09573,0,0.3
2024-08-28 02:00:00,0.2074,0.2078,0.2063,0.2075,118596.2,1724813999999,24564.32556,368,73724.7,15272.58939,0,0.3
2024-08-28 03:00:00,0.2075,0.2093,0.2069,0.2088,178817.2,1724817599999,37265.92816,449,101764.3,21217.41102,0,0.3
2024-08-28 04:00:00,0.2088,0.2088,0.2068,0.2076,124853.8,1724821199999,25941.85973,404,51491.5,10704.71782,0,0.3
2024-08-28 05:00:00,0.2076,0.2095,0.2076,0.2082,295324.9,1724824799999,61660.46544,496,166003.0,34655.02111,0,0.3
2024-08-28 06:00:00,0.2082,0.2091,0.208,0.2088,84470.0,1724828399999,17609.83698,283,43564.1,9085.77567,0,0.3
2024-08-28 07:00:00,0.2088,0.2098,0.2065,0.2066,143059.1,1724831999999,29808.69247,329,65620.8,13681.11009,0,0.3
2024-08-28 08:00:00,0.2065,0.2104,0.2057,0.2098,191345.0,1724835599999,39917.73384,897,135105.9,28159.98495,0,0.3
2024-08-28 09:00:00,0.2095,0.2155,0.2089,0.2154,192275.9,1724839199999,41047.73693,506,87564.1,18675.56243,0,0.3
2024-08-28 10:00:00,0.2154,0.2157,0.2121,0.2122,297327.9,1724842799999,63543.32953,1165,145834.0,31184.57474,0,0.3
2024-08-28 11:00:00,0.2122,0.2133,0.2118,0.2122,35960.3,1724846399999,7647.40113,219,16298.4,3466.688,0,0.3
2024-08-28 12:00:00,0.2123,0.2137,0.2121,0.2123,67585.6,1724849999999,14391.49202,367,39684.2,8448.73534,0,0.3
2024-08-28 13:00:00,0.2121,0.2127,0.2094,0.2094,107293.7,1724853599999,22631.94429,315,52440.8,11065.08148,0,0.3
2024-08-28 14:00:00,0.2094,0.213,0.2093,0.2112,207673.2,1724857199999,43869.91423,585,108048.1,22845.26503,0,0.3
2024-08-28 15:00:00,0.2111,0.2111,0.2072,0.2092,141546.2,1724860799999,29559.63337,544,41175.2,8601.60948,0,0.3
2024-08-28 16:00:00,0.2088,0.2091,0.2029,0.209,354757.9,1724864399999,72975.08246,1031,177068.4,36477.1125,0,0.3
2024-08-28 17:00:00,0.2089,0.2099,0.2067,0.2068,138002.8,1724867999999,28825.35247,456,65484.6,13680.49844,0,0.3
2024-08-28 18:00:00,0.2068,0.2098,0.2063,0.2098,111515.9,1724871599999,23187.16889,402,47230.4,9818.65137,0,0.3
2024-08-28 19:00:00,0.21,0.2111,0.2076,0.2076,164662.1,1724875199999,34512.53637,424,66460.1,13931.01065,0,0.3
2024-08-28 20:00:00,0.2078,0.2116,0.2068,0.2101,232094.5,1724878799999,48445.90249,806,114290.8,23866.04712,0,0.3
2024-08-28 21:00:00,0.2099,0.2106,0.2087,0.2092,40662.9,1724882399999,8537.17495,175,11743.6,2461.72536,0,0.3
2024-08-28 22:00:00,0.2091,0.2094,0.2069,0.2082,82665.0,1724885999999,17177.95126,373,44819.6,9311.448,0,0.3
2024-08-28 23:00:00,0.2082,0.2099,0.2081,0.209,40059.4,1724889599999,8361.56986,228,30872.6,6442.54152,0,0.3
2024-08-29 00:00:00,0.2089,0.2096,0.2081,0.2094,122798.5,1724893199999,25676.27796,472,55620.1,11638.08944,0,0.29
2024-08-29 01:00:00,0.2097,0.2105,0.2088,0.2096,33557.2,1724896799999,7031.34178,176,16573.0,3473.34366,0,0.29
2024-08-29 02:00:00,0.2097,0.2107,0.2093,0.2106,52997.6,1724900399999,11128.60726,242,33429.7,7022.5356,0,0.29
2024-08-29 03:00:00,0.2107,0.2107,0.2097,0.2101,33386.0,1724903999999,7017.56096,161,20350.6,4277.18572,0,0.29
2024-08-29 04:00:00,0.21,0.21,0.2086,0.2093,41668.8,1724907599999,8720.29523,216,23078.3,4831.57588,0,0.29
2024-08-29 05:00:00,0.209,0.211,0.2085,0.2108,52663.5,1724911199999,11021.43448,249,36265.8,7594.35875,0,0.29
2024-08-29 06:00:00,0.2108,0.2115,0.2099,0.2106,97946.3,1724914799999,20633.31759,425,32726.3,6898.99292,0,0.29
2024-08-29 07:00:00,0.2106,0.2115,0.21,0.2106,176467.7,1724918399999,37189.42689,554,55563.2,11718.05693,0,0.29
2024-08-29 08:00:00,0.2106,0.2107,0.2089,0.2093,103419.1,1724921999999,21680.07889,412,52069.4,10914.58635,0,0.29
2024-08-29 09:00:00,0.2095,0.2108,0.2092,0.2094,114088.6,1724925599999,23951.96537,332,59063.6,12403.31593,0,0.29
2024-08-29 10:00:00,0.2093,0.2101,0.209,0.2094,40202.7,1724929199999,8422.57432,194,26330.9,5514.53387,0,0.29
2024-08-29 11:00:00,0.2093,0.2128,0.209,0.211,174355.2,1724932799999,36925.66638,348,76430.7,16191.17106,0,0.29
2024-08-29 12:00:00,0.211,0.2129,0.2105,0.212,60664.9,1724936399999,12844.6282,315,33406.1,7080.24334,0,0.29
2024-08-29 13:00:00,0.212,0.213,0.2114,0.2129,111937.1,1724939999999,23763.21154,320,48735.2,10347.84417,0,0.29
2024-08-29 14:00:00,0.2133,0.2146,0.2127,0.2132,200368.1,1724943599999,42786.75991,632,105915.9,22624.25936,0,0.29
2024-08-29 15:00:00,0.2132,0.2155,0.2131,0.214,92617.5,1724947199999,19857.14913,425,27794.8,5963.02214,0,0.29
2024-08-29 16:00:00,0.214,0.2147,0.2114,0.2117,100834.7,1724950799999,21495.21401,375,56260.1,11998.83689,0,0.29
2024-08-29 17:00:00,0.2117,0.2126,0.211,0.2124,184170.9,1724954399999,39037.22457,591,138603.8,29384.37376,0,0.29
2024-08-29 18:00:00,0.2124,0.2126,0.2057,0.206,258361.3,1724957999999,53997.10924,966,159359.2,33326.83584,0,0.29
2024-08-29 19:00:00,0.2058,0.2082,0.2046,0.2077,170177.8,1724961599999,35144.6663,464,119435.5,24685.33151,0,0.29
2024-08-29 20:00:00,0.2073,0.2086,0.2069,0.2074,100710.4,1724965199999,20875.82143,296,37987.1,7884.0336,0,0.29
2024-08-29 21:00:00,0.2074,0.2074,0.2062,0.2069,72574.6,1724968799999,15019.8488,261,50444.1,10442.24566,0,0.29
2024-08-29 22:00:00,0.2069,0.2075,0.2041,0.2072,317504.6,1724972399999,65240.89514,503,96758.8,19905.65735,0,0.29
2024-08-29 23:00:00,0.2071,0.2079,0.2068,0.2077,26596.3,1724975999999,5514.86333,128,18545.8,3845.5467,0,0.29
2024-08-30 00:00:00,0.2076,0.208,0.206,0.2075,113765.8,1724979599999,23562.03081,249,28423.6,5879.48572,0,0.34
2024-08-30 01:00:00,0.2072,0.2081,0.2057,0.2076,108645.4,1724983199999,22471.40375,237,44726.4,9264.92491,0,0.34
2024-08-30 02:00:00,0.2073,0.2074,0.2059,0.2068,131405.5,1724986799999,27147.38223,307,79829.7,16484.63118,0,0.34
2024-08-30 03:00:00,0.2066,0.207,0.2056,0.2065,102487.1,1724990399999,21140.50212,270,58606.0,12084.83706,0,0.34
2024-08-30 04:00:00,0.2064,0.2071,0.2058,0.206,31785.5,1724993999999,6561.56134,154,16204.2,3344.02836,0,0.34
2024-08-30 05:00:00,0.2062,0.2063,0.2044,0.2053,157317.7,1724997599999,32352.53805,307,42954.2,8831.03678,0,0.34
2024-08-30 06:00:00,0.2055,0.2079,0.2052,0.2078,55615.1,1725001199999,11481.87468,312,43829.7,9052.68012,0,0.34
2024-08-30 07:00:00,0.2078,0.2091,0.2072,0.2086,72449.5,1725004799999,15096.06558,279,16477.2,3431.33674,0,0.34
2024-08-30 08:00:00,0.2086,0.2097,0.208,0.2096,95058.6,1725008399999,19864.76479,322,52846.5,11050.03389,0,0.34
2024-08-30 09:00:00,0.2096,0.2112,0.2093,0.2105,121476.1,1725011999999,25552.43431,445,71760.9,15097.56461,0,0.34
2024-08-30 10:00:00,0.2107,0.2113,0.2097,0.2101,146659.1,1725015599999,30872.69689,420,75684.2,15940.51216,0,0.34
2024-08-30 11:00:00,0.2101,0.2109,0.2095,0.2098,122865.8,1725019199999,25822.76999,430,44172.0,9277.47703,0,0.34
2024-08-30 12:00:00,0.2095,0.2121,0.2093,0.2102,154847.2,1725022799999,32618.16359,685,80302.6,16902.57114,0,0.34
2024-08-30 13:00:00,0.2102,0.2117,0.2083,0.2106,227045.8,1725026399999,47782.55722,736,127058.2,26739.96889,0,0.34
2024-08-30 14:00:00,0.2108,0.2112,0.2046,0.2046,254575.8,1725029999999,52907.52415,1266,102243.6,21234.71912,0,0.34
2024-08-30 15:00:00,0.2046,0.2056,0.1989,0.1999,1114558.1,1725033599999,225098.85525,3166,581925.3,117529.30138,0,0.34
2024-08-30 16:00:00,0.1998,0.2027,0.1991,0.2024,273748.8,1725037199999,54901.96825,1308,120388.3,24160.25635,0,0.34
2024-08-30 17:00:00,0.2024,0.203,0.2015,0.2024,92702.6,1725040799999,18740.04613,529,46123.5,9325.25218,0,0.34
2024-08-30 18:00:00,0.2024,0.2076,0.2021,0.2066,208663.2,1725044399999,42850.94809,934,103891.5,21335.84041,0,0.34
2024-08-30 19:00:00,0.2063,0.2066,0.204,0.2043,118136.6,1725047999999,24268.74421,346,47949.4,9854.09248,0,0.34
2024-08-30 20:00:00,0.2043,0.2046,0.2033,0.2045,81833.4,1725051599999,16686.04805,252,43218.0,8812.94323,0,0.34
2024-08-30 21:00:00,0.2045,0.2061,0.2044,0.206,73191.1,1725055199999,15013.52623,237,31186.6,6399.94279,0,0.34
2024-08-30 22:00:00,0.2061,0.2075,0.206,0.2073,46800.3,1725058799999,9671.22169,168,26757.2,5532.9152,0,0.34
2024-08-30 23:00:00,0.2069,0.2073,0.2063,0.2067,23788.3,1725062399999,4918.623,129,8208.7,1697.23063,0,0.34
2024-08-31 00:00:00,0.2065,0.2081,0.206,0.2063,91047.8,1725065999999,18842.91914,344,58580.3,12127.56618,0,0.29
2024-08-31 01:00:00,0.2069,0.2073,0.2061,0.2061,28141.6,1725069599999,5815.41183,112,18500.7,3824.30271,0,0.29
2024-08-31 02:00:00,0.2064,0.2067,0.206,0.2064,41495.5,1725073199999,8565.76221,293,26948.8,5564.08159,0,0.29
2024-08-31 03:00:00,0.2065,0.2067,0.2058,0.2059,34472.0,1725076799999,7110.43648,171,15292.6,3155.07897,0,0.29
2024-08-31 04:00:00,0.2062,0.2073,0.2061,0.2067,45374.5,1725080399999,9383.76007,295,28563.7,5907.96138,0,0.29
2024-08-31 05:00:00,0.2067,0.2067,0.2058,0.206,52653.1,1725083999999,10868.62838,274,32855.9,6782.65856,0,0.29
2024-08-31 06:00:00,0.2059,0.2064,0.2058,0.2059,22257.5,1725087599999,4587.44286,189,11155.7,2299.39338,0,0.29
2024-08-31 07:00:00,0.206,0.2063,0.2053,0.2054,29279.4,1725091199999,6024.85899,242,13289.5,2733.87431,0,0.29
2024-08-31 08:00:00,0.2054,0.2058,0.2047,0.2047,56623.0,1725094799999,11627.4688,263,25565.1,5248.9379,0,0.29
2024-08-31 09:00:00,0.2045,0.2049,0.2039,0.2044,166376.9,1725098399999,34000.97153,464,91145.8,18633.83061,0,0.29
2024-08-31 10:00:00,0.2043,0.2055,0.2043,0.2051,103685.5,1725101999999,21259.99377,507,40666.7,8337.35441,0,0.29
2024-08-31 11:00:00,0.2052,0.2056,0.2046,0.2047,104070.7,1725105599999,21350.09547,280,44005.6,9027.90612,0,0.29
2024-08-31 12:00:00,0.2047,0.2048,0.2039,0.2045,106973.6,1725109199999,21873.93439,273,78294.3,16012.20385,0,0.29
2024-08-31 13:00:00,0.2044,0.2049,0.2034,0.2034,84618.0,1725112799999,17268.91147,191,32224.4,6580.23748,0,0.29
2024-08-31 14:00:00,0.2034,0.2039,0.2027,0.2031,88381.4,1725116399999,17966.14317,445,52551.9,10682.83511,0,0.29
2024-08-31 15:00:00,0.2032,0.2036,0.2026,0.2032,82504.3,1725119999999,16768.64505,258,41674.1,8473.19314,0,0.29
2024-08-31 16:00:00,0.2036,0.2036,0.2013,0.2019,79937.8,1725123599999,16175.85949,242,40533.9,8196.07842,0,0.29
2024-08-31 17:00:00,0.2019,0.2022,0.2004,0.2021,303099.6,1725127199999,61138.93445,401,199606.9,40249.68892,0,0.29
2024-08-31 18:00:00,0.202,0.2025,0.2012,0.2015,214945.1,1725130799999,43388.91936,568,131498.6,26540.16977,0,0.29
2024-08-31 19:00:00,0.2016,0.2016,0.1996,0.2009,488018.8,1725134399999,97724.69822,482,256445.0,51312.72672,0,0.29
2024-08-31 20:00:00,0.2009,0.2017,0.2002,0.2011,23680.6,1725137999999,4757.18749,192,9635.0,1936.25787,0,0.29
2024-08-31 21:00:00,0.2013,0.2028,0.2007,0.2024,29616.9,1725141599999,5966.4851,175,16778.1,3378.75615,0,0.29
2024-08-31 22:00:00,0.2023,0.2023,0.2011,0.2011,69190.7,1725145199999,13954.78156,221,15298.6,3088.10333,0,0.29
2024-08-31 23:00:00,0.2012,0.2017,0.201,0.2014,133418.7,1725148799999,26863.78385,270,66272.0,13347.68032,0,0.29
2024-09-01 00:00:00,0.2013,0.202,0.2007,0.2008,52569.6,1725152399999,10577.90041,217,17387.6,3499.0339,0,0.26
2024-09-01 01:00:00,0.2008,0.2008,0.1989,0.199,99417.9,1725155999999,19875.16706,385,58750.8,11739.87385,0,0.26
2024-09-01 02:00:00,0.199,0.1991,0.1975,0.1986,180910.6,1725159599999,35855.37035,662,75186.9,14899.26408,0,0.26
2024-09-01 03:00:00,0.1986,0.1993,0.1979,0.1985,108784.0,1725163199999,21597.3329,376,47057.3,9336.13952,0,0.26
2024-09-01 04:00:00,0.1986,0.1996,0.198,0.1996,39661.8,1725166799999,7892.70704,175,25804.9,5139.53164,0,0.26
2024-09-01 05:00:00,0.1999,0.2,0.196,0.1966,205045.8,1725170399999,40548.58507,605,70275.9,13912.85816,0,0.26
2024-09-01 06:00:00,0.1967,0.1989,0.1966,0.1987,88075.3,1725173999999,17412.167,497,54480.3,10765.9269,0,0.26
2024-09-01 07:00:00,0.1986,0.2005,0.1981,0.2004,42552.3,1725177599999,8477.4928,355,17060.6,3396.95875,0,0.26
2024-09-01 08:00:00,0.2006,0.2008,0.1994,0.1998,43252.6,1725181199999,8664.36377,152,19306.2,3868.89909,0,0.26
2024-09-01 09:00:00,0.1998,0.2006,0.1992,0.1997,25818.3,1725184799999,5157.97539,106,9431.8,1883.60372,0,0.26
2024-09-01 10:00:00,0.1995,0.1995,0.198,0.198,152421.6,1725188399999,30266.64746,392,36940.0,7335.70704,0,0.26
2024-09-01 11:00:00,0.1981,0.2,0.198,0.2,94386.8,1725191999999,18755.24867,266,24881.7,4953.25448,0,0.26
2024-09-01 12:00:00,0.2,0.2001,0.1986,0.1986,82584.5,1725195599999,16465.3227,309,25362.8,5065.85024,0,0.26
2024-09-01 13:00:00,0.1986,0.1993,0.1971,0.1986,140537.6,1725199199999,27838.11873,487,83353.7,16503.64735,0,0.26
2024-09-01 14:00:00,0.1987,0.1991,0.1957,0.198,178169.6,1725202799999,35133.60357,898,86045.0,16971.0515,0,0.26
2024-09-01 15:00:00,0.1979,0.2001,0.1971,0.1995,113086.5,1725206399999,22475.69726,419,75922.9,15093.25964,0,0.26
2024-09-01 16:00:00,0.1994,0.2,0.1961,0.1967,400821.9,1725209999999,79374.13483,848,156062.8,30894.9513,0,0.26
2024-09-01 17:00:00,0.1968,0.1977,0.1952,0.1962,231854.0,1725213599999,45437.38627,576,89373.4,17526.92499,0,0.26
2024-09-01 18:00:00,0.1964,0.1993,0.1962,0.199,273306.0,1725217199999,54170.10412,564,116368.2,23064.65435,0,0.26
2024-09-01 19:00:00,0.199,0.2004,0.1978,0.1989,154639.4,1725220799999,30748.7794,372,89533.4,17813.77732,0,0.26
2024-09-01 20:00:00,0.199,0.2002,0.1983,0.1987,104802.2,1725224399999,20907.68058,404,51729.8,10316.80901,0,0.26
2024-09-01 21:00:00,0.1988,0.1989,0.1966,0.1978,157975.7,1725227999999,31206.38919,280,82239.4,16249.06218,0,0.26
2024-09-01 22:00:00,0.1978,0.1978,0.1906,0.1916,515544.6,1725231599999,99943.51035,1161,281337.3,54567.87927,0,0.26
2024-09-01 23:00:00,0.1916,0.193,0.1915,0.1921,222782.9,1725235199999,42806.0568,686,130184.6,25011.41982,0,0.26
2024-09-02 00:00:00,0.1921,0.194,0.1913,0.1929,211720.2,1725238799999,40740.05821,654,114569.7,22026.89304,0,0.26
2024-09-02 01:00:00,0.1934,0.1946,0.1927,0.1937,83122.9,1725242399999,16112.13604,289,53745.5,10419.94566,0,0.26
2024-09-02 02:00:00,0.1937,0.1951,0.1931,0.1935,93805.2,1725245999999,18186.49576,341,62608.3,12135.12894,0,0.26
2024-09-02 03:00:00,0.1935,0.1952,0.1935,0.1952,180418.6,1725249599999,35089.92451,452,116755.4,22708.05935,0,0.26
2024-09-02 04:00:00,0.1954,0.1955,0.1922,0.1923,95118.5,1725253199999,18409.57558,345,25289.4,4907.06028,0,0.26
2024-09-02 05:00:00,0.1922,0.1953,0.1921,0.1945,254108.8,1725256799999,49089.01814,525,150378.0,29048.97894,0,0.26
2024-09-02 06:00:00,0.1945,0.1951,0.1938,0.1938,154214.5,1725260399999,29982.15305,556,60643.8,11800.09641,0,0.26
2024-09-02 07:00:00,0.1938,0.1945,0.1909,0.1925,175773.5,1725263999999,33797.43858,762,83204.7,15996.44294,0,0.26
2024-09-02 08:00:00,0.1924,0.1964,0.1919,0.1953,847660.9,1725267599999,165145.61683,1497,663570.2,129251.43331,0,0.26
2024-09-02 09:00:00,0.1954,0.1976,0.1941,0.1974,429865.9,1725271199999,83981.10494,1143,304065.9,59385.44847,0,0.26
2024-09-02 10:00:00,0.1972,0.1988,0.1971,0.1984,233398.6,1725274799999,46239.38827,717,141842.2,28110.69263,0,0.26
2024-09-02 11:00:00,0.1983,0.1988,0.197,0.1971,125382.6,1725278399999,24790.68837,460,25866.6,5125.10663,0,0.26
2024-09-02 12:00:00,0.1971,0.1978,0.1967,0.1972,75320.5,1725281999999,14840.30737,332,31242.2,6159.17433,0,0.26
2024-09-02 13:00:00,0.1971,0.1974,0.195,0.195,138833.3,1725285599999,27221.3725,401,41701.6,8179.94431,0,0.26
2024-09-02 14:00:00,0.1954,0.1979,0.1939,0.1978,262609.9,1725289199999,51579.18729,1051,71022.6,13946.31202,0,0.26
2024-09-02 15:00:00,0.1977,0.1987,0.1972,0.1974,121587.3,1725292799999,24070.21913,507,26242.6,5197.3064,0,0.26
2024-09-02 16:00:00,0.1973,0.1988,0.1965,0.1968,73923.8,1725296399999,14606.71046,616,40868.4,8076.54184,0,0.26
2024-09-02 17:00:00,0.1967,0.1989,0.1966,0.1987,67939.7,1725299999999,13448.52486,445,39464.1,7809.71679,0,0.26
2024-09-02 18:00:00,0.1987,0.199,0.1977,0.1982,59930.4,1725303599999,11884.71176,484,20451.4,4053.26714,0,0.26
2024-09-02 19:00:00,0.1983,0.1989,0.1979,0.198,77395.3,1725307199999,15346.33372,330,28097.9,5575.03795,0,0.26
2024-09-02 20:00:00,0.1982,0.202,0.1978,0.2011,164265.8,1725310799999,32874.89189,937,55709.6,11142.35794,0,0.26
2024-09-02 21:00:00,0.201,0.2024,0.2001,0.2005,308893.9,1725314399999,62207.81337,893,163234.6,32898.1869,0,0.26
2024-09-02 22:00:00,0.2005,0.2008,0.1997,0.2001,39068.6,1725317999999,7823.43623,225,17253.1,3457.91019,0,0.26
2024-09-02 23:00:00,0.2003,0.2012,0.1997,0.2001,76348.8,1725321599999,15292.2653,219,59623.9,11944.74234,0,0.26
2024-09-03 00:00:00,0.2003,0.2004,0.1993,0.2004,64889.8,1725325199999,12966.10832,384,42637.6,8522.44328,0,0.26
2024-09-03 01:00:00,0.2002,0.2011,0.1995,0.2011,65730.3,1725328799999,13157.66334,311,22286.0,4461.5423,0,0.26
2024-09-03 02:00:00,0.2011,0.2026,0.2003,0.2003,87862.4,1725332399999,17694.80757,437,50457.5,10161.6682,0,0.26
2024-09-03 03:00:00,0.2004,0.201,0.1999,0.2,38911.1,1725335999999,7796.34734,176,24639.2,4938.35369,0,0.26
2024-09-03 04:00:00,0.2004,0.2006,0.1994,0.2,76070.5,1725339599999,15193.83974,318,21799.4,4360.02364,0,0.26
2024-09-03 05:00:00,0.2,0.2012,0.1993,0.2007,90801.9,1725343199999,18160.30868,276,23756.1,4758.67822,0,0.26
2024-09-03 06:00:00,0.2007,0.2008,0.1993,0.1995,183217.6,1725346799999,36590.6125,378,46374.2,9273.04513,0,0.26
2024-09-03 07:00:00,0.1995,0.2014,0.1994,0.201,140236.8,1725350399999,28125.68252,432,67208.8,13471.864,0,0.26
2024-09-03 08:00:00,0.2011,0.2012,0.199,0.1995,123356.9,1725353999999,24728.80292,501,65262.3,13083.07474,0,0.26
2024-09-03 09:00:00,0.1994,0.1998,0.1989,0.1994,152113.3,1725357599999,30342.63292,784,73734.0,14711.20422,0,0.26
2024-09-03 10:00:00,0.1994,0.201,0.1992,0.1999,100333.6,1725361199999,20059.37274,541,58179.3,11635.83026,0,0.26
2024-09-03 11:00:00,0.2,0.2013,0.1999,0.2008,89670.1,1725364799999,17978.66018,481,30327.6,6082.19443,0,0.26
2024-09-03 12:00:00,0.2008,0.2015,0.2005,0.2007,89879.4,1725368399999,18071.34374,626,33514.1,6739.66647,0,0.26
2024-09-03 13:00:00,0.2005,0.2014,0.1963,0.1973,206440.1,1725371999999,40895.89323,1014,66132.8,13102.82645,0,0.26
2024-09-03 14:00:00,0.1973,0.1973,0.1949,0.1957,729217.4,1725375599999,143074.43146,1859,491140.4,96367.20992,0,0.26
2024-09-03 15:00:00,0.1954,0.1965,0.1931,0.1937,148469.4,1725379199999,28913.15828,563,60517.7,11787.21573,0,0.26
2024-09-03 16:00:00,0.1935,0.1946,0.1928,0.1938,72040.1,1725382799999,13970.71933,416,30406.8,5897.84358,0,0.26
2024-09-03 17:00:00,0.1938,0.1954,0.1937,0.1943,55185.5,1725386399999,10743.31772,360,31139.2,6064.27126,0,0.26
2024-09-03 18:00:00,0.1943,0.1951,0.1934,0.1945,87325.2,1725389999999,16966.30154,431,45288.5,8803.59606,0,0.26
2024-09-03 19:00:00,0.1945,0.1956,0.194,0.1948,99229.7,1725393599999,19327.46044,703,47059.4,9165.45068,0,0.26
2024-09-03 20:00:00,0.195,0.1956,0.1944,0.1953,43944.5,1725397199999,8570.2548,347,17559.2,3425.26011,0,0.26
2024-09-03 21:00:00,0.1954,0.1957,0.1942,0.1948,117394.2,1725400799999,22865.73893,450,33342.0,6497.02944,0,0.26
2024-09-03 22:00:00,0.1947,0.1952,0.1939,0.194,82396.0,1725404399999,16026.60189,299,29517.4,5744.35151,0,0.26
2024-09-03 23:00:00,0.1939,0.1941,0.1915,0.1919,94092.3,1725407999999,18124.31836,360,34282.1,6599.20325,0,0.26
2024-09-04 00:00:00,0.1919,0.1937,0.189,0.1894,266801.3,1725411599999,50992.00258,680,100797.9,19267.95561,0,0.27
2024-09-04 01:00:00,0.1895,0.1902,0.1821,0.1893,900820.6,1725415199999,167695.16329,2308,374658.7,69757.91138,0,0.27
2024-09-04 02:00:00,0.1893,0.1902,0.1891,0.19,84126.6,1725418799999,15956.66262,304,39580.4,7505.28005,0,0.27
2024-09-04 03:00:00,0.19,0.1914,0.19,0.1908,113650.5,1725422399999,21670.85671,387,49319.2,9402.41844,0,0.27
2024-09-04 04:00:00,0.1909,0.192,0.1906,0.1918,74847.5,1725425999999,14336.4731,309,43953.7,8423.59748,0,0.27
2024-09-04 05:00:00,0.1916,0.1921,0.1905,0.1906,89353.6,1725429599999,17104.52882,328,42103.1,8063.39907,0,0.27
2024-09-04 06:00:00,0.1906,0.1925,0.1906,0.1912,129312.7,1725433199999,24785.61427,407,40434.3,7749.93853,0,0.27
2024-09-04 07:00:00,0.1911,0.1939,0.1909,0.1927,121821.9,1725436799999,23462.60558,450,46950.9,9046.37177,0,0.27
2024-09-04 08:00:00,0.1929,0.1941,0.1924,0.1935,130044.5,1725440399999,25126.06685,593,58261.4,11255.07167,0,0.27
2024-09-04 09:00:00,0.1934,0.194,0.1931,0.1933,204591.5,1725443999999,39582.54465,615,90239.1,17455.65084,0,0.27
2024-09-04 10:00:00,0.1932,0.1934,0.1909,0.1909,130564.6,1725447599999,25123.68641,716,59822.1,11518.87726,0,0.27
2024-09-04 11:00:00,0.191,0.1916,0.1905,0.1908,96950.0,1725451199999,18515.85107,561,29542.4,5642.42122,0,0.27
2024-09-04 12:00:00,0.1906,0.192,0.1904,0.1909,96276.5,1725454799999,18394.72282,392,50040.3,9558.54457,0,0.27
2024-09-04 13:00:00,0.1911,0.1916,0.1897,0.1915,128861.8,1725458399999,24572.61293,499,69859.8,13326.04182,0,0.27
2024-09-04 14:00:00,0.1914,0.1961,0.1905,0.1954,743522.9,1725461999999,143721.28187,1207,571528.3,110468.10116,0,0.27
2024-09-04 15:00:00,0.1956,0.1965,0.1945,0.1963,184539.3,1725465599999,36076.32295,538,73833.6,14439.56367,0,0.27
2024-09-04 16:00:00,0.1963,0.2,0.1963,0.1994,143953.1,1725469199999,28585.5326,609,80499.2,15995.95798,0,0.27
2024-09-04 17:00:00,0.1994,0.1996,0.197,0.1971,107621.9,1725472799999,21313.35668,414,49480.7,9797.99212,0,0.27
2024-09-04 18:00:00,0.1971,0.1976,0.1959,0.1961,71518.2,1725476399999,14075.02006,279,27815.4,5474.52541,0,0.27
2024-09-04 19:00:00,0.1961,0.1974,0.1959,0.1971,41136.1,1725479999999,8097.00336,127,34095.0,6711.21204,0,0.27
2024-09-04 20:00:00,0.1969,0.1979,0.1969,0.1978,102368.4,1725483599999,20220.54934,192,43625.4,8617.33898,0,0.27
2024-09-04 21:00:00,0.1979,0.1983,0.1971,0.1981,29224.2,1725487199999,5774.16217,219,11995.4,2371.05771,0,0.27
2024-09-04 22:00:00,0.1987,0.1993,0.1977,0.1982,57702.3,1725490799999,11463.88296,250,28817.4,5729.22366,0,0.27
2024-09-04 23:00:00,0.1985,0.1988,0.1968,0.1975,42647.4,1725494399999,8429.37769,175,16227.0,3208.0746,0,0.27
2024-09-05 00:00:00,0.1974,0.1989,0.1971,0.1971,75466.9,1725497999999,14933.00441,156,19999.2,3962.83705,0,0.29
2024-09-05 01:00:00,0.1973,0.1982,0.1971,0.198,18273.5,1725501599999,3611.11118,86,8538.0,1686.48725,0,0.29
2024-09-05 02:00:00,0.1982,0.1982,0.1968,0.1969,43143.1,1725505199999,8516.81803,148,36069.8,7121.51723,0,0.29
2024-09-05 03:00:00,0.197,0.197,0.1939,0.1945,108378.0,1725508799999,21125.30851,447,29221.8,5699.31994,0,0.29
2024-09-05 04:00:00,0.1945,0.1954,0.194,0.1951,44288.5,1725512399999,8623.03281,175,11360.6,2215.22346,0,0.29
2024-09-05 05:00:00,0.1951,0.1951,0.1939,0.1948,49837.2,1725515999999,9691.48474,224,20433.7,3975.20774,0,0.29
2024-09-05 06:00:00,0.1948,0.1951,0.1922,0.1941,179733.1,1725519599999,34874.24334,390,34811.5,6754.34223,0,0.29
2024-09-05 07:00:00,0.194,0.1958,0.1939,0.1946,105417.4,1725523199999,20547.97708,221,22527.7,4398.10624,0,0.29
2024-09-05 08:00:00,0.1948,0.1954,0.1935,0.1943,130320.6,1725526799999,25365.4385,289,79091.4,15417.4375,0,0.29
2024-09-05 09:00:00,0.1941,0.1943,0.1927,0.1929,72099.9,1725530399999,13952.12211,231,23763.9,4602.3707,0,0.29
2024-09-05 10:00:00,0.1928,0.193,0.1922,0.1926,62473.6,1725533999999,12030.92472,209,21901.5,4215.64966,0,0.29
2024-09-05 11:00:00,0.1926,0.1927,0.1918,0.1921,37044.9,1725537599999,7122.36603,103,24677.1,4744.09008,0,0.29
2024-09-05 12:00:00,0.1921,0.1938,0.1918,0.1928,86982.5,1725541199999,16754.94005,365,44458.3,8572.96377,0,0.29
2024-09-05 13:00:00,0.1928,0.1944,0.1925,0.1943,113982.1,1725544799999,22052.56709,327,62812.2,12163.17424,0,0.29
2024-09-05 14:00:00,0.1944,0.1953,0.1921,0.1927,161864.4,1725548399999,31401.03161,487,93077.5,18070.89467,0,0.29
2024-09-05 15:00:00,0.1925,0.1934,0.1907,0.1917,173175.7,1725551999999,33268.48923,450,84996.6,16339.71902,0,0.29
2024-09-05 16:00:00,0.1919,0.1923,0.1906,0.1912,64179.3,1725555599999,12273.38545,212,26187.9,5008.57168,0,0.29
2024-09-05 17:00:00,0.1912,0.1933,0.191,0.1931,101586.1,1725559199999,19496.47373,208,82312.6,15787.10965,0,0.29
2024-09-05 18:00:00,0.1935,0.1936,0.1921,0.1926,42610.2,1725562799999,8208.1626,159,17362.4,3347.76219,0,0.29
2024-09-05 19:00:00,0.1925,0.1926,0.1898,0.1905,152578.2,1725566399999,29192.55876,339,70848.9,13563.37084,0,0.29
2024-09-05 20:00:00,0.1906,0.1914,0.1905,0.1906,39963.4,1725569999999,7629.262,197,23832.3,4549.26128,0,0.29
2024-09-05 21:00:00,0.1907,0.191,0.1896,0.191,73456.4,1725573599999,14006.07546,136,35136.5,6697.96214,0,0.29
2024-09-05 22:00:00,0.1909,0.1913,0.1897,0.1912,103258.4,1725577199999,19658.20401,177,54949.3,10461.04569,0,0.29
2024-09-05 23:00:00,0.1912,0.1912,0.1905,0.1907,20943.8,1725580799999,3995.82766,80,9658.7,1842.69626,0,0.29
2024-09-06 00:00:00,0.1909,0.1915,0.1894,0.1902,120402.6,1725584399999,22907.8026,317,49733.0,9461.87268,0,0.22
2024-09-06 01:00:00,0.1902,0.1916,0.1891,0.1911,110364.2,1725587999999,21006.56251,233,53769.8,10240.43521,0,0.22
2024-09-06 02:00:00,0.1911,0.1927,0.1909,0.1921,48115.3,1725591599999,9248.4716,145,29414.7,5658.03597,0,0.22
2024-09-06 03:00:00,0.1922,0.1929,0.1921,0.1921,57400.2,1725595199999,11045.9509,155,37114.3,7140.90145,0,0.22
2024-09-06 04:00:00,0.1923,0.1926,0.1915,0.1915,10902.0,1725598799999,2092.12858,70,3568.3,685.19711,0,0.22
2024-09-06 05:00:00,0.192,0.192,0.1905,0.1912,29581.4,1725602399999,5659.08282,85,7376.6,1407.9261,0,0.22
2024-09-06 06:00:00,0.1912,0.1913,0.1904,0.1911,62948.5,1725605999999,12018.86674,132,49537.2,9458.70056,0,0.22
2024-09-06 07:00:00,0.1909,0.191,0.1872,0.1891,360427.9,1725609599999,67810.30038,703,161476.3,30384.44236,0,0.22
2024-09-06 08:00:00,0.189,0.1896,0.1885,0.1892,88295.3,1725613199999,16698.40445,220,45723.2,8647.86102,0,0.22
2024-09-06 09:00:00,0.1892,0.1894,0.1883,0.1885,173677.4,1725616799999,32787.87393,345,79439.3,14990.78317,0,0.22
2024-09-06 10:00:00,0.1885,0.1906,0.1884,0.1897,124376.0,1725620399999,23589.7935,223,50212.9,9531.66934,0,0.22
2024-09-06 11:00:00,0.1898,0.1902,0.1892,0.1899,130894.9,1725623999999,24819.81685,359,75648.1,14341.90966,0,0.22
2024-09-06 12:00:00,0.1901,0.1936,0.1891,0.1933,310770.5,1725627599999,59555.8404,749,139337.2,26681.96615,0,0.22
2024-09-06 13:00:00,0.1933,0.1938,0.1893,0.1894,236532.1,1725631199999,45473.78093,658,170185.7,32740.35633,0,0.22
2024-09-06 14:00:00,0.1894,0.1895,0.1866,0.1877,356133.4,1725634799999,66758.52636,865,176570.4,33108.22542,0,0.22
2024-09-06 15:00:00,0.1875,0.189,0.1846,0.1877,426807.3,1725638399999,79787.12177,947,223667.5,41812.70595,0,0.22
2024-09-06 16:00:00,0.1878,0.188,0.1848,0.1862,171227.3,1725641999999,31921.95759,473,75220.8,14027.75414,0,0.22
2024-09-06 17:00:00,0.186,0.1872,0.1838,0.1857,270383.2,1725645599999,50115.06705,684,162193.4,30059.47482,0,0.22
2024-09-06 18:00:00,0.1855,0.1855,0.1816,0.1816,364390.7,1725649199999,66812.6505,828,179027.3,32846.31539,0,0.22
2024-09-06 19:00:00,0.1816,0.1828,0.1802,0.1816,365980.0,1725652799999,66483.8076,773,186454.5,33871.97643,0,0.22
2024-09-06 20:00:00,0.1813,0.1819,0.1765,0.1771,674143.5,1725656399999,121007.34698,1311,353009.0,63365.4615,0,0.22
2024-09-06 21:00:00,0.1769,0.1796,0.1756,0.1795,728813.4,1725659999999,129504.35389,1537,466921.9,83031.1055,0,0.22
2024-09-06 22:00:00,0.1795,0.1807,0.1792,0.1799,149139.3,1725663599999,26845.03242,566,100243.6,18046.92802,0,0.22
2024-09-06 23:00:00,0.1801,0.1809,0.1797,0.1806,123426.8,1725667199999,22273.82343,501,89860.3,16213.69981,0,0.22
2024-09-07 00:00:00,0.1807,0.1808,0.1795,0.1801,186482.6,1725670799999,33620.76392,610,118575.7,21379.39449,0,0.23
2024-09-07 01:00:00,0.18,0.1801,0.179,0.1794,195732.4,1725674399999,35145.01823,408,94962.2,17043.43341,0,0.23
2024-09-07 02:00:00,0.1794,0.1798,0.1789,0.1795,50838.6,1725677999999,9117.39628,231,33641.5,6033.50953,0,0.23
2024-09-07 03:00:00,0.1796,0.1803,0.1795,0.1797,48766.4,1725681599999,8773.68108,180,26976.6,4855.94967,0,0.23
2024-09-07 04:00:00,0.1799,0.1816,0.1798,0.1815,53911.3,1725685199999,9736.38121,209,41442.9,7482.83274,0,0.23
2024-09-07 05:00:00,0.1818,0.1833,0.1815,0.1826,47976.7,1725688799999,8760.09717,204,25420.9,4637.55775,0,0.23
2024-09-07 06:00:00,0.1827,0.1839,0.1822,0.1834,251073.5,1725692399999,45976.62167,356,149803.4,27434.97442,0,0.23
2024-09-07 07:00:00,0.1835,0.1848,0.1835,0.184,377388.1,1725695999999,69463.77496,529,144985.4,26696.34364,0,0.23
2024-09-07 08:00:00,0.1841,0.1852,0.184,0.185,127028.5,1725699599999,23436.08879,249,54812.9,10122.58322,0,0.23
2024-09-07 09:00:00,0.1852,0.1852,0.1835,0.1837,172052.3,1725703199999,31682.33711,310,30932.1,5696.56887,0,0.23
2024-09-07 10:00:00,0.1835,0.1843,0.1835,0.1839,17857.1,1725706799999,3285.03618,118,14225.3,2617.41913,0,0.23
2024-09-07 11:00:00,0.1841,0.1843,0.1835,0.1835,75037.1,1725710399999,13794.21499,167,21149.5,3891.48992,0,0.23
2024-09-07 12:00:00,0.1837,0.1844,0.1834,0.1843,44967.5,1725713999999,8271.5225,155,34847.2,6411.47103,0,0.23
2024-09-07 13:00:00,0.1841,0.1845,0.1833,0.1834,403043.6,1725717599999,74088.94111,699,148539.1,27302.60401,0,0.23
2024-09-07 14:00:00,0.1835,0.1839,0.1832,0.1839,128533.7,1725721199999,23584.02926,228,64125.0,11767.34476,0,0.23
2024-09-07 15:00:00,0.184,0.1851,0.1838,0.1847,64194.1,1725724799999,11848.59274,225,41074.9,7586.50888,0,0.23
2024-09-07 16:00:00,0.1847,0.1851,0.1835,0.1836,131532.4,1725728399999,24254.13121,328,96039.2,17720.42006,0,0.23
2024-09-07 17:00:00,0.1836,0.1839,0.1822,0.1828,140392.4,1725731999999,25665.91828,322,44112.6,8069.0022,0,0.23
2024-09-07 18:00:00,0.1829,0.1833,0.1826,0.183,50011.7,1725735599999,9156.13604,144,35098.4,6426.69895,0,0.23
2024-09-07 19:00:00,0.1829,0.1846,0.1828,0.1845,53789.7,1725739199999,9891.45573,149,29124.0,5354.05245,0,0.23
2024-09-07 20:00:00,0.1843,0.1843,0.1834,0.1834,65030.8,1725742799999,11946.96761,151,40857.7,7504.32728,0,0.23
2024-09-07 21:00:00,0.1834,0.1835,0.1818,0.1823,179587.3,1725746399999,32772.69422,280,68308.2,12490.48798,0,0.23
2024-09-07 22:00:00,0.1823,0.1829,0.1818,0.182,82587.2,1725749999999,15064.03254,158,60475.9,11033.49475,0,0.23
2024-09-07 23:00:00,0.182,0.1833,0.1816,0.1832,25950.3,1725753599999,4737.62302,141,17822.6,3254.80065,0,0.23
2024-09-08 00:00:00,0.1833,0.1835,0.1825,0.1831,61051.4,1725757199999,11183.59481,139,11268.2,2062.84632,0,0.29
2024-09-08 01:00:00,0.183,0.1846,0.1829,0.1845,426580.2,1725760799999,78436.69575,442,313073.3,57561.77383,0,0.29
2024-09-08 02:00:00,0.1843,0.1853,0.184,0.185,53160.8,1725764399999,9819.27296,242,26285.0,4857.64756,0,0.29
2024-09-08 03:00:00,0.185,0.186,0.185,0.186,68267.4,1725767999999,12670.37267,262,49567.2,9200.9025,0,0.29
2024-09-08 04:00:00,0.1862,0.1872,0.1859,0.1872,51372.6,1725771599999,9574.26918,149,10925.4,2037.57074,0,0.29
2024-09-08 05:00:00,0.1871,0.1877,0.1866,0.1869,70793.1,1725775199999,13242.12469,190,53654.3,10036.86195,0,0.29
2024-09-08 06:00:00,0.1871,0.1874,0.1866,0.1867,36760.6,1725778799999,6877.75139,130,9713.7,1816.40464,0,0.29
2024-09-08 07:00:00,0.1868,0.1886,0.1865,0.1885,59754.2,1725782399999,11220.06078,219,42039.4,7891.9032,0,0.29
2024-09-08 08:00:00,0.1885,0.189,0.1873,0.1887,66428.6,1725785999999,12494.84278,257,17531.9,3308.10116,0,0.29
2024-09-08 09:00:00,0.1887,0.1901,0.1885,0.1885,130145.6,1725789599999,24672.1773,245,84255.6,15998.29651,0,0.29
2024-09-08 10:00:00,0.1887,0.1896,0.1886,0.1894,86786.1,1725793199999,16426.66596,217,52834.6,10004.10161,0,0.29
2024-09-08 11:00:00,0.1893,0.1896,0.1885,0.189,30202.6,1725796799999,5702.25725,151,7686.0,1452.19781,0,0.29
2024-09-08 12:00:00,0.1891,0.1894,0.187,0.1881,90278.3,1725800399999,16995.14654,201,32588.3,6125.80696,0,0.29
2024-09-08 13:00:00,0.1876,0.1878,0.1866,0.1876,79140.5,1725803999999,14830.23813,185,36168.0,6776.65483,0,0.29
2024-09-08 14:00:00,0.1875,0.1882,0.187,0.1878,63509.8,1725807599999,11919.0947,117,38167.3,7170.61199,0,0.29
2024-09-08 15:00:00,0.1877,0.1879,0.1859,0.1861,73901.0,1725811199999,13803.68035,213,39782.6,7439.48104,0,0.29
2024-09-08 16:00:00,0.1861,0.1868,0.1854,0.1863,178171.9,1725814799999,33158.25148,360,82422.1,15333.92737,0,0.29
2024-09-08 17:00:00,0.1863,0.1885,0.1861,0.1885,95302.8,1725818399999,17848.55768,205,52619.2,9856.46454,0,0.29
2024-09-08 18:00:00,0.1885,0.1886,0.1871,0.1873,33712.8,1725821999999,6324.21625,146,17701.9,3320.338,0,0.29
2024-09-08 19:00:00,0.1872,0.1873,0.1861,0.1863,37614.7,1725825599999,7015.22975,138,11503.5,2145.29039,0,0.29
2024-09-08 20:00:00,0.1863,0.1866,0.1858,0.1866,58757.5,1725829199999,10933.89399,146,44862.8,8348.39056,0,0.29
2024-09-08 21:00:00,0.1865,0.1878,0.1865,0.1874,58989.7,1725832799999,11049.43496,157,35668.4,6676.8743,0,0.29
2024-09-08 22:00:00,0.1874,0.1911,0.1873,0.1882,265243.5,1725836399999,50128.47077,578,126818.5,23922.39297,0,0.29
2024-09-08 23:00:00,0.1884,0.1893,0.188,0.1883,43103.8,1725839999999,8121.26013,174,15448.2,2913.73263,0,0.29
2024-09-09 00:00:00,0.1885,0.1897,0.1877,0.1891,54734.7,1725843599999,10324.4338,200,28212.1,5324.6647,0,0.26
2024-09-09 01:00:00,0.189,0.1901,0.1883,0.1891,102366.9,1725847199999,19402.64365,190,20460.1,3874.57656,0,0.26
2024-09-09 02:00:00,0.1893,0.1895,0.1883,0.1894,23601.2,1725850799999,4458.30965,139,18075.0,3415.49463,0,0.26
2024-09-09 03:00:00,0.1893,0.1897,0.1881,0.1893,55331.7,1725854399999,10446.15589,193,23323.1,4403.54942,0,0.26
2024-09-09 04:00:00,0.1892,0.1898,0.1887,0.189,44357.5,1725857999999,8387.39362,121,15728.4,2974.04625,0,0.26
2024-09-09 05:00:00,0.189,0.1892,0.1882,0.1885,74725.2,1725861599999,14107.29438,176,27711.0,5228.32505,0,0.26
2024-09-09 06:00:00,0.1886,0.1907,0.1884,0.1907,35669.2,1725865199999,6771.80574,184,12585.3,2390.58793,0,0.26
2024-09-09 07:00:00,0.1909,0.1926,0.1907,0.1925,216147.2,1725868799999,41398.82325,384,174906.1,33485.07172,0,0.26
2024-09-09 08:00:00,0.1925,0.1937,0.1925,0.1935,52803.9,1725872399999,10198.43109,189,18569.5,3587.31087,0,0.26
2024-09-09 09:00:00,0.1934,0.1948,0.1928,0.1929,141457.3,1725875999999,27441.11264,489,61699.1,11978.297,0,0.26
2024-09-09 10:00:00,0.193,0.1948,0.1927,0.1941,71036.2,1725879599999,13776.34921,300,44025.5,8536.87587,0,0.26
2024-09-09 11:00:00,0.1939,0.1965,0.1932,0.1951,1064306.1,1725883199999,207996.87088,1910,533774.3,104291.48884,0,0.26
2024-09-09 12:00:00,0.195,0.1954,0.1939,0.1945,454244.6,1725886799999,88342.51226,1150,243557.2,47383.54586,0,0.26
2024-09-09 13:00:00,0.1945,0.195,0.193,0.1947,592594.2,1725890399999,114963.0761,882,200097.1,38782.16145,0,0.26
2024-09-09 14:00:00,0.1947,0.1947,0.1913,0.1917,313548.2,1725893999999,60481.20179,849,91742.3,17706.60151,0,0.26
2024-09-09 15:00:00,0.1915,0.1942,0.1913,0.1938,265349.0,1725897599999,51130.27048,447,97778.9,18842.70943,0,0.26
2024-09-09 16:00:00,0.194,0.1966,0.1939,0.1962,224522.9,1725901199999,43887.02088,570,105007.0,20506.48598,0,0.26
2024-09-09 17:00:00,0.1963,0.1977,0.196,0.1976,258614.1,1725904799999,50910.6447,466,134954.9,26568.40374,0,0.26
2024-09-09 18:00:00,0.1976,0.1988,0.1974,0.1981,268645.1,1725908399999,53219.8865,596,126279.1,25017.74059,0,0.26
2024-09-09 19:00:00,0.1982,0.2001,0.1979,0.2,204149.6,1725911999999,40626.90187,448,91382.5,18205.75513,0,0.26
2024-09-09 20:00:00,0.1999,0.1999,0.1984,0.1989,158967.6,1725915599999,31614.44904,441,30492.5,6064.42278,0,0.26
2024-09-09 21:00:00,0.1989,0.2014,0.1987,0.1998,189704.7,1725919199999,37971.77566,592,77646.2,15556.26405,0,0.26
2024-09-09 22:00:00,0.1999,0.2006,0.1991,0.1998,65101.1,1725922799999,12996.59678,303,30209.5,6032.99464,0,0.26
2024-09-09 23:00:00,0.1997,0.2004,0.1991,0.1995,122960.7,1725926399999,24595.16871,183,102948.3,20596.38282,0,0.26
2024-09-10 00:00:00,0.1994,0.1995,0.1976,0.198,62659.4,1725929999999,12429.27748,220,31068.0,6164.91665,0,0.33
2024-09-10 01:00:00,0.1981,0.1984,0.1976,0.1979,32236.5,1725933599999,6382.43022,127,13474.1,2670.36476,0,0.33
2024-09-10 02:00:00,0.1976,0.198,0.1969,0.1978,121420.2,1725937199999,23963.40768,250,9570.8,1890.35275,0,0.33
2024-09-10 03:00:00,0.1978,0.1978,0.1966,0.1969,93310.6,1725940799999,18391.25553,293,34664.5,6832.9483,0,0.33
2024-09-10 04:00:00,0.1969,0.1972,0.1962,0.1969,76659.4,1725944399999,15086.01075,239,30883.5,6077.62786,0,0.33
2024-09-10 05:00:00,0.1971,0.1983,0.197,0.1983,30055.8,1725947999999,5938.28334,140,8035.7,1587.55514,0,0.33
2024-09-10 06:00:00,0.1981,0.1983,0.1973,0.1974,264530.6,1725951599999,52250.18458,370,103749.9,20493.84892,0,0.33
2024-09-10 07:00:00,0.1974,0.1996,0.1973,0.1991,184964.9,1725955199999,36697.97027,476,68553.9,13601.34434,0,0.33
2024-09-10 08:00:00,0.1991,0.2,0.1984,0.1984,145324.4,1725958799999,28954.97749,307,74807.0,14913.43034,0,0.33
2024-09-10 09:00:00,0.1985,0.1998,0.1979,0.1995,134971.3,1725962399999,26833.43351,344,39708.7,7894.43045,0,0.33
2024-09-10 10:00:00,0.1995,0.2006,0.1991,0.2,201541.1,1725965999999,40264.78503,460,106916.5,21359.46339,0,0.33
2024-09-10 11:00:00,0.2001,0.2009,0.1998,0.2005,104510.6,1725969599999,20936.82992,255,56538.5,11329.09021,0,0.33
2024-09-10 12:00:00,0.2003,0.2008,0.1994,0.1996,317620.9,1725973199999,63632.10547,419,235810.9,47254.60759,0,0.33
2024-09-10 13:00:00,0.1996,0.1998,0.1984,0.199,297753.9,1725976799999,59315.23925,462,177851.5,35454.93396,0,0.33
2024-09-10 14:00:00,0.1988,0.2009,0.1982,0.2,386762.7,1725980399999,77159.48366,634,185315.0,36985.09977,0,0.33
2024-09-10 15:00:00,0.2,0.2011,0.199,0.1991,279347.0,1725983999999,55891.77088,777,150534.9,30116.54552,0,0.33
2024-09-10 16:00:00,0.199,0.2003,0.199,0.1999,48066.8,1725987599999,9611.17601,260,15541.1,3106.46587,0,0.33
2024-09-10 17:00:00,0.1999,0.2017,0.1998,0.201,198087.2,1725991199999,39830.53195,367,107352.6,21599.26297,0,0.33
2024-09-10 18:00:00,0.2013,0.2028,0.2013,0.2016,332022.8,1725994799999,67149.88905,421,169727.9,34311.8928,0,0.33
2024-09-10 19:00:00,0.2015,0.2025,0.2011,0.2023,65756.4,1725998399999,13263.52452,182,25338.5,5114.82909,0,0.33
2024-09-10 20:00:00,0.2023,0.2024,0.2014,0.2016,95783.2,1726001999999,19351.25946,199,58741.7,11873.61823,0,0.33
2024-09-10 21:00:00,0.2015,0.2017,0.2004,0.2005,59705.6,1726005599999,12003.24706,191,30957.1,6226.11131,0,0.33
2024-09-10 22:00:00,0.2007,0.2016,0.2007,0.2013,41349.6,1726009199999,8319.27687,181,24677.0,4965.05883,0,0.33
2024-09-10 23:00:00,0.2014,0.2017,0.2008,0.2011,14272.5,1726012799999,2871.25337,87,8729.4,1756.65418,0,0.33
2024-09-11 00:00:00,0.2013,0.2014,0.1998,0.2001,82772.6,1726016399999,16568.63906,185,32789.1,6568.39223,0,0.37
2024-09-11 01:00:00,0.2,0.2004,0.1972,0.1979,351413.0,1726019999999,69662.11387,580,170995.7,33868.48091,0,0.37
2024-09-11 02:00:00,0.1978,0.199,0.1978,0.1981,282310.3,1726023599999,56051.13118,530,137610.1,27344.02691,0,0.37
2024-09-11 03:00:00,0.1982,0.1984,0.1968,0.1973,105852.5,1726027199999,20891.8433,187,16344.2,3227.93145,0,0.37
2024-09-11 04:00:00,0.1972,0.1974,0.1951,0.1959,244755.8,1726030799999,48029.38328,626,136185.4,26728.28156,0,0.37
2024-09-11 05:00:00,0.1959,0.196,0.1949,0.1954,113707.0,1726034399999,22222.38836,283,60592.8,11836.10704,0,0.37
2024-09-11 06:00:00,0.1955,0.1974,0.1953,0.1966,62870.0,1726037999999,12333.96072,233,39395.5,7721.83293,0,0.37
2024-09-11 07:00:00,0.1967,0.1983,0.1967,0.1981,54446.1,1726041599999,10757.18447,204,32966.5,6510.17949,0,0.37
2024-09-11 08:00:00,0.1984,0.1984,0.1967,0.1967,117720.9,1726045199999,23228.16666,216,54016.1,10654.09461,0,0.37
2024-09-11 09:00:00,0.1966,0.1978,0.1966,0.1974,55901.8,1726048799999,11034.61599,199,14502.6,2862.03303,0,0.37
2024-09-11 10:00:00,0.1974,0.1976,0.1962,0.1971,64841.1,1726052399999,12776.77011,189,40677.6,8017.86571,0,0.37
2024-09-11 11:00:00,0.1973,0.1983,0.197,0.1981,84161.2,1726055999999,16641.47085,284,32290.4,6382.70068,0,0.37
2024-09-11 12:00:00,0.1981,0.1994,0.197,0.199,150646.9,1726059599999,29850.85877,476,59520.9,11792.28902,0,0.37
2024-09-11 13:00:00,0.1995,0.201,0.1951,0.1951,258342.6,1726063199999,51367.94036,646,124241.0,24706.0882,0,0.37
2024-09-11 14:00:00,0.195,0.1965,0.1937,0.1957,224634.9,1726066799999,43830.29854,400,79935.7,15606.96611,0,0.37
2024-09-11 15:00:00,0.1952,0.2006,0.1951,0.1992,214319.7,1726070399999,42364.48928,540,104720.5,20749.25155,0,0.37
2024-09-11 16:00:00,0.1991,0.202,0.1986,0.2012,94840.2,1726073999999,19033.80136,385,37188.4,7472.41852,0,0.37
2024-09-11 17:00:00,0.2012,0.2037,0.2011,0.2023,227406.9,1726077599999,46055.02962,485,75676.6,15336.99127,0,0.37
2024-09-11 18:00:00,0.2024,0.2034,0.2014,0.2022,260804.0,1726081199999,52858.38322,485,174459.0,35377.646,0,0.37
2024-09-11 19:00:00,0.2022,0.2034,0.2012,0.2032,195508.1,1726084799999,39526.78906,398,79076.6,15993.54048,0,0.37
2024-09-11 20:00:00,0.2032,0.2129,0.2029,0.2061,4021205.4,1726088399999,836615.58087,8237,2507867.4,522175.48009,0,0.37
2024-09-11 21:00:00,0.206,0.208,0.204,0.2049,677636.4,1726091999999,139166.50665,1327,234835.1,48291.44448,0,0.37
2024-09-11 22:00:00,0.205,0.2061,0.2047,0.2061,223270.7,1726095599999,45849.76395,505,135363.2,27805.97001,0,0.37
2024-09-11 23:00:00,0.2059,0.2071,0.2053,0.2059,233732.3,1726099199999,48194.74671,509,151974.5,31348.75117,0,0.37
2024-09-12 00:00:00,0.206,0.2075,0.2054,0.2061,179853.2,1726102799999,37101.02505,451,61462.1,12684.44442,0,0.31
2024-09-12 01:00:00,0.2063,0.2065,0.2055,0.2064,112635.5,1726106399999,23192.67581,368,42136.0,8680.20019,0,0.31
2024-09-12 02:00:00,0.2063,0.2068,0.2054,0.2057,114822.5,1726109999999,23670.86609,319,53108.9,10957.08718,0,0.31
2024-09-12 03:00:00,0.2058,0.2063,0.205,0.2058,167203.9,1726113599999,34390.06978,725,79232.9,16309.35032,0,0.31
2024-09-12 04:00:00,0.2057,0.207,0.2052,0.2069,253954.1,1726117199999,52377.03142,769,120871.8,24940.77036,0,0.31
2024-09-12 05:00:00,0.207,0.2073,0.2061,0.2068,253487.1,1726120799999,52407.38744,623,97572.6,20172.07152,0,0.31
2024-09-12 06:00:00,0.2069,0.207,0.205,0.2053,220450.8,1726124399999,45380.56005,680,65467.6,13472.99718,0,0.31
2024-09-12 07:00:00,0.2053,0.2061,0.2046,0.205,203343.7,1726127999999,41734.55639,610,61258.4,12577.1416,0,0.31
2024-09-12 08:00:00,0.205,0.2053,0.2045,0.2047,214525.0,1726131599999,43950.39489,691,54834.9,11238.99377,0,0.31
2024-09-12 09:00:00,0.2047,0.2055,0.2043,0.2051,172928.4,1726135199999,35399.5504,467,105827.4,21669.3688,0,0.31
2024-09-12 10:00:00,0.2051,0.2052,0.2041,0.2042,52944.5,1726138799999,10827.11545,248,29675.6,6069.65821,0,0.31
2024-09-12 11:00:00,0.2042,0.2043,0.2035,0.2036,110332.7,1726142399999,22496.41583,306,49242.4,10038.84064,0,0.31
2024-09-12 12:00:00,0.2036,0.204,0.2027,0.2027,163376.7,1726145999999,33222.38291,419,68351.5,13901.12009,0,0.31
2024-09-12 13:00:00,0.2029,0.204,0.2025,0.2032,237030.5,1726149599999,48144.02856,404,62688.4,12747.04898,0,0.31
2024-09-12 14:00:00,0.2034,0.2054,0.2025,0.2025,104586.8,1726153199999,21360.48261,334,57603.4,11765.13947,0,0.31
2024-09-12 15:00:00,0.2024,0.2036,0.2014,0.202,150259.9,1726156799999,30386.82812,338,67873.9,13730.05296,0,0.31
2024-09-12 16:00:00,0.2019,0.2045,0.2019,0.2042,255522.9,1726160399999,51823.06479,366,149214.3,30277.56309,0,0.31
2024-09-12 17:00:00,0.2043,0.2058,0.2042,0.2058,71223.0,1726163999999,14582.54996,287,34063.8,6977.19261,0,0.31
2024-09-12 18:00:00,0.2058,0.2062,0.205,0.2054,87734.3,1726167599999,18047.32276,231,40897.1,8415.3207,0,0.31
2024-09-12 19:00:00,0.2056,0.207,0.2054,0.2065,206541.0,1726171199999,42615.65663,562,87087.4,17978.15936,0,0.31
2024-09-12 20:00:00,0.2065,0.2075,0.2058,0.2073,203636.3,1726174799999,42089.22131,380,52000.7,10747.29647,0,0.31
2024-09-12 21:00:00,0.2073,0.2087,0.2072,0.2085,144229.4,1726178399999,30015.96737,369,61193.5,12729.06872,0,0.31
2024-09-12 22:00:00,0.2087,0.2096,0.2079,0.2094,77674.0,1726181999999,16215.99675,255,30212.8,6305.29072,0,0.31
2024-09-12 23:00:00,0.2094,0.2102,0.2092,0.2101,86098.4,1726185599999,18061.35182,287,36355.9,7627.01504,0,0.31
2024-09-13 00:00:00,0.21,0.2104,0.2088,0.21,97791.0,1726189199999,20508.90609,458,30671.3,6432.71511,0,0.32
2024-09-13 01:00:00,0.2101,0.2104,0.2091,0.2093,60655.6,1726192799999,12707.17286,262,10613.1,2224.1173,0,0.32
2024-09-13 02:00:00,0.2094,0.2096,0.2083,0.209,47084.5,1726196399999,9843.10298,188,21006.0,4394.60297,0,0.32
2024-09-13 03:00:00,0.2091,0.2095,0.2083,0.2084,96646.4,1726199999999,20182.48052,268,50385.8,10520.07048,0,0.32
2024-09-13 04:00:00,0.2084,0.2085,0.2077,0.2077,275415.3,1726203599999,57357.99121,457,32646.8,6795.22121,0,0.32
2024-09-13 05:00:00,0.2077,0.2095,0.2077,0.2091,267365.9,1726207199999,55826.92147,454,133606.3,27880.48938,0,0.32
2024-09-13 06:00:00,0.2093,0.2093,0.2081,0.2082,161953.1,1726210799999,33788.39407,354,62016.5,12929.26712,0,0.32
2024-09-13 07:00:00,0.2082,0.2094,0.2082,0.2093,46770.6,1726214399999,9758.0563,243,19072.3,3980.48712,0,0.32
2024-09-13 08:00:00,0.2093,0.2096,0.2089,0.2092,107215.5,1726217999999,22439.42424,216,80707.2,16893.84412,0,0.32
2024-09-13 09:00:00,0.2092,0.2103,0.2092,0.2098,145259.3,1726221599999,30495.14859,277,86825.5,18230.84026,0,0.32
2024-09-13 10:00:00,0.2099,0.2125,0.2097,0.2115,425756.6,1726225199999,89822.46335,740,242496.0,51154.56885,0,0.32
2024-09-13 11:00:00,0.2115,0.2119,0.2093,0.2093,83872.0,1726228799999,17675.17566,249,30168.3,6368.40358,0,0.32
2024-09-13 12:00:00,0.2095,0.2099,0.2073,0.2086,184774.6,1726232399999,38500.23418,375,53651.5,11184.52765,0,0.32
2024-09-13 13:00:00,0.2086,0.2086,0.2062,0.2077,263729.0,1726235999999,54660.3728,490,115255.4,23897.83039,0,0.32
2024-09-13 14:00:00,0.2073,0.2112,0.2071,0.2107,320017.7,1726239599999,67006.39941,583,209282.5,43836.94049,0,0.32
2024-09-13 15:00:00,0.2106,0.2139,0.2098,0.2116,731527.4,1726243199999,155013.97955,1193,276301.9,58684.40546,0,0.32
2024-09-13 16:00:00,0.2118,0.212,0.2104,0.2118,221265.6,1726246799999,46722.08733,464,85392.1,18031.94894,0,0.32
2024-09-13 17:00:00,0.2118,0.2129,0.2117,0.2117,198313.0,1726250399999,42115.58623,373,103585.1,21994.56616,0,0.32
2024-09-13 18:00:00,0.2117,0.2132,0.2114,0.2129,187585.4,1726253999999,39871.12588,330,78872.6,16753.02492,0,0.32
2024-09-13 19:00:00,0.2129,0.213,0.2119,0.2126,133781.8,1726257599999,28441.04264,293,51945.1,11039.1156,0,0.32
2024-09-13 20:00:00,0.2128,0.2139,0.2127,0.2135,91181.4,1726261199999,19468.04764,253,63065.7,13465.14728,0,0.32
2024-09-13 21:00:00,0.2135,0.2149,0.2135,0.2139,197932.3,1726264799999,42391.90438,389,125487.5,26863.54599,0,0.32
2024-09-13 22:00:00,0.2139,0.215,0.2136,0.2138,80820.1,1726268399999,17313.59703,289,48719.2,10438.03456,0,0.32
2024-09-13 23:00:00,0.2138,0.2138,0.2131,0.2134,74993.4,1726271999999,16006.93134,147,12480.4,2665.09735,0,0.32
2024-09-14 00:00:00,0.2137,0.2139,0.2124,0.2131,82346.9,1726275599999,17529.44837,187,33818.4,7200.58405,0,0.5
2024-09-14 01:00:00,0.213,0.2135,0.2127,0.2127,34505.1,1726279199999,7356.99847,119,20764.4,4427.092,0,0.5
2024-09-14 02:00:00,0.2126,0.2134,0.212,0.2123,42187.1,1726282799999,8967.01371,130,17568.5,3735.34509,0,0.5
2024-09-14 03:00:00,0.2122,0.2129,0.2122,0.2124,37065.8,1726286399999,7877.67809,157,10296.4,2187.64692,0,0.5
2024-09-14 04:00:00,0.2124,0.2124,0.2117,0.212,46114.4,1726289999999,9776.48038,125,34144.2,7240.68272,0,0.5
2024-09-14 05:00:00,0.2118,0.2122,0.2099,0.2101,61582.8,1726293599999,12989.50128,197,19374.1,4085.96828,0,0.5
2024-09-14 06:00:00,0.2101,0.2105,0.2096,0.2102,102158.1,1726297199999,21461.96064,263,54354.4,11425.5416,0,0.5
2024-09-14 07:00:00,0.2102,0.2111,0.2102,0.2108,78493.3,1726300799999,16536.62562,202,37783.4,7963.34039,0,0.5
2024-09-14 08:00:00,0.2107,0.2108,0.2094,0.2095,105590.4,1726304399999,22172.92038,241,12054.3,2530.85554,0,0.5
2024-09-14 09:00:00,0.2095,0.2103,0.2094,0.2103,61971.0,1726307999999,13015.5263,279,33043.7,6941.1438,0,0.5
2024-09-14 10:00:00,0.2101,0.2102,0.2087,0.2094,134950.0,1726311599999,28249.21454,283,57014.4,11937.05568,0,0.5
2024-09-14 11:00:00,0.2094,0.2107,0.2088,0.2095,228627.1,1726315199999,47933.14697,379,116067.9,24340.86303,0,0.5
2024-09-14 12:00:00,0.2095,0.2102,0.2089,0.2095,43893.9,1726318799999,9203.21762,134,12589.8,2640.86804,0,0.5
2024-09-14 13:00:00,0.2094,0.2102,0.2093,0.2102,43425.8,1726322399999,9108.77071,152,20085.8,4213.87664,0,0.5
2024-09-14 14:00:00,0.2102,0.2115,0.2098,0.2111,104342.9,1726325999999,21978.85767,208,68284.8,14380.45407,0,0.5
2024-09-14 15:00:00,0.2113,0.2118,0.2106,0.2108,30606.7,1726329599999,6469.13931,92,19745.5,4174.521,0,0.5
2024-09-14 16:00:00,0.2108,0.2116,0.2103,0.2106,32925.9,1726333199999,6936.07097,122,10049.6,2118.27807,0,0.5
2024-09-14 17:00:00,0.2106,0.2106,0.2097,0.2102,33952.4,1726336799999,7134.13885,128,17897.8,3759.40531,0,0.5
2024-09-14 18:00:00,0.2101,0.2103,0.2082,0.2102,266560.4,1726340399999,55774.34379,485,127874.7,26737.39645,0,0.5
2024-09-14 19:00:00,0.21,0.2105,0.2097,0.2098,54355.6,1726343999999,11421.11041,153,30478.9,6405.62543,0,0.5
2024-09-14 20:00:00,0.2098,0.2109,0.2095,0.2108,64290.8,1726347599999,13518.28791,186,43606.0,9170.06851,0,0.5
2024-09-14 21:00:00,0.2108,0.2112,0.2101,0.2107,42876.4,1726351199999,9029.22711,151,16445.8,3464.67943,0,0.5
2024-09-14 22:00:00,0.211,0.2112,0.2102,0.2111,163989.3,1726354799999,34537.35499,240,102213.2,21534.6343,0,0.5
2024-09-14 23:00:00,0.211,0.211,0.2103,0.2106,56247.9,1726358399999,11856.20531,98,5015.5,1056.47317,0,0.5
2024-09-15 00:00:00,0.2106,0.211,0.2103,0.2108,34815.3,1726361999999,7335.17031,178,18598.8,3917.872,0,0.51
2024-09-15 01:00:00,0.2106,0.2121,0.2106,0.2116,71441.8,1726365599999,15097.84426,258,37358.0,7896.1552,0,0.51
2024-09-15 02:00:00,0.2117,0.2131,0.2116,0.2129,57758.7,1726369199999,12261.52668,197,34627.1,7352.61218,0,0.51
2024-09-15 03:00:00,0.213,0.2135,0.2123,0.2127,48257.9,1726372799999,10280.28792,197,24272.3,5170.32046,0,0.51
2024-09-15 04:00:00,0.2126,0.2131,0.2113,0.2114,53672.1,1726376399999,11368.97969,198,26457.6,5605.31534,0,0.51
2024-09-15 05:00:00,0.2114,0.2117,0.211,0.2113,38244.5,1726379999999,8079.67841,329,20877.2,4410.96111,0,0.51
2024-09-15 06:00:00,0.2111,0.2122,0.2108,0.2116,87713.0,1726383599999,18558.85786,455,41961.5,8878.14494,0,0.51
2024-09-15 07:00:00,0.2118,0.2118,0.2109,0.2115,58599.6,1726387199999,12383.20699,219,30069.2,6354.75701,0,0.51
2024-09-15 08:00:00,0.2115,0.2115,0.2102,0.2104,52917.5,1726390799999,11148.16918,302,22871.1,4819.24264,0,0.51
2024-09-15 09:00:00,0.2104,0.2108,0.2097,0.21,59837.0,1726394399999,12581.35487,482,31938.4,6716.93974,0,0.51
2024-09-15 10:00:00,0.2099,0.2102,0.209,0.2092,77666.0,1726397999999,16274.06322,482,30008.4,6286.60723,0,0.51
2024-09-15 11:00:00,0.2092,0.2092,0.2072,0.2087,158872.4,1726401599999,33064.56591,612,62072.1,12920.95226,0,0.51
2024-09-15 12:00:00,0.2086,0.2098,0.2082,0.2096,52376.1,1726405199999,10950.63663,509,28711.8,6003.60341,0,0.51
2024-09-15 13:00:00,0.2097,0.2107,0.2094,0.2097,55948.7,1726408799999,11754.59501,476,29802.7,6262.18319,0,0.51
2024-09-15 14:00:00,0.2097,0.2098,0.208,0.2093,31217.2,1726412399999,6523.15545,449,13527.6,2828.30008,0,0.51
2024-09-15 15:00:00,0.2093,0.2101,0.2089,0.2096,30378.1,1726415999999,6361.0206,525,12473.7,2613.16414,0,0.51
2024-09-15 16:00:00,0.2094,0.2096,0.2073,0.2073,101929.2,1726419599999,21242.23326,607,48573.1,10121.66208,0,0.51
2024-09-15 17:00:00,0.2072,0.2079,0.2065,0.2074,80200.2,1726423199999,16616.99515,507,30186.7,6252.72934,0,0.51
2024-09-15 18:00:00,0.2074,0.2091,0.2072,0.2085,88038.2,1726426799999,18334.59785,393,33222.7,6924.54551,0,0.51
2024-09-15 19:00:00,0.2084,0.2095,0.2076,0.208,75037.8,1726430399999,15620.61095,365,14510.1,3025.32861,0,0.51
2024-09-15 20:00:00,0.2081,0.2085,0.2071,0.2078,31438.1,1726433999999,6537.70666,242,20132.6,4187.0006,0,0.51
2024-09-15 21:00:00,0.2078,0.2078,0.2051,0.2065,93411.8,1726437599999,19257.89044,517,44650.5,9206.616,0,0.51
2024-09-15 22:00:00,0.2064,0.2068,0.2057,0.2065,82422.5,1726441199999,17000.60769,354,38944.6,8026.25777,0,0.51
2024-09-15 23:00:00,0.2065,0.2065,0.2032,0.2046,240042.3,1726444799999,49188.25954,723,126569.6,25917.58811,0,0.51
2024-09-16 00:00:00,0.2045,0.2049,0.2035,0.2044,72834.7,1726448399999,14882.27143,329,26798.1,5476.03169,0,0.39
2024-09-16 01:00:00,0.2044,0.2044,0.202,0.2026,136060.2,1726451999999,27639.07251,539,45274.3,9203.64084,0,0.39
2024-09-16 02:00:00,0.2026,0.2027,0.2002,0.2007,460748.4,1726455599999,92859.78341,682,132583.2,26706.75347,0,0.39
2024-09-16 03:00:00,0.2003,0.203,0.2003,0.2026,148369.5,1726459199999,29980.96004,669,79018.1,15980.2432,0,0.39
2024-09-16 04:00:00,0.2026,0.2037,0.2026,0.2035,85400.7,1726462799999,17348.89968,628,54620.6,11097.64723,0,0.39
2024-09-16 05:00:00,0.2035,0.205,0.2033,0.205,66220.0,1726466399999,13495.66484,502,31993.1,6522.10397,0,0.39
2024-09-16 06:00:00,0.2049,0.2053,0.2036,0.2038,148646.5,1726469999999,30357.30349,392,33117.0,6778.46624,0,0.39
2024-09-16 07:00:00,0.2037,0.2059,0.2035,0.2054,53014.5,1726473599999,10849.80248,342,35742.5,7315.95295,0,0.39
2024-09-16 08:00:00,0.2054,0.207,0.205,0.2056,105735.0,1726477199999,21745.07293,501,29920.2,6160.62678,0,0.39
2024-09-16 09:00:00,0.2055,0.2061,0.2033,0.2036,182050.9,1726480799999,37242.23018,461,76338.1,15616.51402,0,0.39
2024-09-16 10:00:00,0.2033,0.2041,0.2025,0.204,106516.9,1726484399999,21649.83299,324,45547.4,9254.9959,0,0.39
2024-09-16 11:00:00,0.204,0.2041,0.2026,0.2026,475884.3,1726487999999,96647.66089,600,230753.5,46859.4829,0,0.39
2024-09-16 12:00:00,0.2027,0.2032,0.2017,0.2018,349725.3,1726491599999,70832.58459,626,246172.6,49874.82866,0,0.39
2024-09-16 13:00:00,0.2017,0.2023,0.1992,0.2011,195143.4,1726495199999,39099.19043,572,85622.0,17175.00393,0,0.39
2024-09-16 14:00:00,0.201,0.2011,0.1978,0.1988,162979.5,1726498799999,32425.15399,495,57075.5,11368.93699,0,0.39
2024-09-16 15:00:00,0.1986,0.2006,0.1985,0.1991,59296.7,1726502399999,11815.43374,308,37493.8,7467.87448,0,0.39
2024-09-16 16:00:00,0.199,0.199,0.1964,0.1966,174141.6,1726505999999,34371.6567,449,38379.2,7572.20484,0,0.39
2024-09-16 17:00:00,0.1966,0.1975,0.1952,0.1969,155181.4,1726509599999,30428.34066,628,71050.1,13938.80626,0,0.39
2024-09-16 18:00:00,0.1969,0.1973,0.1954,0.1958,75444.4,1726513199999,14788.63625,292,24212.9,4745.61502,0,0.39
2024-09-16 19:00:00,0.1958,0.1961,0.1948,0.1953,86702.6,1726516799999,16929.17136,314,18566.6,3629.48603,0,0.39
2024-09-16 20:00:00,0.1953,0.1958,0.1947,0.1948,115374.2,1726520399999,22506.51173,433,30342.9,5922.42611,0,0.39
2024-09-16 21:00:00,0.1947,0.1958,0.1942,0.1958,70892.9,1726523999999,13811.74857,310,36008.2,7018.58919,0,0.39
2024-09-16 22:00:00,0.1956,0.1961,0.1954,0.1959,111559.6,1726527599999,21824.97308,240,54879.3,10741.05166,0,0.39
2024-09-16 23:00:00,0.1961,0.1973,0.196,0.1962,89595.7,1726531199999,17628.7397,253,29497.3,5798.78171,0,0.39
2024-09-17 00:00:00,0.1961,0.1968,0.1946,0.1946,76456.7,1726534799999,14966.51272,247,35236.7,6897.98004,0,0.33
2024-09-17 01:00:00,0.1946,0.1955,0.1943,0.1952,65674.9,1726538399999,12795.18907,282,40718.8,7933.10239,0,0.33
2024-09-17 02:00:00,0.1952,0.1965,0.1952,0.196,70629.6,1726541999999,13852.79431,366,39000.3,7646.86658,0,0.33
2024-09-17 03:00:00,0.196,0.1971,0.196,0.1967,74625.0,1726545599999,14671.42,298,60984.6,11989.46392,0,0.33
2024-09-17 04:00:00,0.1968,0.1978,0.1967,0.1975,35657.1,1726549199999,7030.95322,272,11856.4,2338.02987,0,0.33
2024-09-17 05:00:00,0.1976,0.1986,0.1972,0.198,68182.7,1726552799999,13485.95485,377,30408.3,6015.38453,0,0.33
2024-09-17 06:00:00,0.1982,0.1983,0.1974,0.1976,68792.7,1726556399999,13607.97349,370,21661.5,4286.18116,0,0.33
2024-09-17 07:00:00,0.1976,0.198,0.197,0.1976,115317.9,1726559999999,22759.33732,308,57196.8,11293.34229,0,0.33
2024-09-17 08:00:00,0.1976,0.1981,0.1972,0.1977,66353.2,1726563599999,13122.75074,243,42249.9,8355.81726,0,0.33
2024-09-17 09:00:00,0.1977,0.1984,0.1974,0.1977,109900.0,1726567199999,21739.40868,282,61239.1,12112.393,0,0.33
2024-09-17 10:00:00,0.1979,0.1983,0.1977,0.1982,155214.4,1726570799999,30732.33858,512,108147.0,21417.29539,0,0.33
2024-09-17 11:00:00,0.1982,0.1983,0.1972,0.1975,152860.8,1726574399999,30201.09144,454,97459.6,19259.82923,0,0.33
2024-09-17 12:00:00,0.1975,0.1978,0.1973,0.1977,63463.8,1726577999999,12536.24164,261,24555.2,4851.37739,0,0.33
2024-09-17 13:00:00,0.1974,0.198,0.1965,0.1969,114548.5,1726581599999,22623.18086,364,92423.0,18259.20461,0,0.33
2024-09-17 14:00:00,0.1969,0.2002,0.1968,0.1993,231216.5,1726585199999,46043.15615,540,131890.3,26253.07578,0,0.33
2024-09-17 15:00:00,0.1994,0.2022,0.1991,0.2017,301503.9,1726588799999,60700.55474,589,155258.3,31258.15665,0,0.33
2024-09-17 16:00:00,0.2018,0.2021,0.1991,0.1995,428212.5,1726592399999,86090.98558,598,130361.5,26177.93307,0,0.33
2024-09-17 17:00:00,0.1994,0.2002,0.1991,0.1999,101394.8,1726595999999,20246.8491,288,46557.8,9305.99412,0,0.33
2024-09-17 18:00:00,0.1999,0.2008,0.199,0.1997,84857.2,1726599599999,16985.73689,290,60560.3,12133.13109,0,0.33
2024-09-17 19:00:00,0.1997,0.2004,0.1978,0.1991,160805.9,1726603199999,32067.10931,347,104786.5,20894.52505,0,0.33
2024-09-17 20:00:00,0.1993,0.1999,0.1986,0.1989,122115.8,1726606799999,24329.75521,296,31589.9,6294.44845,0,0.33
2024-09-17 21:00:00,0.199,0.201,0.1988,0.2008,239739.7,1726610399999,47913.3978,393,181055.6,36164.33839,0,0.33
2024-09-17 22:00:00,0.2009,0.2009,0.1998,0.2002,86759.1,1726613999999,17369.46418,171,60624.1,12141.29749,0,0.33
2024-09-17 23:00:00,0.2,0.2004,0.1996,0.2002,59431.6,1726617599999,11878.25248,194,12571.0,2513.10375,0,0.33
2024-09-18 00:00:00,0.2003,0.201,0.1989,0.2007,359053.7,1726621199999,71756.67542,454,186838.6,37364.17025,0,0.45
2024-09-18 01:00:00,0.2008,0.2014,0.2,0.2009,43159.5,1726624799999,8662.97815,147,28994.5,5822.68377,0,0.45
2024-09-18 02:00:00,0.201,0.2031,0.201,0.203,63880.1,1726628399999,12918.04484,239,30787.7,6231.27508,0,0.45
2024-09-18 03:00:00,0.203,0.2042,0.203,0.2036,38592.7,1726631999999,7856.64889,192,20074.0,4086.40245,0,0.45
2024-09-18 04:00:00,0.2036,0.2041,0.2024,0.2035,60596.6,1726635599999,12324.96685,174,30763.5,6258.49529,0,0.45
2024-09-18 05:00:00,0.2033,0.2033,0.2013,0.2017,44056.3,1726639199999,8906.57948,187,17529.9,3544.2982,0,0.45
2024-09-18 06:00:00,0.2016,0.2024,0.2013,0.2023,84284.4,1726642799999,17014.66816,188,55473.9,11200.19936,0,0.45
2024-09-18 07:00:00,0.2022,0.2028,0.2016,0.2018,54724.2,1726646399999,11056.82801,158,17857.6,3605.12552,0,0.45
2024-09-18 08:00:00,0.2017,0.2017,0.1998,0.2001,119973.3,1726649999999,24055.68821,237,29545.7,5924.49497,0,0.45
2024-09-18 09:00:00,0.1998,0.2,0.1976,0.1976,131303.7,1726653599999,26177.27904,271,26512.1,5281.11871,0,0.45
2024-09-18 10:00:00,0.1976,0.203,0.1964,0.2029,739209.0,1726657199999,148516.84878,1405,489782.6,98283.65921,0,0.45
2024-09-18 11:00:00,0.203,0.2069,0.1988,0.1988,1936713.5,1726660799999,393278.972,3508,1138784.2,231699.47639,0,0.45
2024-09-18 12:00:00,0.199,0.1991,0.1972,0.1988,259012.0,1726664399999,51300.15256,513,120024.2,23773.6875,0,0.45
2024-09-18 13:00:00,0.1985,0.1993,0.1956,0.1967,399049.9,1726667999999,78617.83304,853,168082.5,33118.43379,0,0.45
2024-09-18 14:00:00,0.1964,0.1971,0.1956,0.1962,149608.2,1726671599999,29366.45707,467,62482.5,12262.00781,0,0.45
2024-09-18 15:00:00,0.1964,0.1971,0.1938,0.1948,216194.0,1726675199999,42207.81214,557,93948.9,18374.08358,0,0.45
2024-09-18 16:00:00,0.1946,0.1968,0.1939,0.1968,78637.7,1726678799999,15330.63025,188,41131.3,8019.49435,0,0.45
2024-09-18 17:00:00,0.1966,0.1976,0.195,0.197,61141.6,1726682399999,12028.54525,183,24697.1,4859.55195,0,0.45
2024-09-18 18:00:00,0.1968,0.2035,0.1964,0.2026,705038.8,1726685999999,141722.18897,1614,387078.6,77860.03417,0,0.45
2024-09-18 19:00:00,0.2024,0.2032,0.2003,0.2012,232190.0,1726689599999,46885.12215,586,127545.0,25758.68511,0,0.45
2024-09-18 20:00:00,0.2014,0.2028,0.1998,0.2025,53539.7,1726693199999,10776.49612,230,34520.6,6948.5676,0,0.45
2024-09-18 21:00:00,0.203,0.2034,0.2023,0.2026,129776.7,1726696799999,26299.00965,361,27900.1,5654.44846,0,0.45
2024-09-18 22:00:00,0.2026,0.2043,0.2023,0.204,169606.9,1726700399999,34479.73701,430,76118.2,15479.22954,0,0.45
2024-09-18 23:00:00,0.2043,0.21,0.2042,0.2097,337685.8,1726703999999,70268.37294,821,210004.0,43706.32248,0,0.45
2024-09-19 00:00:00,0.2096,0.2129,0.2096,0.2119,287025.8,1726707599999,60604.87749,883,140644.2,29686.55883,0,0.49
2024-09-19 01:00:00,0.212,0.2129,0.2103,0.2129,257456.7,1726711199999,54422.42137,686,131378.8,27775.1912,0,0.49
2024-09-19 02:00:00,0.2129,0.2165,0.2126,0.2164,189181.0,1726714799999,40672.6464,686,114490.9,24629.013,0,0.49
2024-09-19 03:00:00,0.2164,0.2175,0.2162,0.2162,238215.7,1726718399999,51654.85712,707,79217.3,17190.18373,0,0.49
2024-09-19 04:00:00,0.2164,0.217,0.2151,0.217,106561.4,1726721999999,22994.0006,391,28471.7,6142.29186,0,0.49
2024-09-19 05:00:00,0.2169,0.2187,0.2167,0.218,180367.6,1726725599999,39289.86905,503,79080.1,17229.97761,0,0.49
2024-09-19 06:00:00,0.2181,0.2206,0.2155,0.2189,894981.0,1726729199999,195286.45722,1639,449077.8,98182.90754,0,0.49
2024-09-19 07:00:00,0.219,0.2625,0.217,0.2289,7233602.5,1726732799999,1649494.25873,18608,4211108.4,960578.9744,0,0.49
2024-09-19 08:00:00,0.229,0.2405,0.2242,0.2282,6776844.3,1726736399999,1569160.3515,13363,3603421.6,834938.30522,0,0.49
2024-09-19 09:00:00,0.2283,0.2319,0.2267,0.2272,1363474.3,1726739999999,312215.68186,3099,594366.1,136189.23131,0,0.49
2024-09-19 10:00:00,0.2275,0.2325,0.2265,0.2285,2189046.4,1726743599999,500820.10139,3777,965612.8,221327.89767,0,0.49
2024-09-19 11:00:00,0.2284,0.2318,0.2265,0.2311,967052.1,1726747199999,221243.20803,1704,451983.7,103422.84399,0,0.49
2024-09-19 12:00:00,0.2311,0.236,0.2286,0.2311,2375623.6,1726750799999,552046.83093,4690,1304150.3,303300.78029,0,0.49
2024-09-19 13:00:00,0.2314,0.333,0.231,0.2956,43520000.6,1726754399999,12295254.09143,74670,22494607.7,6346546.1452,0,0.49
2024-09-19 14:00:00,0.2956,0.3,0.279,0.2829,23138731.9,1726757999999,6692107.55449,47048,12064995.2,3493420.50722,0,0.49
2024-09-19 15:00:00,0.2826,0.2895,0.2736,0.2766,11974539.0,1726761599999,3372277.57342,25651,5940961.8,1674405.31824,0,0.49
2024-09-19 16:00:00,0.2769,0.2805,0.2688,0.2716,7793844.3,1726765199999,2137681.07571,13887,3736445.4,1024885.17407,0,0.49
2024-09-19 17:00:00,0.2719,0.2793,0.2712,0.2755,4798167.0,1726768799999,1322486.38165,10640,2592808.0,714682.04164,0,0.49
2024-09-19 18:00:00,0.2752,0.2839,0.2745,0.2759,4930045.3,1726772399999,1377185.20348,9247,2676452.5,747542.8982,0,0.49
2024-09-19 19:00:00,0.276,0.2823,0.2752,0.2766,3163491.7,1726775999999,881060.15591,6697,1655489.1,461116.80266,0,0.49
2024-09-19 20:00:00,0.2767,0.3078,0.276,0.2998,10872820.0,1726779599999,3182376.17131,18171,5858699.8,1714967.56857,0,0.49
2024-09-19 21:00:00,0.3002,0.3111,0.2824,0.2882,15885006.0,1726783199999,4701801.76766,25363,8219756.4,2433924.52259,0,0.49
2024-09-19 22:00:00,0.2882,0.2957,0.2844,0.2859,4882839.2,1726786799999,1418064.40678,9650,2631271.8,764408.23917,0,0.49
2024-09-19 23:00:00,0.286,0.3194,0.2859,0.3186,8560859.8,1726790399999,2603294.23873,16872,4753652.5,1450320.68858,0,0.49
2024-09-20 00:00:00,0.3186,0.365,0.3075,0.3512,34506836.8,1726793999999,11705509.59535,60246,19085942.9,6471581.28201,0,0.54
2024-09-20 01:00:00,0.3512,0.3515,0.3227,0.3328,13699927.9,1726797599999,4592325.8012,28729,6791083.8,2277819.46097,0,0.54
2024-09-20 02:00:00,0.3326,0.3356,0.3211,0.3306,5833886.1,1726801199999,1917238.40507,13206,2808046.2,923268.04531,0,0.54
2024-09-20 03:00:00,0.3303,0.3485,0.3282,0.343,7733780.7,1726804799999,2632152.83656,15788,3758870.9,1277594.57324,0,0.54
2024-09-20 04:00:00,0.3431,0.3431,0.33,0.3332,5842089.5,1726808399999,1959009.83563,12201,3155917.7,1058348.40063,0,0.54
2024-09-20 05:00:00,0.3333,0.3403,0.3313,0.3354,4551101.6,1726811999999,1529678.6654,10389,2154725.8,724492.87142,0,0.54
2024-09-20 06:00:00,0.3354,0.3354,0.3212,0.3218,7902585.5,1726815599999,2578603.85811,11509,4417449.6,1441312.98314,0,0.54
2024-09-20 07:00:00,0.3219,0.3225,0.3075,0.3149,8648014.9,1726819199999,2715649.7276,14219,4158775.5,1305340.23114,0,0.54
2024-09-20 08:00:00,0.3148,0.3148,0.3063,0.3141,5588353.1,1726822799999,1736960.43702,9676,2813588.9,874756.56669,0,0.54
2024-09-20 09:00:00,0.314,0.3168,0.2978,0.2982,7148226.8,1726826399999,2196750.95878,9954,3262850.7,1002025.73676,0,0.54
2024-09-20 10:00:00,0.2981,0.3056,0.295,0.3046,5669680.4,1726829999999,1693686.01004,7816,3033069.2,906324.17629,0,0.54
2024-09-20 11:00:00,0.3043,0.3072,0.2882,0.2904,6895514.6,1726833599999,2036944.13199,9612,3270511.6,966727.77708,0,0.54
2024-09-20 12:00:00,0.2905,0.2961,0.2875,0.2928,3806590.9,1726837199999,1113331.18486,5752,1906519.2,557695.37697,0,0.54
2024-09-20 13:00:00,0.2928,0.297,0.2896,0.2943,2737584.9,1726840799999,803167.07193,4719,1393424.5,409123.8909,0,0.54
2024-09-20 14:00:00,0.2943,0.3018,0.2935,0.2969,3075070.3,1726844399999,915108.72822,4918,1701619.7,506488.22517,0,0.54
2024-09-20 15:00:00,0.297,0.3008,0.2938,0.3002,1715069.0,1726847999999,508920.67244,3377,855038.8,253862.50838,0,0.54
2024-09-20 16:00:00,0.3002,0.3014,0.2943,0.2967,1669994.0,1726851599999,497367.9696,2736,772581.0,230113.71875,0,0.54
2024-09-20 17:00:00,0.2968,0.2994,0.294,0.2947,2085339.6,1726855199999,618363.88735,3727,1063932.1,315468.50694,0,0.54
2024-09-20 18:00:00,0.2947,0.2985,0.2943,0.298,1106689.9,1726858799999,328604.84402,1861,632093.6,187657.54447,0,0.54
2024-09-20 19:00:00,0.2981,0.2992,0.2945,0.2951,729571.8,1726862399999,216266.2695,1248,332830.8,98604.01897,0,0.54
2024-09-20 20:00:00,0.2953,0.2964,0.2941,0.2958,592852.4,1726865999999,175068.71663,1108,291457.4,86074.73668,0,0.54
2024-09-20 21:00:00,0.2959,0.3011,0.2958,0.2987,836710.5,1726869599999,249896.91906,1482,485476.6,145032.21883,0,0.54
2024-09-20 22:00:00,0.2988,0.2998,0.2957,0.2958,456841.0,1726873199999,135960.16957,1075,181572.3,54070.5953,0,0.54
2024-09-20 23:00:00,0.2958,0.297,0.2924,0.2947,1794669.7,1726876799999,529709.66398,3780,841991.8,248485.83887,0,0.54
2024-09-21 00:00:00,0.2944,0.2947,0.2799,0.2802,6057722.9,1726880399999,1728503.97941,9865,2829982.5,808067.88349,0,0.54
2024-09-21 01:00:00,0.2804,0.2817,0.2736,0.2751,4333474.2,1726883999999,1200618.06921,7178,1840860.7,510506.79728,0,0.54
2024-09-21 02:00:00,0.275,0.2764,0.2699,0.2705,1646270.4,1726887599999,449073.51317,3771,633947.5,173056.09772,0,0.54
2024-09-21 03:00:00,0.2705,0.2732,0.2659,0.2667,2238383.7,1726891199999,601301.11916,3702,1015777.1,272892.65593,0,0.54
2024-09-21 04:00:00,0.2667,0.2693,0.2631,0.2657,1912993.6,1726894799999,508406.82365,4289,872359.5,231937.49405,0,0.54
2024-09-21 05:00:00,0.2658,0.2716,0.2658,0.2677,2375735.7,1726898399999,638012.10489,3786,1019391.8,273565.70855,0,0.54
2024-09-21 06:00:00,0.2676,0.274,0.2673,0.2737,2239081.4,1726901999999,607445.89019,3663,1173054.9,318271.82173,0,0.54
2024-09-21 07:00:00,0.2737,0.274,0.2687,0.2698,1917195.7,1726905599999,519116.7209,2882,852797.4,230881.49876,0,0.54
2024-09-21 08:00:00,0.2699,0.2722,0.2682,0.2684,1644624.5,1726909199999,444322.94082,2865,842668.7,227708.25374,0,0.54
2024-09-21 09:00:00,0.2683,0.27,0.2676,0.2688,1120852.3,1726912799999,301223.01349,1804,531708.8,142940.52756,0,0.54
2024-09-21 10:00:00,0.2687,0.2811,0.2686,0.2751,7704916.7,1726916399999,2124736.17869,10560,4166658.6,1148099.97699,0,0.54
2024-09-21 11:00:00,0.2752,0.2766,0.2703,0.2716,1752973.0,1726919999999,478801.98258,3220,827254.0,225838.55253,0,0.54
2024-09-21 12:00:00,0.2716,0.2749,0.2711,0.2724,1224455.6,1726923599999,333999.63788,2210,582749.6,159049.62339,0,0.54
2024-09-21 13:00:00,0.2725,0.2747,0.2705,0.274,1231313.7,1726927199999,335784.49287,3057,556788.3,151842.27208,0,0.54
2024-09-21 14:00:00,0.2739,0.2758,0.2729,0.2748,1633972.4,1726930799999,448067.28842,3078,684876.7,187890.98073,0,0.54
2024-09-21 15:00:00,0.2749,0.2773,0.2739,0.2755,1451356.8,1726934399999,399416.67234,2781,741218.2,204012.87629,0,0.54
2024-09-21 16:00:00,0.2755,0.2758,0.2717,0.2722,1108117.5,1726937999999,302949.59334,2617,431080.7,117868.18608,0,0.54
2024-09-21 17:00:00,0.2724,0.2756,0.272,0.2741,1035374.1,1726941599999,284103.27438,1604,332205.8,91163.85334,0,0.54
2024-09-21 18:00:00,0.2744,0.2758,0.2736,0.2737,686515.6,1726945199999,188503.36007,1543,295216.1,81073.54857,0,0.54
2024-09-21 19:00:00,0.2737,0.2755,0.2737,0.2752,484656.7,1726948799999,133167.47773,857,267790.2,73595.52957,0,0.54
2024-09-21 20:00:00,0.2753,0.2766,0.2737,0.2761,649102.6,1726952399999,178811.40028,1097,292361.3,80554.63813,0,0.54
2024-09-21 21:00:00,0.2761,0.2769,0.2746,0.275,491257.2,1726955999999,135455.88193,1044,207784.7,57301.04576,0,0.54
2024-09-21 22:00:00,0.275,0.2767,0.273,0.2742,1022687.0,1726959599999,280612.2416,1497,535538.9,146921.72461,0,0.54
2024-09-21 23:00:00,0.2741,0.2772,0.2737,0.2759,613183.8,1726963199999,169027.18974,956,264526.0,72911.57217,0,0.54
2024-09-22 00:00:00,0.2759,0.2759,0.2676,0.2688,3997042.5,1726966799999,1077976.76954,5412,1951267.4,526088.55925,0,0.52
2024-09-22 01:00:00,0.2688,0.2695,0.2659,0.266,1305900.1,1726970399999,348853.71578,2398,567937.8,151765.34565,0,0.52
2024-09-22 02:00:00,0.2661,0.2669,0.2627,0.2635,811701.8,1726973999999,214829.93104,2224,252636.8,66889.00701,0,0.52
2024-09-22 03:00:00,0.2635,0.2657,0.2633,0.2656,641262.4,1726977599999,169579.14435,1072,292604.9,77385.62521,0,0.52
2024-09-22 04:00:00,0.2655,0.266,0.2619,0.2621,1296519.8,1726981199999,342147.67197,1532,664733.1,175345.90883,0,0.52
2024-09-22 05:00:00,0.2622,0.2632,0.2597,0.2602,934164.4,1726984799999,243806.69833,1785,300538.8,78510.32931,0,0.52
2024-09-22 06:00:00,0.2603,0.2631,0.2603,0.2612,684475.9,1726988399999,179075.78005,1200,390983.3,102299.3276,0,0.52
2024-09-22 07:00:00,0.2611,0.2645,0.2593,0.2621,1573265.5,1726991999999,410984.83357,2639,745909.7,194852.42159,0,0.52
2024-09-22 08:00:00,0.2622,0.2642,0.2616,0.2627,635713.9,1726995599999,167354.19197,1222,285058.0,75028.75578,0,0.52
2024-09-22 09:00:00,0.2626,0.263,0.2593,0.2606,594961.2,1726999199999,155328.42309,1303,258882.0,67604.34575,0,0.52
2024-09-22 10:00:00,0.2605,0.2607,0.2578,0.2579,923216.8,1727002799999,239157.65955,1426,393969.6,102082.18338,0,0.52
2024-09-22 11:00:00,0.2581,0.2591,0.2569,0.2582,835566.6,1727006399999,215901.2603,1368,515879.7,133316.46715,0,0.52
2024-09-22 12:00:00,0.2583,0.2594,0.2569,0.2583,654866.1,1727009999999,168760.62808,1080,287440.3,74131.89077,0,0.52
2024-09-22 13:00:00,0.2582,0.2601,0.2574,0.2586,565539.6,1727013599999,146392.07822,945,276959.3,71733.54046,0,0.52
2024-09-22 14:00:00,0.2586,0.2604,0.2563,0.2592,1200746.5,1727017199999,310561.45948,1483,510135.8,131954.50342,0,0.52
2024-09-22 15:00:00,0.2591,0.26,0.2578,0.2584,534949.3,1727020799999,138399.01032,700,207755.0,53773.57129,0,0.52
2024-09-22 16:00:00,0.2582,0.261,0.2557,0.2597,1298601.7,1727024399999,335077.65113,1805,559392.3,144248.74504,0,0.52
2024-09-22 17:00:00,0.2596,0.2611,0.2592,0.2596,493581.3,1727027999999,128330.63697,1146,262430.3,68243.86091,0,0.52
2024-09-22 18:00:00,0.2594,0.2597,0.2578,0.258,475109.5,1727031599999,123028.82451,845,245751.9,63649.82488,0,0.52
2024-09-22 19:00:00,0.258,0.259,0.2558,0.2586,559590.8,1727035199999,144110.02849,955,210201.2,54104.67247,0,0.52
2024-09-22 20:00:00,0.2586,0.26,0.2578,0.2578,511332.0,1727038799999,132377.48478,777,287348.3,74399.64639,0,0.52
2024-09-22 21:00:00,0.2579,0.2587,0.2537,0.2539,875305.9,1727042399999,224205.38393,1015,434609.1,111339.00963,0,0.52
2024-09-22 22:00:00,0.2539,0.2591,0.2505,0.2587,1786006.4,1727045999999,452071.88341,2520,921582.4,233442.6743,0,0.52
2024-09-22 23:00:00,0.2589,0.2594,0.2572,0.2587,360755.0,1727049599999,93090.27278,579,169779.6,43821.2248,0,0.52
2024-09-23 00:00:00,0.2587,0.2601,0.2528,0.2585,499365.9,1727053199999,128268.63439,1264,263805.1,67712.73436,0,0.5
2024-09-23 01:00:00,0.2585,0.26,0.2583,0.2591,434038.7,1727056799999,112478.68408,938,209793.8,54399.5334,0,0.5
2024-09-23 02:00:00,0.259,0.2599,0.2569,0.2599,424723.5,1727060399999,109858.50323,799,215382.2,55728.75441,0,0.5
2024-09-23 03:00:00,0.2599,0.2631,0.2598,0.2605,715965.1,1727063999999,187248.59984,1502,408966.8,106958.8672,0,0.5
2024-09-23 04:00:00,0.2606,0.2608,0.2581,0.259,520406.0,1727067599999,135026.45343,1435,189896.3,49267.27171,0,0.5
2024-09-23 05:00:00,0.259,0.2637,0.2579,0.2629,842874.7,1727071199999,220415.28646,1791,448199.0,117163.47863,0,0.5
2024-09-23 06:00:00,0.2629,0.2658,0.2615,0.2632,892860.8,1727074799999,234984.88169,2122,501641.4,132049.61578,0,0.5
2024-09-23 07:00:00,0.2631,0.2669,0.2604,0.2628,987809.8,1727078399999,260330.26092,1800,451753.9,119222.4825,0,0.5
2024-09-23 08:00:00,0.2626,0.2639,0.2593,0.2604,832651.4,1727081999999,217564.79878,1406,349350.1,91284.02481,0,0.5
2024-09-23 09:00:00,0.2601,0.2662,0.2601,0.2655,1291084.5,1727085599999,339750.46385,1619,541952.3,142907.53582,0,0.5
2024-09-23 10:00:00,0.2652,0.2661,0.2638,0.2639,630796.5,1727089199999,166721.28603,670,204263.8,54045.95278,0,0.5
2024-09-23 11:00:00,0.2638,0.2644,0.2607,0.2607,1052511.3,1727092799999,277094.34464,1127,254522.5,66924.24779,0,0.5
2024-09-23 12:00:00,0.2607,0.2623,0.2599,0.2611,293668.3,1727096399999,76620.23834,704,161951.4,42282.8051,0,0.5
2024-09-23 13:00:00,0.2611,0.2633,0.2605,0.2629,395695.2,1727099999999,103519.84812,818,201879.8,52831.52862,0,0.5
2024-09-23 14:00:00,0.2631,0.2666,0.2623,0.2638,582536.4,1727103599999,153887.72033,1398,251712.3,66508.59934,0,0.5
2024-09-23 15:00:00,0.2636,0.264,0.2615,0.2627,470927.2,1727107199999,123861.81118,868,195890.2,51515.48932,0,0.5
2024-09-23 16:00:00,0.2627,0.2639,0.2603,0.262,681563.2,1727110799999,178380.54718,994,284001.4,74362.98129,0,0.5
2024-09-23 17:00:00,0.2619,0.2667,0.2617,0.2654,332151.0,1727114399999,87914.65185,870,166666.5,44113.54093,0,0.5
2024-09-23 18:00:00,0.2655,0.2664,0.2643,0.2655,297899.5,1727117999999,79116.969,718,152143.7,40429.6627,0,0.5
2024-09-23 19:00:00,0.2656,0.2669,0.2648,0.2657,303204.3,1727121599999,80645.44201,591,168782.8,44906.1245,0,0.5
2024-09-23 20:00:00,0.2657,0.2659,0.2639,0.2641,236365.4,1727125199999,62613.40185,580,116601.5,30902.33367,0,0.5
2024-09-23 21:00:00,0.2641,0.2655,0.2633,0.2644,468291.7,1727128799999,123839.7393,832,202539.3,53606.23396,0,0.5
2024-09-23 22:00:00,0.2644,0.2666,0.2639,0.2643,378588.9,1727132399999,100485.74092,669,190395.9,50523.73712,0,0.5
2024-09-23 23:00:00,0.2641,0.2656,0.2638,0.2644,302518.5,1727135999999,80059.78214,627,146308.7,38725.43648,0,0.5
2024-09-24 00:00:00,0.2646,0.2659,0.2615,0.2621,819233.1,1727139599999,216055.15351,1869,386274.9,101898.18365,0,0.54
2024-09-24 01:00:00,0.2621,0.2632,0.2589,0.2605,660937.6,1727143199999,172201.80949,2101,236122.8,61555.6539,0,0.54
2024-09-24 02:00:00,0.2605,0.2625,0.2593,0.2619,476107.2,1727146799999,124132.59279,1590,173181.0,45188.49372,0,0.54
2024-09-24 03:00:00,0.262,0.2637,0.2616,0.2631,148377.0,1727150399999,38994.63044,506,77733.8,20432.3525,0,0.54
2024-09-24 04:00:00,0.2633,0.2648,0.2624,0.2624,294032.4,1727153999999,77573.86927,795,114161.4,30133.48508,0,0.54
2024-09-24 05:00:00,0.2625,0.2694,0.2621,0.2683,1769791.7,1727157599999,471914.07722,4843,1063118.8,283768.30915,0,0.54
2024-09-24 06:00:00,0.2682,0.2703,0.2667,0.2692,2057804.5,1727161199999,552854.74717,6005,1045952.3,281160.54293,0,0.54
2024-09-24 07:00:00,0.2692,0.2744,0.2688,0.2713,1269061.7,1727164799999,344829.46259,3484,609467.4,165608.63992,0,0.54
2024-09-24 08:00:00,0.2715,0.2728,0.2695,0.2702,951174.4,1727168399999,257573.47983,2244,405161.2,109802.83592,0,0.54
2024-09-24 09:00:00,0.27,0.2711,0.268,0.2683,899042.6,1727171999999,242036.4494,2007,356024.9,95929.91599,0,0.54
2024-09-24 10:00:00,0.2683,0.2727,0.2676,0.2699,682596.4,1727175599999,184725.15916,1403,386322.4,104528.41881,0,0.54
2024-09-24 11:00:00,0.2697,0.2709,0.2684,0.2701,568162.6,1727179199999,153095.59277,1078,225695.5,60886.73992,0,0.54
2024-09-24 12:00:00,0.2702,0.2704,0.269,0.2695,344132.0,1727182799999,92819.91258,727,139502.3,37627.22272,0,0.54
2024-09-24 13:00:00,0.2695,0.2715,0.2693,0.2696,425791.6,1727186399999,115136.42767,803,236402.0,63940.77259,0,0.54
2024-09-24 14:00:00,0.2693,0.2701,0.2608,0.264,3723677.8,1727189999999,989363.61713,5164,1610118.1,428453.1058,0,0.54
2024-09-24 15:00:00,0.2639,0.2654,0.2625,0.2641,357637.6,1727193599999,94450.03035,728,210008.5,55509.18061,0,0.54
2024-09-24 16:00:00,0.2642,0.2666,0.2635,0.2643,834505.3,1727197199999,221016.99356,1086,434302.2,115184.41189,0,0.54
2024-09-24 17:00:00,0.2643,0.2682,0.2643,0.2671,540250.9,1727200799999,144072.15412,1168,296008.4,78964.39282,0,0.54
2024-09-24 18:00:00,0.2672,0.2675,0.2652,0.2654,236895.2,1727204399999,62989.58515,564,86540.3,23027.21518,0,0.54
2024-09-24 19:00:00,0.2655,0.2683,0.2653,0.2678,452838.9,1727207999999,120844.68236,725,263290.7,70289.29035,0,0.54
2024-09-24 20:00:00,0.2679,0.2686,0.2661,0.2665,500414.6,1727211599999,133715.78978,747,268322.6,71700.41481,0,0.54
2024-09-24 21:00:00,0.2666,0.2683,0.2665,0.2678,233840.6,1727215199999,62541.01165,413,126985.7,33969.96221,0,0.54
2024-09-24 22:00:00,0.268,0.2723,0.268,0.2715,418913.5,1727218799999,112963.92286,891,261953.1,70664.27674,0,0.54
2024-09-24 23:00:00,0.2717,0.2728,0.2704,0.2721,255086.9,1727222399999,69195.4915,699,156445.1,42451.4732,0,0.54
2024-09-25 00:00:00,0.272,0.2723,0.2683,0.2695,420502.2,1727225999999,113549.05446,1206,161845.0,43679.40214,0,0.59
2024-09-25 01:00:00,0.2694,0.2707,0.2678,0.2687,714160.6,1727229599999,192085.8254,1548,340543.5,91610.81012,0,0.59
2024-09-25 02:00:00,0.2687,0.2705,0.2677,0.2679,548323.6,1727233199999,147510.88686,1509,238830.5,64259.79222,0,0.59
2024-09-25 03:00:00,0.2679,0.2689,0.2673,0.2689,356385.3,1727236799999,95569.9671,932,187159.8,50217.42,0,0.59
2024-09-25 04:00:00,0.2688,0.2693,0.2649,0.265,592623.9,1727240399999,157961.46466,1203,216026.9,57598.70198,0,0.59
2024-09-25 05:00:00,0.2649,0.2753,0.2648,0.2703,2889941.0,1727243999999,787349.68627,7772,1802660.5,491133.43733,0,0.59
2024-09-25 06:00:00,0.2702,0.2704,0.2656,0.2666,836581.9,1727247599999,223530.07258,1873,371363.3,99202.33166,0,0.59
2024-09-25 07:00:00,0.2665,0.2674,0.2642,0.2669,433074.2,1727251199999,115198.4976,976,180368.4,48008.61933,0,0.59
2024-09-25 08:00:00,0.2666,0.2684,0.2662,0.2676,268463.2,1727254799999,71730.26972,993,85342.5,22820.86277,0,0.59
2024-09-25 09:00:00,0.2675,0.2687,0.2663,0.2669,268759.3,1727258399999,71833.5562,689,101082.3,27037.06807,0,0.59
2024-09-25 10:00:00,0.2669,0.268,0.2658,0.2666,340233.3,1727261999999,90864.576,765,146441.6,39125.56832,0,0.59
2024-09-25 11:00:00,0.2666,0.2672,0.2656,0.2662,302550.6,1727265599999,80610.69387,673,124969.6,33324.37326,0,0.59
2024-09-25 12:00:00,0.2663,0.2669,0.2632,0.2637,698369.0,1727269199999,184978.40231,1537,291049.2,77123.71382,0,0.59
2024-09-25 13:00:00,0.2636,0.266,0.2633,0.2659,345757.4,1727272799999,91405.22525,944,168891.2,44654.06651,0,0.59
2024-09-25 14:00:00,0.2662,0.2677,0.2655,0.2672,477563.4,1727276399999,127448.95297,1147,246948.9,65917.07258,0,0.59
2024-09-25 15:00:00,0.2672,0.2679,0.2635,0.2636,406981.8,1727279999999,108171.623,921,163623.7,43505.8327,0,0.59
2024-09-25 16:00:00,0.2636,0.2646,0.262,0.2632,679410.7,1727283599999,178930.54475,1357,237925.7,62716.44351,0,0.59
2024-09-25 17:00:00,0.2633,0.265,0.2607,0.262,932198.8,1727287199999,245186.40055,1464,519681.2,136707.06224,0,0.59
2024-09-25 18:00:00,0.262,0.2642,0.2616,0.2637,288545.9,1727290799999,75882.90292,746,177504.1,46709.1578,0,0.59
2024-09-25 19:00:00,0.2637,0.2648,0.2625,0.2625,152985.5,1727294399999,40361.34958,380,50391.2,13295.75065,0,0.59
2024-09-25 20:00:00,0.2626,0.2643,0.2626,0.2643,182026.3,1727297999999,47932.77349,441,108110.6,28463.31095,0,0.59
2024-09-25 21:00:00,0.2638,0.2644,0.2627,0.2628,219975.7,1727301599999,57951.14505,459,89566.9,23599.02566,0,0.59
2024-09-25 22:00:00,0.2627,0.2628,0.2609,0.2622,171377.8,1727305199999,44924.50092,386,110676.0,29022.85025,0,0.59
2024-09-25 23:00:00,0.2622,0.2622,0.2594,0.2606,499488.7,1727308799999,130187.07047,766,249345.7,65064.07472,0,0.59
2024-09-26 00:00:00,0.2606,0.2665,0.2563,0.2574,1638657.0,1727312399999,428631.13874,3444,870135.5,227963.50055,0,0.5
2024-09-26 01:00:00,0.2575,0.2606,0.2569,0.2605,666987.2,1727315999999,172229.69034,1110,344324.0,88877.73622,0,0.5
2024-09-26 02:00:00,0.2607,0.2621,0.2607,0.2611,175123.1,1727319599999,45788.07953,433,85181.7,22265.28658,0,0.5
2024-09-26 03:00:00,0.261,0.2623,0.2608,0.2622,226892.4,1727323199999,59414.64918,426,120854.3,31654.88071,0,0.5
2024-09-26 04:00:00,0.2622,0.2623,0.2608,0.2608,84852.4,1727326799999,22189.69065,213,42607.5,11144.89344,0,0.5
2024-09-26 05:00:00,0.261,0.2644,0.2609,0.2644,282169.2,1727330399999,74300.19298,653,163755.0,43132.39757,0,0.5
2024-09-26 06:00:00,0.2642,0.2649,0.2633,0.2637,415722.7,1727333999999,109773.65021,974,195067.9,51522.45205,0,0.5
2024-09-26 07:00:00,0.2638,0.2654,0.2632,0.2651,277633.1,1727337599999,73329.12427,712,121310.8,32064.45384,0,0.5
2024-09-26 08:00:00,0.2651,0.2653,0.263,0.263,139955.8,1727341199999,36969.19021,461,54747.5,14468.917,0,0.5
2024-09-26 09:00:00,0.2632,0.2645,0.2625,0.2635,219052.5,1727344799999,57693.77544,488,105176.9,27694.71139,0,0.5
2024-09-26 10:00:00,0.2635,0.2671,0.2634,0.2668,427509.3,1727348399999,113741.41608,948,248293.7,66065.79678,0,0.5
2024-09-26 11:00:00,0.2668,0.2669,0.2656,0.2659,147248.2,1727351999999,39220.98528,358,75436.7,20102.39175,0,0.5
2024-09-26 12:00:00,0.2661,0.2665,0.2644,0.2657,396757.3,1727355599999,105304.22121,1093,146533.7,38913.57006,0,0.5
2024-09-26 13:00:00,0.2657,0.2671,0.2642,0.2657,465935.7,1727359199999,123829.1503,856,261056.0,69412.36713,0,0.5
2024-09-26 14:00:00,0.2659,0.2686,0.2652,0.2661,759849.9,1727362799999,203112.13083,1298,447861.3,119775.01658,0,0.5
2024-09-26 15:00:00,0.2656,0.2695,0.2654,0.2673,473084.3,1727366399999,126672.38682,1174,210670.7,56391.97113,0,0.5
2024-09-26 16:00:00,0.2673,0.2697,0.2666,0.2683,513540.9,1727369999999,138002.41516,988,270037.6,72607.967,0,0.5
2024-09-26 17:00:00,0.2683,0.2692,0.265,0.2657,944264.2,1727373599999,252596.09897,1655,334309.6,89466.9904,0,0.5
2024-09-26 18:00:00,0.2658,0.2675,0.265,0.2674,495254.8,1727377199999,131777.7295,1162,233628.5,62225.01655,0,0.5
2024-09-26 19:00:00,0.2672,0.2677,0.2657,0.266,155687.5,1727380799999,41542.56145,385,87158.9,23272.25264,0,0.5
2024-09-26 20:00:00,0.2656,0.2668,0.2635,0.2638,401707.6,1727384399999,106396.29402,858,261205.5,69189.93043,0,0.5
2024-09-26 21:00:00,0.2634,0.2661,0.2634,0.266,308555.9,1727387999999,81740.29704,694,177396.9,47029.46695,0,0.5
2024-09-26 22:00:00,0.266,0.2674,0.266,0.2667,211269.8,1727391599999,56345.74999,797,133495.5,35603.45382,0,0.5
2024-09-26 23:00:00,0.2667,0.2667,0.2636,0.266,330190.7,1727395199999,87607.35864,680,130007.9,34470.65119,0,0.5
2024-09-27 00:00:00,0.2659,0.2666,0.2648,0.2656,414118.8,1727398799999,109928.77937,805,202897.7,53860.23764,0,0.61
2024-09-27 01:00:00,0.2656,0.2664,0.263,0.264,313130.0,1727402399999,82832.19941,576,123091.9,32583.63441,0,0.61
2024-09-27 02:00:00,0.2643,0.2652,0.2637,0.2639,156513.6,1727405999999,41367.79373,363,94173.6,24887.75466,0,0.61
2024-09-27 03:00:00,0.2636,0.2668,0.2631,0.2668,155037.2,1727409599999,41036.51321,325,112237.6,29729.88076,0,0.61
2024-09-27 04:00:00,0.2667,0.2686,0.2662,0.2678,244624.9,1727413199999,65444.44539,557,129464.0,34646.98894,0,0.61
2024-09-27 05:00:00,0.2678,0.2693,0.267,0.2691,393911.7,1727416799999,105734.37757,563,265347.7,71265.09094,0,0.61
2024-09-27 06:00:00,0.2692,0.2715,0.269,0.2696,610036.0,1727420399999,164923.82825,1234,221703.2,59965.11357,0,0.61
2024-09-27 07:00:00,0.2698,0.2698,0.2679,0.269,528586.1,1727423999999,141984.76275,897,237139.9,63744.94965,0,0.61
2024-09-27 08:00:00,0.269,0.2721,0.269,0.2706,887202.6,1727427599999,240428.73654,1303,388547.4,105293.43791,0,0.61
2024-09-27 09:00:00,0.2704,0.2712,0.2675,0.2676,464013.8,1727431199999,124919.25235,830,190393.1,51306.28987,0,0.61
2024-09-27 10:00:00,0.2677,0.2679,0.2647,0.266,417954.3,1727434799999,111249.84986,929,181649.5,48374.92982,0,0.61
2024-09-27 11:00:00,0.2662,0.2675,0.2659,0.2674,201614.5,1727438399999,53822.85646,458,84337.4,22512.20938,0,0.61
2024-09-27 12:00:00,0.2676,0.2703,0.2671,0.2698,435768.1,1727441999999,117177.94166,689,263239.1,70751.72329,0,0.61
2024-09-27 13:00:00,0.2696,0.2701,0.2658,0.2678,755196.2,1727445599999,202135.92314,1082,318398.6,85285.73168,0,0.61
2024-09-27 14:00:00,0.2678,0.2709,0.2677,0.2699,655632.8,1727449199999,176850.03406,1280,301534.9,81364.98049,0,0.61
2024-09-27 15:00:00,0.2696,0.2717,0.2694,0.2697,365453.6,1727452799999,98965.92434,808,205044.5,55535.28759,0,0.61
2024-09-27 16:00:00,0.2697,0.2725,0.2693,0.2721,567066.3,1727456399999,153715.80983,1235,291584.8,79072.79205,0,0.61
2024-09-27 17:00:00,0.272,0.2722,0.2691,0.2709,684397.1,1727459999999,185198.11915,1590,270256.5,73136.51095,0,0.61
2024-09-27 18:00:00,0.271,0.2711,0.2696,0.2709,359242.5,1727463599999,97138.09341,732,158427.8,42841.58425,0,0.61
2024-09-27 19:00:00,0.271,0.2716,0.2688,0.2688,186882.0,1727467199999,50525.60271,377,87546.7,23678.17295,0,0.61
2024-09-27 20:00:00,0.2687,0.2708,0.2683,0.2702,185204.6,1727470799999,49881.98109,353,109364.2,29456.41137,0,0.61
2024-09-27 21:00:00,0.2705,0.2714,0.2697,0.27,196810.7,1727474399999,53242.30057,361,92160.1,24942.7639,0,0.61
2024-09-27 22:00:00,0.27,0.2709,0.2696,0.2707,227513.5,1727477999999,61454.3833,335,193824.5,52347.07028,0,0.61
2024-09-27 23:00:00,0.2706,0.2713,0.2705,0.271,152167.7,1727481599999,41232.04756,280,74848.8,20288.02923,0,0.61
2024-09-28 00:00:00,0.2711,0.272,0.27,0.2705,297877.2,1727485199999,80687.67374,845,148562.4,40228.19087,0,0.64
2024-09-28 01:00:00,0.2705,0.2709,0.2694,0.2708,165686.8,1727488799999,44778.09441,558,45247.9,12228.03155,0,0.64
2024-09-28 02:00:00,0.2708,0.2741,0.2708,0.273,557956.0,1727492399999,152195.57993,895,299212.0,81555.21405,0,0.64
2024-09-28 03:00:00,0.2729,0.2735,0.2707,0.2714,250922.6,1727495999999,68289.68726,632,100937.7,27448.53206,0,0.64
2024-09-28 04:00:00,0.2718,0.2719,0.2692,0.2695,258592.5,1727499599999,69865.76956,557,134325.7,36295.90925,0,0.64
2024-09-28 05:00:00,0.2696,0.2698,0.2668,0.267,395866.0,1727503199999,106106.64319,773,162515.8,43593.32671,0,0.64
2024-09-28 06:00:00,0.267,0.2677,0.2648,0.2668,448232.5,1727506799999,119353.88494,802,209117.1,55713.26888,0,0.64
2024-09-28 07:00:00,0.2667,0.2707,0.2667,0.2677,675398.7,1727510399999,181751.91198,1152,303814.0,81754.31155,0,0.64
2024-09-28 08:00:00,0.2678,0.2678,0.2647,0.2652,375317.4,1727513999999,99763.95298,834,154602.2,41103.37921,0,0.64
2024-09-28 09:00:00,0.2653,0.2677,0.2614,0.2676,555307.3,1727517599999,146933.89863,1301,258162.3,68333.66202,0,0.64
2024-09-28 10:00:00,0.2676,0.2687,0.2663,0.268,311400.4,1727521199999,83291.97158,522,211099.9,56462.67788,0,0.64
2024-09-28 11:00:00,0.2682,0.269,0.2672,0.2689,130800.4,1727524799999,35059.90148,346,76504.2,20514.97706,0,0.64
2024-09-28 12:00:00,0.2689,0.27,0.2666,0.2675,639112.6,1727528399999,171439.46887,924,270962.4,72730.75531,0,0.64
2024-09-28 13:00:00,0.2673,0.2685,0.265,0.2676,241766.8,1727531999999,64455.63616,487,123884.5,33050.6142,0,0.64
2024-09-28 14:00:00,0.2675,0.2715,0.2674,0.27,354180.9,1727535599999,95525.2975,773,215916.7,58232.50141,0,0.64
2024-09-28 15:00:00,0.27,0.2717,0.2698,0.2701,200453.9,1727539199999,54248.03113,482,98020.1,26533.79525,0,0.64
2024-09-28 16:00:00,0.2702,0.2743,0.2689,0.2694,754481.7,1727542799999,205616.13851,1412,429256.2,117101.5392,0,0.64
2024-09-28 17:00:00,0.2693,0.2731,0.2692,0.2711,262530.9,1727546399999,71223.69055,498,94635.7,25689.84665,0,0.64
2024-09-28 18:00:00,0.2711,0.273,0.271,0.2723,153775.5,1727549999999,41872.78368,369,93640.7,25498.69951,0,0.64
2024-09-28 19:00:00,0.2723,0.2745,0.2723,0.2737,346767.7,1727553599999,94890.12595,634,180424.3,49397.40695,0,0.64
2024-09-28 20:00:00,0.2738,0.275,0.2714,0.2717,296958.1,1727557199999,81328.97199,737,122002.7,33426.15006,0,0.64
2024-09-28 21:00:00,0.2714,0.2718,0.2683,0.2704,488135.2,1727560799999,131786.45469,1041,217398.2,58698.33584,0,0.64
2024-09-28 22:00:00,0.2704,0.2709,0.2691,0.2704,98518.4,1727564399999,26620.99742,253,52843.6,14273.99452,0,0.64
2024-09-28 23:00:00,0.2702,0.2719,0.2684,0.2717,158285.2,1727567999999,42697.62259,373,78770.2,21249.57056,0,0.64
2024-09-29 00:00:00,0.2715,0.2718,0.266,0.2668,320775.4,1727571599999,86121.26988,628,110741.6,29766.11986,0,0.63
2024-09-29 01:00:00,0.2666,0.268,0.266,0.2678,133523.0,1727575199999,35641.68157,369,75257.7,20084.00966,0,0.63
2024-09-29 02:00:00,0.2678,0.2694,0.2671,0.2683,224441.2,1727578799999,60194.49131,484,94283.4,25297.98436,0,0.63
2024-09-29 03:00:00,0.2682,0.2702,0.2678,0.2696,180382.3,1727582399999,48594.66512,445,90408.2,24361.50282,0,0.63
2024-09-29 04:00:00,0.2698,0.27,0.2671,0.268,209347.9,1727585999999,56229.73127,671,95474.2,25636.37487,0,0.63
2024-09-29 05:00:00,0.2678,0.2693,0.2672,0.268,167309.9,1727589599999,44855.42364,362,92835.6,24889.78776,0,0.63
2024-09-29 06:00:00,0.2679,0.2688,0.266,0.2674,308244.0,1727593199999,82321.04316,702,140838.3,37627.29638,0,0.63
2024-09-29 07:00:00,0.2674,0.2704,0.2645,0.2655,794461.3,1727596799999,212455.61441,1957,445727.6,119323.05853,0,0.63
2024-09-29 08:00:00,0.2654,0.2691,0.2654,0.2676,507978.3,1727600399999,135913.61465,940,300468.1,80410.90668,0,0.63
2024-09-29 09:00:00,0.2674,0.2734,0.2673,0.273,1491619.6,1727603999999,405058.23549,3031,854498.5,232002.44455,0,0.63
2024-09-29 10:00:00,0.2729,0.2751,0.2704,0.2743,1018551.4,1727607599999,278328.03077,2948,699358.4,191098.72312,0,0.63
2024-09-29 11:00:00,0.2743,0.2829,0.2735,0.2787,3624726.8,1727611199999,1010462.51007,8027,1928593.6,538147.05187,0,0.63
2024-09-29 12:00:00,0.2785,0.2788,0.2738,0.2741,2014305.0,1727614799999,556377.68627,3345,885132.1,244664.69495,0,0.63
2024-09-29 13:00:00,0.2741,0.2843,0.2723,0.2798,2875528.5,1727618399999,804204.63975,8439,1567307.0,438593.8397,0,0.63
2024-09-29 14:00:00,0.2796,0.283,0.278,0.279,1050310.7,1727621999999,294266.37422,2397,462696.9,129692.23319,0,0.63
2024-09-29 15:00:00,0.2789,0.2823,0.2775,0.2796,1273270.5,1727625599999,356163.79214,2448,458596.8,128354.21977,0,0.63
2024-09-29 16:00:00,0.2795,0.2829,0.2774,0.2787,814079.4,1727629199999,227830.8547,2080,325298.9,91182.959,0,0.63
2024-09-29 17:00:00,0.2787,0.2801,0.2772,0.2791,904492.3,1727632799999,251926.23729,1525,394758.1,110037.78662,0,0.63
2024-09-29 18:00:00,0.2788,0.2803,0.2768,0.2776,450920.2,1727636399999,125285.97863,812,134544.7,37387.6789,0,0.63
2024-09-29 19:00:00,0.2773,0.2787,0.2763,0.2785,307652.3,1727639999999,85385.03522,609,171523.5,47591.2631,0,0.63
2024-09-29 20:00:00,0.2785,0.2796,0.2762,0.2767,470520.5,1727643599999,130640.4861,805,122208.7,33949.36094,0,0.63
2024-09-29 21:00:00,0.2771,0.2788,0.2765,0.2787,281696.2,1727647199999,78300.05781,506,173452.4,48251.68039,0,0.63
2024-09-29 22:00:00,0.2784,0.279,0.2759,0.276,479849.2,1727650799999,132903.92336,912,159256.8,44138.22135,0,0.63
2024-09-29 23:00:00,0.276,0.2771,0.2746,0.2765,233495.6,1727654399999,64365.46499,415,118110.6,32552.01312,0,0.63
2024-09-30 00:00:00,0.2767,0.2772,0.2697,0.2747,868479.6,1727657999999,236883.56181,1708,323087.2,88315.7994,0,0.61
2024-09-30 01:00:00,0.2744,0.2753,0.2676,0.2679,436309.5,1727661599999,118015.19626,823,174977.8,47361.8944,0,0.61
2024-09-30 02:00:00,0.2679,0.2694,0.2667,0.2674,299383.9,1727665199999,80241.66669,547,123059.0,33003.29649,0,0.61
2024-09-30 03:00:00,0.2673,0.2699,0.2653,0.2688,303430.0,1727668799999,81237.06222,782,138653.8,37126.56774,0,0.61
2024-09-30 04:00:00,0.2687,0.2688,0.2663,0.2675,204944.9,1727672399999,54842.58753,695,48328.4,12932.35327,0,0.61
2024-09-30 05:00:00,0.2675,0.2701,0.267,0.2701,219681.1,1727675999999,59080.17954,529,127443.7,34287.92441,0,0.61
2024-09-30 06:00:00,0.2701,0.2718,0.2686,0.2687,397401.0,1727679599999,107395.69249,799,150315.1,40647.72596,0,0.61
2024-09-30 07:00:00,0.2685,0.2704,0.2683,0.27,307362.3,1727683199999,82899.87569,743,120100.5,32397.19756,0,0.61
2024-09-30 08:00:00,0.27,0.2714,0.2669,0.269,394114.6,1727686799999,106009.21417,953,238874.2,64231.623,0,0.61
2024-09-30 09:00:00,0.2688,0.2689,0.2619,0.2619,665083.2,1727690399999,176244.00346,1341,213805.9,56672.28705,0,0.61
2024-09-30 10:00:00,0.2619,0.2629,0.2593,0.2618,478899.4,1727693999999,125107.91444,1121,209418.8,54737.86426,0,0.61
2024-09-30 11:00:00,0.2618,0.2644,0.2605,0.2637,302887.7,1727697599999,79665.06472,696,171610.3,45121.15364,0,0.61
2024-09-30 12:00:00,0.2638,0.2649,0.2625,0.2639,265111.8,1727701199999,69824.06746,659,117149.4,30861.60737,0,0.61
2024-09-30 13:00:00,0.2639,0.265,0.262,0.2621,231442.8,1727704799999,60965.60464,555,95455.7,25176.77662,0,0.61
2024-09-30 14:00:00,0.262,0.2621,0.2588,0.2606,392378.5,1727708399999,102121.90779,1057,203413.4,52918.33881,0,0.61
2024-09-30 15:00:00,0.2602,0.2606,0.2557,0.2558,664316.4,1727711999999,171530.56006,1589,370806.5,95720.58145,0,0.61
2024-09-30 16:00:00,0.2559,0.2584,0.2551,0.2567,324862.6,1727715599999,83440.49613,839,165276.1,42438.77882,0,0.61
2024-09-30 17:00:00,0.2565,0.2579,0.2561,0.2569,269451.2,1727719199999,69185.98499,600,124273.2,31906.99479,0,0.61
2024-09-30 18:00:00,0.257,0.2572,0.2546,0.2567,333131.0,1727722799999,85176.91172,776,159596.0,40810.85871,0,0.61
2024-09-30 19:00:00,0.2565,0.2568,0.2557,0.2564,188783.3,1727726399999,48347.64426,404,71168.0,18235.35127,0,0.61
2024-09-30 20:00:00,0.2564,0.2579,0.2563,0.2577,143428.5,1727729999999,36853.68712,353,76869.0,19747.43927,0,0.61
2024-09-30 21:00:00,0.2577,0.2582,0.2559,0.2567,219058.3,1727733599999,56375.93978,547,98426.7,25325.52354,0,0.61
2024-09-30 22:00:00,0.2564,0.2564,0.2546,0.2548,267872.2,1727737199999,68438.32974,789,115553.0,29514.39501,0,0.61
2024-09-30 23:00:00,0.2547,0.2556,0.2501,0.2536,808069.6,1727740799999,204279.44815,1894,457677.4,115772.82796,0,0.61
2024-10-01 00:00:00,0.2531,0.2565,0.2513,0.2557,690440.9,1727744399999,175121.62254,1508,437045.3,110923.18961,0,0.5
2024-10-01 01:00:00,0.2558,0.2566,0.255,0.2552,206912.1,1727747999999,52937.25767,572,67602.2,17306.70254,0,0.5
2024-10-01 02:00:00,0.2555,0.2566,0.2538,0.2566,375245.9,1727751599999,95674.65832,748,266010.0,67857.1212,0,0.5
2024-10-01 03:00:00,0.2565,0.2593,0.2562,0.2592,279963.4,1727755199999,72358.99663,467,147912.5,38199.73771,0,0.5
2024-10-01 04:00:00,0.2592,0.2601,0.2586,0.2595,351245.9,1727758799999,91124.47741,661,148183.0,38443.30659,0,0.5
2024-10-01 05:00:00,0.2596,0.2597,0.2572,0.2582,308514.7,1727762399999,79677.1495,508,101572.5,26259.9441,0,0.5
2024-10-01 06:00:00,0.2582,0.2604,0.258,0.2599,210255.0,1727765999999,54599.85678,249,153814.4,39961.94169,0,0.5
2024-10-01 07:00:00,0.26,0.2605,0.2589,0.2592,150134.3,1727769599999,38986.9358,322,62917.6,16335.8358,0,0.5
2024-10-01 08:00:00,0.2595,0.2604,0.2588,0.2591,130228.1,1727773199999,33791.74854,188,80820.7,20978.67844,0,0.5
2024-10-01 09:00:00,0.2593,0.26,0.2579,0.2579,217073.1,1727776799999,56135.41347,310,115300.5,29814.83296,0,0.5
2024-10-01 10:00:00,0.2578,0.259,0.2573,0.2588,412687.0,1727780399999,106406.34919,650,121249.2,31271.91211,0,0.5
2024-10-01 11:00:00,0.259,0.2591,0.2578,0.2583,134911.8,1727783999999,34872.60898,396,34637.1,8952.59788,0,0.5
2024-10-01 12:00:00,0.2582,0.2587,0.2554,0.2556,462917.3,1727787599999,118954.42005,1169,144824.3,37212.77651,0,0.5
2024-10-01 13:00:00,0.2557,0.256,0.2449,0.2477,2007131.3,1727791199999,499569.68861,3261,1008974.8,251312.91655,0,0.5
2024-10-01 14:00:00,0.2473,0.2495,0.2394,0.2404,1586962.9,1727794799999,387053.43716,2836,877782.0,213964.1255,0,0.5
2024-10-01 15:00:00,0.2404,0.2421,0.2316,0.2392,2330541.5,1727798399999,552066.06867,4150,1071904.0,253715.95424,0,0.5
2024-10-01 16:00:00,0.2391,0.2401,0.2322,0.236,1784149.8,1727801999999,421240.16585,2970,710139.1,167403.34272,0,0.5
2024-10-01 17:00:00,0.2359,0.2359,0.2217,0.2324,3223693.4,1727805599999,737011.12865,5762,1534466.7,351864.84816,0,0.5
2024-10-01 18:00:00,0.2323,0.2341,0.2294,0.2306,702957.7,1727809199999,162960.33042,1387,318229.9,73817.59467,0,0.5
2024-10-01 19:00:00,0.2305,0.2314,0.2288,0.2293,445602.9,1727812799999,102491.78053,852,202706.8,46661.6153,0,0.5
2024-10-01 20:00:00,0.2293,0.23,0.225,0.2294,1378022.6,1727816399999,313308.73239,2187,415870.1,94572.09527,0,0.5
2024-10-01 21:00:00,0.2293,0.2312,0.2277,0.2309,1199047.9,1727819999999,273900.29493,1960,376573.7,86067.13435,0,0.5
2024-10-01 22:00:00,0.2308,0.231,0.2268,0.2282,733450.9,1727823599999,167703.81381,1955,384978.3,88021.93479,0,0.5
2024-10-01 23:00:00,0.228,0.23,0.2277,0.2295,549879.1,1727827199999,125805.30067,1731,288123.0,65878.56561,0,0.5
2024-10-02 00:00:00,0.2292,0.2327,0.2281,0.2306,266467.5,1727830799999,61436.4193,766,139071.1,32086.8726,0,0.42
2024-10-02 01:00:00,0.2303,0.2329,0.2301,0.2319,326448.1,1727834399999,75626.35284,778,134903.8,31263.12492,0,0.42
2024-10-02 02:00:00,0.2319,0.2328,0.231,0.2323,81703.0,1727837999999,18944.90532,261,47418.0,10996.51533,0,0.42
2024-10-02 03:00:00,0.2322,0.2336,0.2319,0.2334,145242.3,1727841599999,33831.91055,400,93450.4,21764.74014,0,0.42
2024-10-02 04:00:00,0.2335,0.2335,0.2316,0.2316,141018.8,1727845199999,32755.78148,386,35413.3,8226.65338,0,0.42
2024-10-02 05:00:00,0.2318,0.2329,0.231,0.2316,119614.1,1727848799999,27750.32442,347,59542.5,13814.55048,0,0.42
2024-10-02 06:00:00,0.2316,0.235,0.2306,0.2346,227486.4,1727852399999,53107.27166,506,110736.7,25813.19165,0,0.42
2024-10-02 07:00:00,0.2349,0.2355,0.2334,0.2341,242396.6,1727855999999,56778.65821,577,79946.9,18727.91553,0,0.42
2024-10-02 08:00:00,0.234,0.2347,0.2331,0.2338,97153.7,1727859599999,22733.9222,359,51150.9,11970.59609,0,0.42
2024-10-02 09:00:00,0.2339,0.2341,0.2274,0.228,360055.3,1727863199999,82911.15899,882,145897.8,33620.38515,0,0.42
2024-10-02 10:00:00,0.2279,0.2304,0.2267,0.2269,361964.9,1727866799999,82758.74812,1131,118458.0,27091.68276,0,0.42
2024-10-02 11:00:00,0.2269,0.2295,0.225,0.2279,209879.2,1727870399999,47733.53749,831,57410.3,13047.77588,0,0.42
2024-10-02 12:00:00,0.228,0.2288,0.2257,0.2261,154420.7,1727873999999,35094.26095,556,70665.4,16063.3322,0,0.42
2024-10-02 13:00:00,0.2261,0.2287,0.2227,0.2279,634195.0,1727877599999,143151.28682,1407,305629.4,68950.73706,0,0.42
2024-10-02 14:00:00,0.228,0.2295,0.2267,0.2269,276377.1,1727881199999,62997.68405,454,208484.8,47525.44985,0,0.42
2024-10-02 15:00:00,0.2265,0.2294,0.2265,0.228,269808.7,1727884799999,61595.68244,372,89705.5,20470.17828,0,0.42
2024-10-02 16:00:00,0.2277,0.2302,0.2262,0.2262,330464.1,1727888399999,75397.43426,513,216018.7,49322.87378,0,0.42
2024-10-02 17:00:00,0.2261,0.227,0.224,0.2254,394457.2,1727891999999,89025.92657,1085,145678.4,32826.36407,0,0.42
2024-10-02 18:00:00,0.2252,0.2252,0.2184,0.2186,521871.6,1727895599999,115691.79169,1018,205553.3,45524.92036,0,0.42
2024-10-02 19:00:00,0.2187,0.221,0.2162,0.2201,454889.6,1727899199999,99373.93732,943,205183.3,44848.86948,0,0.42
2024-10-02 20:00:00,0.2201,0.2233,0.2188,0.222,198450.9,1727902799999,43803.11498,538,115819.7,25569.20493,0,0.42
2024-10-02 21:00:00,0.2224,0.2232,0.2205,0.2209,200403.2,1727906399999,44378.78733,409,64159.7,14226.94734,0,0.42
2024-10-02 22:00:00,0.221,0.2222,0.2186,0.2222,139090.0,1727909999999,30637.03672,408,43612.5,9605.76698,0,0.42
2024-10-02 23:00:00,0.2222,0.2224,0.221,0.2212,67375.3,1727913599999,14945.55175,220,44818.4,9942.10852,0,0.42
2024-10-03 00:00:00,0.2213,0.2238,0.2196,0.2226,288172.5,1727917199999,63977.93215,896,97713.9,21736.00443,0,0.37
2024-10-03 01:00:00,0.2224,0.2253,0.2224,0.2249,170192.9,1727920799999,38178.52498,482,103212.9,23135.45716,0,0.37
2024-10-03 02:00:00,0.2245,0.2285,0.2244,0.2267,1068171.0,1727924399999,242915.23731,2642,730998.7,166315.00526,0,0.37
2024-10-03 03:00:00,0.2265,0.2303,0.2258,0.23,235299.3,1727927999999,53629.89115,503,147033.5,33521.75884,0,0.37
2024-10-03 04:00:00,0.23,0.2343,0.2283,0.2303,9999048.5,1727931599999,2312437.6559,18805,5637219.3,1304143.28062,0,0.37
2024-10-03 05:00:00,0.23,0.2318,0.2287,0.2299,1890209.3,1727935199999,434876.68931,3320,1136712.7,261620.72486,0,0.37
2024-10-03 06:00:00,0.2298,0.2305,0.2252,0.2279,627980.5,1727938799999,142732.64668,1191,259308.4,59014.39539,0,0.37
2024-10-03 07:00:00,0.2279,0.2294,0.2255,0.2257,347277.6,1727942399999,78876.07777,804,168033.5,38155.64545,0,0.37
2024-10-03 08:00:00,0.2257,0.2274,0.2228,0.2241,1064476.6,1727945999999,239227.04839,2049,547120.5,123131.47815,0,0.37
2024-10-03 09:00:00,0.2239,0.2287,0.2213,0.2284,1592385.7,1727949599999,360835.02816,3556,984336.4,223344.51059,0,0.37
2024-10-03 10:00:00,0.2282,0.2393,0.2275,0.2385,2197763.6,1727953199999,511491.29417,4573,1162175.9,270894.91779,0,0.37
2024-10-03 11:00:00,0.2386,0.2409,0.2323,0.2347,3063670.8,1727956799999,725788.04094,6726,1428300.4,338871.57537,0,0.37
2024-10-03 12:00:00,0.2344,0.2376,0.2315,0.235,1297941.4,1727960399999,304049.51606,2489,647608.2,152075.4141,0,0.37
2024-10-03 13:00:00,0.2351,0.2353,0.2278,0.2293,1097230.7,1727963999999,254117.50654,2001,380959.4,88173.51305,0,0.37
2024-10-03 14:00:00,0.2296,0.2323,0.225,0.2252,1400273.3,1727967599999,319299.04409,2147,802908.2,182895.58951,0,0.37
2024-10-03 15:00:00,0.2252,0.2269,0.2226,0.2261,646895.8,1727971199999,145143.22765,1286,360276.1,80801.33447,0,0.37
2024-10-03 16:00:00,0.2262,0.2282,0.2233,0.2244,623998.4,1727974799999,140630.57544,1256,330081.5,74440.50893,0,0.37
2024-10-03 17:00:00,0.2246,0.229,0.2226,0.2287,447072.2,1727978399999,101337.6222,1042,258120.8,58529.42117,0,0.37
2024-10-03 18:00:00,0.2287,0.2309,0.2275,0.2296,431000.8,1727981999999,98825.3999,863,261813.7,60053.77427,0,0.37
2024-10-03 19:00:00,0.2293,0.2319,0.2278,0.2313,283581.4,1727985599999,65298.68311,744,165615.7,38163.59392,0,0.37
2024-10-03 20:00:00,0.2315,0.2331,0.2299,0.23,819681.1,1727989199999,189645.09035,1672,406670.9,94204.44967,0,0.37
2024-10-03 21:00:00,0.23,0.2312,0.2284,0.2309,143386.1,1727992799999,33035.10803,408,71917.9,16575.39337,0,0.37
2024-10-03 22:00:00,0.2307,0.232,0.2295,0.2314,218482.2,1727996399999,50361.44895,491,88526.0,20422.48825,0,0.37
2024-10-03 23:00:00,0.2314,0.2329,0.2299,0.2312,339789.3,1727999999999,78681.78082,592,136191.3,31522.18919,0,0.37
2024-10-04 00:00:00,0.231,0.231,0.2257,0.2258,728372.9,1728003599999,166132.30452,1413,333205.0,76005.07582,0,0.41
2024-10-04 01:00:00,0.2258,0.2315,0.2254,0.2302,559772.0,1728007199999,128063.73113,1203,249160.0,57071.03343,0,0.41
2024-10-04 02:00:00,0.2303,0.231,0.2285,0.229,179005.7,1728010799999,41121.2899,512,105261.6,24187.28309,0,0.41
2024-10-04 03:00:00,0.2292,0.2298,0.2265,0.227,345577.4,1728014399999,78775.82491,1009,133826.6,30563.18823,0,0.41
2024-10-04 04:00:00,0.227,0.23,0.2269,0.2275,199216.3,1728017999999,45437.55805,354,85295.1,19438.29879,0,0.41
2024-10-04 05:00:00,0.2274,0.2292,0.2272,0.2281,113427.7,1728021599999,25881.6042,292,57079.5,13024.6216,0,0.41
2024-10-04 06:00:00,0.2282,0.2297,0.2272,0.2274,220777.8,1728025199999,50402.45834,341,82487.5,18862.78399,0,0.41
2024-10-04 07:00:00,0.2275,0.2299,0.2272,0.2293,170760.3,1728028799999,39036.44848,362,100502.8,22997.17255,0,0.41
2024-10-04 08:00:00,0.2291,0.232,0.2288,0.2289,388835.8,1728032399999,89577.47431,744,188483.9,43484.37586,0,0.41
2024-10-04 09:00:00,0.2289,0.2309,0.2286,0.229,252413.5,1728035999999,57979.90272,527,143430.5,32956.67083,0,0.41
2024-10-04 10:00:00,0.2287,0.2295,0.2276,0.2278,217545.6,1728039599999,49777.32723,465,122664.8,28073.69273,0,0.41
2024-10-04 11:00:00,0.2278,0.2305,0.2276,0.23,226483.6,1728043199999,51830.49752,317,156905.7,35911.39751,0,0.41
2024-10-04 12:00:00,0.23,0.2326,0.2281,0.2325,959018.8,1728046799999,221068.76494,1328,521680.2,120239.76516,0,0.41
2024-10-04 13:00:00,0.2325,0.2338,0.2306,0.232,468616.0,1728050399999,108843.45398,789,231362.3,53756.86253,0,0.41
2024-10-04 14:00:00,0.232,0.2322,0.2283,0.2313,340723.1,1728053999999,78522.2629,743,151208.4,34848.118,0,0.41
2024-10-04 15:00:00,0.2314,0.2353,0.2314,0.235,573178.5,1728057599999,133873.04552,883,273935.7,64053.8103,0,0.41
2024-10-04 16:00:00,0.2351,0.2358,0.233,0.2353,243037.1,1728061199999,56988.64033,421,108060.7,25348.91997,0,0.41
2024-10-04 17:00:00,0.2353,0.2358,0.2343,0.2353,110097.2,1728064799999,25866.80171,230,47832.0,11244.73151,0,0.41
2024-10-04 18:00:00,0.2353,0.2367,0.235,0.2363,114725.9,1728068399999,27071.44668,260,71372.5,16840.38457,0,0.41
2024-10-04 19:00:00,0.2363,0.2375,0.2363,0.2372,126399.9,1728071999999,29966.9244,262,74783.0,17728.99763,0,0.41
2024-10-04 20:00:00,0.2372,0.2372,0.2358,0.2365,113530.3,1728075599999,26841.57435,244,66662.3,15761.77655,0,0.41
2024-10-04 21:00:00,0.2366,0.2375,0.2354,0.236,285364.8,1728079199999,67471.14129,354,144465.2,34195.33698,0,0.41
2024-10-04 22:00:00,0.2361,0.2406,0.236,0.2393,399831.0,1728082799999,95413.37984,727,245580.1,58589.80051,0,0.41
2024-10-04 23:00:00,0.2393,0.2424,0.2381,0.2422,350231.2,1728086399999,83946.01815,623,192468.2,46191.25463,0,0.41
2024-10-05 00:00:00,0.2422,0.2428,0.2386,0.2409,291263.1,1728089999999,70076.98406,605,147804.1,35522.87292,0,0.49
2024-10-05 01:00:00,0.2409,0.2417,0.238,0.2396,379771.8,1728093599999,90922.62057,698,229061.5,54823.23177,0,0.49
2024-10-05 02:00:00,0.2396,0.2398,0.2363,0.2368,332251.6,1728097199999,79173.14259,634,170904.2,40760.69725,0,0.49
2024-10-05 03:00:00,0.2369,0.2372,0.2357,0.2357,159614.3,1728100799999,37775.66958,340,56559.6,13383.7489,0,0.49
2024-10-05 04:00:00,0.2358,0.2375,0.2351,0.2365,216166.9,1728104399999,50949.82257,422,77679.0,18331.74519,0,0.49
2024-10-05 05:00:00,0.2366,0.2393,0.2366,0.2387,97658.4,1728107999999,23274.99814,140,71088.5,16942.95603,0,0.49
2024-10-05 06:00:00,0.2389,0.2401,0.2381,0.2396,174072.0,1728111599999,41650.87847,299,96899.4,23190.34867,0,0.49
2024-10-05 07:00:00,0.2397,0.2438,0.2397,0.2401,538356.0,1728115199999,130223.67115,1003,262513.7,63480.52257,0,0.49
2024-10-05 08:00:00,0.2402,0.2414,0.24,0.2403,470477.2,1728118799999,113316.70026,433,115213.7,27724.32507,0,0.49
2024-10-05 09:00:00,0.2404,0.2438,0.2398,0.2418,494112.8,1728122399999,119688.89948,829,291979.0,70729.18851,0,0.49
2024-10-05 10:00:00,0.2418,0.242,0.24,0.2403,124322.1,1728125999999,29959.51803,326,39957.3,9633.01267,0,0.49
2024-10-05 11:00:00,0.2402,0.2409,0.2397,0.2402,66738.6,1728129599999,16038.10075,191,21412.2,5147.89567,0,0.49
2024-10-05 12:00:00,0.2402,0.2409,0.2396,0.2401,109899.0,1728133199999,26391.81376,260,57619.0,13847.16488,0,0.49
2024-10-05 13:00:00,0.2401,0.2401,0.2373,0.2375,139966.0,1728136799999,33421.338,315,51808.4,12373.66928,0,0.49
2024-10-05 14:00:00,0.2373,0.2386,0.2367,0.238,104017.0,1728140399999,24709.46184,235,64958.4,15438.75293,0,0.49
2024-10-05 15:00:00,0.2381,0.2382,0.2368,0.2374,130713.3,1728143999999,31024.42428,252,96037.4,22798.30929,0,0.49
2024-10-05 16:00:00,0.2373,0.2374,0.2354,0.2358,87035.0,1728147599999,20565.07128,252,38259.1,9042.71884,0,0.49
2024-10-05 17:00:00,0.2357,0.2368,0.2357,0.2365,93507.6,1728151199999,22096.34445,247,41542.5,9818.2058,0,0.49
2024-10-05 18:00:00,0.2366,0.237,0.234,0.2345,218640.9,1728154799999,51429.43184,460,47424.3,11168.66879,0,0.49
2024-10-05 19:00:00,0.2345,0.2347,0.2337,0.2343,105173.8,1728158399999,24648.41353,242,44038.3,10317.39156,0,0.49
2024-10-05 20:00:00,0.2342,0.2345,0.2327,0.2329,242250.1,1728161999999,56574.27809,480,57956.9,13541.69169,0,0.49
2024-10-05 21:00:00,0.2329,0.2352,0.2326,0.2344,131360.9,1728165599999,30782.28661,247,61160.5,14326.63661,0,0.49
2024-10-05 22:00:00,0.2345,0.2365,0.2345,0.2362,78239.3,1728169199999,18442.12357,227,28346.5,6679.25566,0,0.49
2024-10-05 23:00:00,0.2362,0.2368,0.2361,0.2365,67768.4,1728172799999,16024.3044,200,34952.8,8265.47219,0,0.49
2024-10-06 00:00:00,0.2366,0.2373,0.2341,0.2349,289244.2,1728176399999,68006.12506,834,92264.0,21737.33026,0,0.5
2024-10-06 01:00:00,0.235,0.2377,0.235,0.237,127402.1,1728179999999,30155.19254,362,62037.8,14696.95557,0,0.5
2024-10-06 02:00:00,0.2373,0.2374,0.236,0.2361,63859.6,1728183599999,15116.39089,240,24008.5,5680.86983,0,0.5
2024-10-06 03:00:00,0.2364,0.2364,0.2334,0.2335,188544.1,1728187199999,44312.09584,520,64096.4,15067.4185,0,0.5
2024-10-06 04:00:00,0.2334,0.2346,0.2323,0.2331,284327.6,1728190799999,66305.89335,781,114966.7,26813.73366,0,0.5
2024-10-06 05:00:00,0.2331,0.235,0.233,0.2345,130219.1,1728194399999,30473.91175,333,83212.9,19474.57807,0,0.5
2024-10-06 06:00:00,0.2344,0.2357,0.2344,0.2347,114210.9,1728197999999,26883.08787,238,74956.0,17646.49076,0,0.5
2024-10-06 07:00:00,0.2348,0.2359,0.2348,0.2353,58466.2,1728201599999,13763.6678,201,12406.5,2921.55524,0,0.5
2024-10-06 08:00:00,0.2354,0.2366,0.2346,0.2354,137336.2,1728205199999,32347.98057,415,72445.0,17057.76413,0,0.5
2024-10-06 09:00:00,0.2354,0.2374,0.2351,0.237,71409.0,1728208799999,16859.13437,238,41403.9,9780.2276,0,0.5
2024-10-06 10:00:00,0.2371,0.2375,0.236,0.2367,96003.1,1728212399999,22725.23939,182,57055.2,13512.05859,0,0.5
2024-10-06 11:00:00,0.2369,0.2396,0.2366,0.2393,167355.8,1728215999999,39902.98684,374,86373.4,20604.47806,0,0.5
2024-10-06 12:00:00,0.2394,0.241,0.2394,0.2408,348276.8,1728219599999,83714.89839,725,149976.2,36042.48781,0,0.5
2024-10-06 13:00:00,0.2408,0.2413,0.2395,0.2398,431073.0,1728223199999,103630.38563,827,234995.9,56503.93993,0,0.5
2024-10-06 14:00:00,0.2397,0.242,0.239,0.2415,306084.7,1728226799999,73687.34198,507,86641.7,20864.42235,0,0.5
2024-10-06 15:00:00,0.2415,0.2417,0.2395,0.2406,142921.3,1728230399999,34371.8413,336,63866.4,15362.80642,0,0.5
2024-10-06 16:00:00,0.2406,0.2415,0.2396,0.2397,118248.2,1728233999999,28433.55157,327,32373.8,7787.41135,0,0.5
2024-10-06 17:00:00,0.2397,0.2404,0.2393,0.2395,127117.6,1728237599999,30489.90585,334,71310.4,17110.82647,0,0.5
2024-10-06 18:00:00,0.2396,0.2405,0.2395,0.2402,43247.5,1728241199999,10377.06629,180,20290.1,4869.90066,0,0.5
2024-10-06 19:00:00,0.2403,0.2417,0.2397,0.2403,171214.6,1728244799999,41148.71242,201,83688.3,20128.64863,0,0.5
2024-10-06 20:00:00,0.2402,0.2415,0.2402,0.241,32374.3,1728248399999,7801.16161,92,10964.6,2641.97615,0,0.5
2024-10-06 21:00:00,0.2411,0.2421,0.2392,0.2393,157509.4,1728251999999,37919.60404,223,55265.0,13293.80544,0,0.5
2024-10-06 22:00:00,0.2393,0.2408,0.2393,0.2408,54860.3,1728255599999,13169.03941,150,26676.1,6406.36801,0,0.5
2024-10-06 23:00:00,0.2408,0.243,0.2408,0.242,102976.9,1728259199999,24912.03403,237,44020.5,10652.26303,0,0.5
2024-10-07 00:00:00,0.2421,0.2445,0.2404,0.2443,212344.5,1728262799999,51367.10349,584,77156.0,18696.57833,0,0.5
2024-10-07 01:00:00,0.2444,0.2473,0.2444,0.2471,260129.7,1728266399999,63784.12834,587,133610.5,32748.53839,0,0.5
2024-10-07 02:00:00,0.2472,0.2477,0.2456,0.2458,134573.1,1728269999999,33174.07541,392,60123.3,14821.30934,0,0.5
2024-10-07 03:00:00,0.246,0.2463,0.2438,0.2453,254070.1,1728273599999,62246.08997,699,73350.1,17975.02794,0,0.5
2024-10-07 04:00:00,0.2455,0.2463,0.2438,0.2449,131376.1,1728277199999,32181.30266,308,26261.8,6443.51321,0,0.5
2024-10-07 05:00:00,0.2447,0.2461,0.2439,0.244,210067.0,1728280799999,51424.0877,607,96503.5,23653.44824,0,0.5
2024-10-07 06:00:00,0.2441,0.2467,0.2441,0.2466,189688.0,1728284399999,46570.02833,531,103188.0,25352.11144,0,0.5
2024-10-07 07:00:00,0.2465,0.2465,0.2451,0.2455,195822.5,1728287999999,48137.42867,493,48395.9,11898.37467,0,0.5
2024-10-07 08:00:00,0.2456,0.2463,0.245,0.2451,234332.0,1728291599999,57591.74218,638,89489.0,21995.44195,0,0.5
2024-10-07 09:00:00,0.245,0.2451,0.2398,0.2414,517556.5,1728295199999,125423.78841,1320,195162.6,47230.30554,0,0.5
2024-10-07 10:00:00,0.2412,0.2412,0.2383,0.2399,392300.1,1728298799999,94128.43522,873,167374.0,40158.2353,0,0.5
2024-10-07 11:00:00,0.2398,0.2405,0.2372,0.2405,384119.8,1728302399999,91767.89342,775,177429.3,42395.36218,0,0.5
2024-10-07 12:00:00,0.2404,0.2404,0.2375,0.2377,149268.6,1728305999999,35602.31665,422,48846.5,11646.53281,0,0.5
2024-10-07 13:00:00,0.2377,0.2404,0.2375,0.2394,300450.7,1728309599999,71715.22119,736,148883.5,35533.14215,0,0.5
2024-10-07 14:00:00,0.2393,0.2445,0.2393,0.2414,693227.0,1728313199999,168052.57496,1506,285132.8,69128.80065,0,0.5
2024-10-07 15:00:00,0.2413,0.2427,0.2397,0.2416,331485.3,1728316799999,79993.1273,743,249861.4,60295.25834,0,0.5
2024-10-07 16:00:00,0.2415,0.2431,0.2404,0.2428,189760.8,1728320399999,45904.18676,502,102466.0,24791.99072,0,0.5
2024-10-07 17:00:00,0.2428,0.2436,0.242,0.2433,233778.6,1728323999999,56748.15263,363,50183.6,12183.80557,0,0.5
2024-10-07 18:00:00,0.2436,0.2436,0.2376,0.238,324270.0,1728327599999,77811.88001,656,99345.8,23886.22822,0,0.5
2024-10-07 19:00:00,0.2381,0.2412,0.2381,0.2409,133277.6,1728331199999,31996.29826,303,81908.5,19668.05628,0,0.5
2024-10-07 20:00:00,0.2411,0.2415,0.2387,0.239,104821.5,1728334799999,25189.79495,293,36450.8,8769.54072,0,0.5
2024-10-07 21:00:00,0.2386,0.2409,0.2386,0.2404,117452.6,1728338399999,28198.56012,345,36793.4,8835.54316,0,0.5
2024-10-07 22:00:00,0.2403,0.2405,0.237,0.2375,249401.1,1728341999999,59578.95562,448,87851.8,20986.18767,0,0.5
2024-10-07 23:00:00,0.2372,0.2385,0.2351,0.2352,359486.0,1728345599999,85143.39132,708,150747.5,35722.40048,0,0.5
2024-10-08 00:00:00,0.2351,0.2368,0.2334,0.2368,407528.1,1728349199999,95855.7873,1092,105269.8,24770.15543,0,0.49
2024-10-08 01:00:00,0.2365,0.2375,0.2348,0.2368,231032.0,1728352799999,54543.12395,779,97342.3,22983.87819,0,0.49
2024-10-08 02:00:00,0.2367,0.2377,0.2355,0.2377,144357.0,1728356399999,34163.55941,519,75183.7,17777.52121,0,0.49
2024-10-08 03:00:00,0.2378,0.2381,0.2365,0.2371,77726.3,1728359999999,18429.7164,231,43823.4,10393.71398,0,0.49
2024-10-08 04:00:00,0.2371,0.238,0.2357,0.2365,193861.6,1728363599999,45928.69397,345,97887.3,23181.98247,0,0.49
2024-10-08 05:00:00,0.2367,0.2367,0.2317,0.233,391532.3,1728367199999,91453.19419,894,189437.2,44243.98711,0,0.49
2024-10-08 06:00:00,0.2332,0.2336,0.2311,0.2332,399949.4,1728370799999,92885.55219,922,168695.8,39171.64369,0,0.49
2024-10-08 07:00:00,0.2328,0.2331,0.2293,0.2314,349922.9,1728374399999,80729.10467,802,192656.0,44464.29916,0,0.49
2024-10-08 08:00:00,0.231,0.2324,0.23,0.2312,288213.8,1728377999999,66659.46612,780,159067.3,36794.28362,0,0.49
2024-10-08 09:00:00,0.2312,0.2327,0.2304,0.2323,183520.6,1728381599999,42446.11965,416,109619.9,25351.68671,0,0.49
2024-10-08 10:00:00,0.2324,0.2326,0.231,0.2323,188442.6,1728385199999,43659.31706,389,28734.6,6660.34682,0,0.49
2024-10-08 11:00:00,0.2321,0.2334,0.2321,0.233,102611.7,1728388799999,23911.97928,256,69173.8,16126.47571,0,0.49
2024-10-08 12:00:00,0.2329,0.2329,0.2304,0.2304,105124.2,1728392399999,24373.26553,369,47446.9,10999.60285,0,0.49
2024-10-08 13:00:00,0.2308,0.2334,0.2298,0.2334,370776.3,1728395999999,86011.22385,793,154733.4,35887.73513,0,0.49
2024-10-08 14:00:00,0.2335,0.2345,0.2306,0.2336,277488.3,1728399599999,64611.47991,735,119140.3,27747.38617,0,0.49
2024-10-08 15:00:00,0.2337,0.2339,0.229,0.2312,253026.9,1728403199999,58463.36084,674,74886.8,17324.5187,0,0.49
2024-10-08 16:00:00,0.2311,0.2329,0.2297,0.2322,186078.5,1728406799999,42975.39265,543,113833.8,26284.0153,0,0.49
2024-10-08 17:00:00,0.2323,0.2326,0.23,0.2312,131055.5,1728410399999,30270.53975,352,67118.1,15516.53727,0,0.49
2024-10-08 18:00:00,0.2311,0.2325,0.2304,0.2315,84094.9,1728413999999,19474.90627,354,31121.8,7210.2327,0,0.49
2024-10-08 19:00:00,0.2314,0.2325,0.23,0.2318,96423.5,1728417599999,22328.07748,300,61014.6,14140.51714,0,0.49
2024-10-08 20:00:00,0.232,0.2334,0.2316,0.233,86709.9,1728421199999,20172.93162,174,39879.8,9284.69365,0,0.49
2024-10-08 21:00:00,0.2331,0.2344,0.2331,0.234,201924.0,1728424799999,47190.64174,352,109848.1,25669.28896,0,0.49
2024-10-08 22:00:00,0.2336,0.2339,0.2323,0.2324,117931.2,1728428399999,27499.17981,343,37034.2,8623.85816,0,0.49
2024-10-08 23:00:00,0.2324,0.2331,0.2315,0.2329,78425.7,1728431999999,18201.99164,280,42725.0,9911.45022,0,0.49
2024-10-09 00:00:00,0.2329,0.2341,0.2319,0.2331,105838.8,1728435599999,24683.0541,330,55381.8,12910.05086,0,0.49
2024-10-09 01:00:00,0.2331,0.2364,0.2331,0.2359,128783.3,1728439199999,30295.58896,482,51893.3,12210.7277,0,0.49
2024-10-09 02:00:00,0.2353,0.2357,0.2345,0.2346,53209.3,1728442799999,12505.78331,206,25965.9,6104.51182,0,0.49
2024-10-09 03:00:00,0.2342,0.2354,0.2331,0.2348,105936.5,1728446399999,24832.70863,371,47954.3,11254.79332,0,0.49
2024-10-09 04:00:00,0.2347,0.2354,0.2339,0.234,137809.3,1728449999999,32347.86226,316,78622.6,18440.84915,0,0.49
2024-10-09 05:00:00,0.234,0.2364,0.234,0.2362,70034.4,1728453599999,16473.94997,223,27554.4,6480.54387,0,0.49
2024-10-09 06:00:00,0.236,0.2365,0.2352,0.2352,48250.2,1728457199999,11385.48289,151,14320.3,3380.42315,0,0.49
2024-10-09 07:00:00,0.2353,0.2354,0.234,0.2349,103682.7,1728460799999,24338.14909,272,31030.5,7282.42833,0,0.49
2024-10-09 08:00:00,0.2347,0.235,0.2334,0.2338,87135.5,1728464399999,20387.04524,276,36825.7,8618.95422,0,0.49
2024-10-09 09:00:00,0.2336,0.2352,0.2336,0.2344,205719.7,1728467999999,48245.05991,348,108768.9,25505.09429,0,0.49
2024-10-09 10:00:00,0.2344,0.2349,0.2332,0.234,103787.4,1728471599999,24275.40683,200,41722.4,9774.48037,0,0.49
2024-10-09 11:00:00,0.2339,0.235,0.2337,0.2349,150052.6,1728475199999,35157.7684,256,75848.2,17772.43401,0,0.49
2024-10-09 12:00:00,0.2347,0.2351,0.2311,0.2322,281393.0,1728478799999,65475.34085,530,66175.9,15388.21001,0,0.49
2024-10-09 13:00:00,0.2322,0.2325,0.2302,0.2304,194198.9,1728482399999,44893.87858,519,69464.6,16061.1256,0,0.49
2024-10-09 14:00:00,0.2306,0.2306,0.2277,0.2281,283320.0,1728485999999,65004.80149,571,112829.4,25897.04709,0,0.49
2024-10-09 15:00:00,0.2285,0.2314,0.2285,0.2307,449493.7,1728489599999,103674.45361,654,114729.1,26407.70952,0,0.49
2024-10-09 16:00:00,0.2304,0.2307,0.227,0.2279,206507.8,1728493199999,47167.79331,521,101308.8,23153.80868,0,0.49
2024-10-09 17:00:00,0.2276,0.2288,0.227,0.2283,123288.0,1728496799999,28095.19186,274,84936.0,19347.37093,0,0.49
2024-10-09 18:00:00,0.2284,0.2288,0.2266,0.227,113760.9,1728500399999,25861.84924,304,65069.9,14797.58786,0,0.49
2024-10-09 19:00:00,0.2271,0.2278,0.226,0.2271,116676.7,1728503999999,26465.52288,325,56772.9,12879.85387,0,0.49
2024-10-09 20:00:00,0.227,0.2271,0.2239,0.2246,412649.6,1728507599999,93259.20576,705,146339.1,33066.71322,0,0.49
2024-10-09 21:00:00,0.2243,0.2267,0.2239,0.2267,177067.5,1728511199999,39914.44688,383,103572.6,23346.08008,0,0.49
2024-10-09 22:00:00,0.2266,0.2267,0.2257,0.2265,192443.6,1728514799999,43576.30441,284,51003.7,11536.41462,0,0.49
2024-10-09 23:00:00,0.2266,0.2274,0.2264,0.2267,73540.4,1728518399999,16686.26599,158,50122.0,11373.37611,0,0.49
2024-10-10 00:00:00,0.2266,0.227,0.2245,0.2255,270481.1,1728521999999,61057.61469,506,152617.1,34482.89824,0,0.39
2024-10-10 01:00:00,0.2256,0.2276,0.2256,0.2274,47705.5,1728525599999,10828.17544,208,14870.5,3374.69025,0,0.39
2024-10-10 02:00:00,0.2274,0.2281,0.2274,0.2275,127049.5,1728529199999,28937.58743,268,48305.1,11003.43564,0,0.39
2024-10-10 03:00:00,0.2274,0.2285,0.2274,0.2278,18099.3,1728532799999,4121.56139,49,13605.7,3097.4733,0,0.39
2024-10-10 04:00:00,0.2277,0.2282,0.2273,0.2276,41674.7,1728536399999,9498.80229,69,36400.1,8297.65694,0,0.39
2024-10-10 05:00:00,0.2277,0.2286,0.2269,0.2279,56597.2,1728539999999,12885.55553,146,25676.7,5847.79029,0,0.39
2024-10-10 06:00:00,0.2281,0.2284,0.2275,0.2278,33373.3,1728543599999,7605.34157,125,8854.8,2018.67309,0,0.39
2024-10-10 07:00:00,0.2279,0.2279,0.2265,0.2266,31059.5,1728547199999,7060.49009,109,15983.9,3632.92014,0,0.39
2024-10-10 08:00:00,0.2265,0.2271,0.2241,0.2242,228592.3,1728550799999,51531.17241,416,90900.9,20521.2332,0,0.39
2024-10-10 09:00:00,0.2241,0.2245,0.2219,0.2237,178463.6,1728554399999,39894.10144,556,49472.9,11058.4381,0,0.39
2024-10-10 10:00:00,0.2236,0.2251,0.2236,0.2248,172257.9,1728557999999,38675.42954,524,54041.4,12142.19476,0,0.39
2024-10-10 11:00:00,0.2248,0.2258,0.2247,0.2256,57480.4,1728561599999,12944.57589,175,27799.1,6262.38625,0,0.39
2024-10-10 12:00:00,0.2258,0.2262,0.2225,0.2237,303636.0,1728565199999,68028.00146,841,171816.1,38542.6353,0,0.39
2024-10-10 13:00:00,0.2237,0.2247,0.2207,0.2226,247789.9,1728568799999,55200.92176,510,82352.3,18340.8543,0,0.39
2024-10-10 14:00:00,0.2221,0.2229,0.2205,0.2221,101374.1,1728572399999,22490.5036,347,74579.7,16550.1318,0,0.39
2024-10-10 15:00:00,0.2221,0.2233,0.221,0.2232,70373.7,1728575999999,15623.7946,229,43333.3,9619.93663,0,0.39
2024-10-10 16:00:00,0.2233,0.2244,0.2209,0.221,70204.5,1728579599999,15624.49063,279,27280.7,6078.29335,0,0.39
2024-10-10 17:00:00,0.221,0.2215,0.2172,0.218,196590.4,1728583199999,43103.03882,535,55918.6,12259.71961,0,0.39
2024-10-10 18:00:00,0.2178,0.22,0.2168,0.2198,299517.2,1728586799999,65280.9796,727,152244.7,33183.35459,0,0.39
2024-10-10 19:00:00,0.2198,0.2206,0.2191,0.2205,63841.6,1728590399999,14027.59268,163,24532.0,5395.72645,0,0.39
2024-10-10 20:00:00,0.2203,0.2216,0.22,0.2207,95885.7,1728593999999,21152.66939,250,32459.9,7158.90218,0,0.39
2024-10-10 21:00:00,0.2206,0.2228,0.2204,0.2228,180438.3,1728597599999,39979.69223,303,136196.1,30178.09343,0,0.39
2024-10-10 22:00:00,0.2227,0.2233,0.2219,0.2226,70164.1,1728601199999,15631.63847,169,40777.1,9086.28272,0,0.39
2024-10-10 23:00:00,0.2226,0.2244,0.2226,0.2243,164621.2,1728604799999,36804.3477,322,29354.8,6567.65172,0,0.39
2024-10-11 00:00:00,0.2243,0.2295,0.2239,0.2292,523171.6,1728608399999,118626.32661,1145,347758.5,78907.89481,0,0.32
2024-10-11 01:00:00,0.2291,0.2326,0.2252,0.2316,1346029.5,1728611999999,308154.86056,3459,841519.2,192772.7981,0,0.32
2024-10-11 02:00:00,0.2317,0.2347,0.23,0.2338,1402712.3,1728615599999,326939.95994,3440,764802.9,178374.13855,0,0.32
2024-10-11 03:00:00,0.234,0.2387,0.2328,0.2363,933073.6,1728619199999,220301.75553,2337,516115.1,121821.80003,0,0.32
2024-10-11 04:00:00,0.2361,0.2524,0.2354,0.2475,7079942.0,1728622799999,1722866.62872,20049,4212957.8,1023982.90847,0,0.32
2024-10-11 05:00:00,0.2475,0.325,0.2445,0.2809,32883560.4,1728626399999,9303947.61851,63317,16080774.0,4550888.8738,0,0.32
2024-10-11 06:00:00,0.2806,0.2953,0.2715,0.2938,12119751.9,1728629999999,3400301.15621,26909,6219240.5,1746816.85228,0,0.32
2024-10-11 07:00:00,0.2939,0.3065,0.2831,0.2916,14623329.8,1728633599999,4249068.90088,27301,7208679.2,2094075.96913,0,0.32
2024-10-11 08:00:00,0.2917,0.3005,0.2835,0.2926,10867253.6,1728637199999,3161885.50356,18145,5531262.5,1609559.85352,0,0.32
2024-10-11 09:00:00,0.2927,0.2994,0.2825,0.2837,10985304.7,1728640799999,3186580.26732,17330,5238301.2,1519377.82677,0,0.32
2024-10-11 10:00:00,0.2837,0.2839,0.2771,0.2806,10279497.2,1728644399999,2882829.18031,15176,5162434.2,1448104.43872,0,0.32
2024-10-11 11:00:00,0.2807,0.2832,0.2791,0.2803,3844399.2,1728647999999,1081589.72626,5558,1748774.1,492125.6193,0,0.32
2024-10-11 12:00:00,0.2803,0.2823,0.2718,0.2801,5534676.9,1728651599999,1539035.18629,8769,2658194.8,739130.92555,0,0.32
2024-10-11 13:00:00,0.28,0.2824,0.2727,0.2764,4197967.7,1728655199999,1163826.1589,6533,2053931.6,569453.43144,0,0.32
2024-10-11 14:00:00,0.2763,0.2765,0.264,0.266,4900811.4,1728658799999,1320060.83856,9315,2341436.3,630736.58604,0,0.32
2024-10-11 15:00:00,0.2663,0.2799,0.2653,0.2721,5788938.4,1728662399999,1587069.75131,9580,3007951.9,824832.20371,0,0.32
2024-10-11 16:00:00,0.272,0.2759,0.269,0.2737,3876112.2,1728665999999,1053444.58106,6850,2175563.0,591705.34983,0,0.32
2024-10-11 17:00:00,0.2737,0.2775,0.2713,0.2744,1757831.0,1728669599999,482905.85697,3253,803540.3,220637.39553,0,0.32
2024-10-11 18:00:00,0.2744,0.2875,0.2743,0.2825,5876348.8,1728673199999,1660738.65836,10108,3036786.9,857512.46291,0,0.32
2024-10-11 19:00:00,0.2825,0.2856,0.2787,0.2844,2894196.1,1728676799999,814827.91921,4581,1501702.8,423226.85717,0,0.32
2024-10-11 20:00:00,0.2844,0.2855,0.2804,0.2836,2338748.3,1728680399999,661907.209,3937,1164326.7,329711.80238,0,0.32
2024-10-11 21:00:00,0.2837,0.2846,0.2813,0.2824,1531933.5,1728683999999,433496.82061,2502,715177.5,202414.536,0,0.32
2024-10-11 22:00:00,0.2824,0.2828,0.2763,0.2784,1737675.8,1728687599999,484488.0732,3151,785933.7,219176.44692,0,0.32
2024-10-11 23:00:00,0.2784,0.2799,0.2757,0.279,1682967.0,1728691199999,468367.78473,2891,966431.1,268995.02009,0,0.32
2024-10-12 00:00:00,0.2787,0.2864,0.2762,0.2802,6218818.7,1728694799999,1751420.66675,11629,2958625.1,833174.08534,0,0.49
2024-10-12 01:00:00,0.2802,0.2825,0.2777,0.2811,2094599.6,1728698399999,586856.85349,3896,1089189.2,305264.70349,0,0.49
2024-10-12 02:00:00,0.2809,0.2854,0.2794,0.2814,2215927.7,1728701999999,624609.09821,3835,1141070.0,321642.8133,0,0.49
2024-10-12 03:00:00,0.2813,0.2815,0.2727,0.2739,1931388.0,1728705599999,534569.82942,3131,797764.7,221028.96546,0,0.49
2024-10-12 04:00:00,0.2739,0.2865,0.2736,0.2849,2635792.5,1728709199999,736812.0797,4722,1416842.6,396283.2315,0,0.49
2024-10-12 05:00:00,0.2849,0.3114,0.2843,0.3009,13258370.0,1728712799999,3962866.19043,21541,6941086.5,2077025.51193,0,0.49
2024-10-12 06:00:00,0.3007,0.3034,0.2922,0.2933,5614762.9,1728716399999,1664927.87299,8595,2653529.0,786946.96128,0,0.49
2024-10-12 07:00:00,0.2929,0.2938,0.2861,0.2892,4055366.8,1728719999999,1172181.52623,5876,1885054.7,544780.95499,0,0.49
2024-10-12 08:00:00,0.2891,0.2992,0.2859,0.2953,2619438.2,1728723599999,768721.23774,4400,1325735.1,389087.13884,0,0.49
2024-10-12 09:00:00,0.2951,0.2958,0.286,0.2882,1412005.0,1728727199999,409517.49573,2710,656856.4,190463.61781,0,0.49
2024-10-12 10:00:00,0.2882,0.2905,0.2837,0.2849,1429540.7,1728730799999,409903.67024,2891,661300.8,189810.70441,0,0.49
2024-10-12 11:00:00,0.2849,0.2872,0.2828,0.2845,1008691.6,1728734399999,287262.15334,1706,403110.1,114843.06376,0,0.49
2024-10-12 12:00:00,0.2845,0.2867,0.284,0.2858,891615.8,1728737999999,254565.72824,1964,473770.3,135304.28112,0,0.49
2024-10-12 13:00:00,0.2857,0.2863,0.2813,0.2827,643596.5,1728741599999,182681.04394,1455,234976.3,66688.03951,0,0.49
2024-10-12 14:00:00,0.2828,0.2864,0.2812,0.286,852213.7,1728745199999,241990.41597,1945,523735.1,148766.35388,0,0.49
2024-10-12 15:00:00,0.2859,0.2878,0.284,0.2852,977713.6,1728748799999,279556.54108,2290,494348.4,141461.74547,0,0.49
2024-10-12 16:00:00,0.2849,0.285,0.2817,0.2831,642053.7,1728752399999,181884.00065,1089,185351.8,52540.61085,0,0.49
2024-10-12 17:00:00,0.283,0.2853,0.2826,0.2846,322785.3,1728755999999,91736.26033,540,101934.8,28982.40098,0,0.49
2024-10-12 18:00:00,0.2848,0.2862,0.2822,0.2844,441989.2,1728759599999,125821.25045,867,185273.0,52778.51376,0,0.49
2024-10-12 19:00:00,0.2843,0.2845,0.2827,0.2835,233447.3,1728763199999,66152.11945,460,131843.6,37353.80555,0,0.49
2024-10-12 20:00:00,0.2833,0.2855,0.2821,0.2826,222944.5,1728766799999,63269.20066,646,118898.8,33759.77661,0,0.49
2024-10-12 21:00:00,0.2826,0.285,0.2824,0.2843,212831.3,1728770399999,60322.60264,504,109950.3,31159.64269,0,0.49
2024-10-12 22:00:00,0.2843,0.2877,0.2836,0.2873,615456.3,1728773999999,176008.71554,1521,401605.6,114902.08228,0,0.49
2024-10-12 23:00:00,0.2875,0.2882,0.2851,0.2866,816534.8,1728777599999,234203.84653,1754,373183.3,107061.744,0,0.49
2024-10-13 00:00:00,0.2865,0.2935,0.2844,0.2897,2341057.0,1728781199999,677627.90578,4228,988553.1,285924.04027,0,0.5
2024-10-13 01:00:00,0.2897,0.2919,0.2843,0.2899,1398161.2,1728784799999,402649.59199,2496,553517.7,159369.41545,0,0.5
2024-10-13 02:00:00,0.2903,0.2907,0.2838,0.2851,938470.2,1728788399999,268383.04717,1547,464531.6,132814.57178,0,0.5
2024-10-13 03:00:00,0.2851,0.2855,0.2783,0.2812,1267011.8,1728791999999,356356.12094,2218,587409.4,165365.34531,0,0.5
2024-10-13 04:00:00,0.2814,0.2852,0.2809,0.2837,586415.6,1728795599999,165789.09109,987,382924.9,108306.08935,0,0.5
2024-10-13 05:00:00,0.2836,0.288,0.2834,0.2856,872305.6,1728799199999,249486.86948,1650,399167.5,114100.85848,0,0.5
2024-10-13 06:00:00,0.2855,0.2872,0.2825,0.2851,830869.1,1728802799999,236394.74058,1668,394315.8,112305.32251,0,0.5
2024-10-13 07:00:00,0.2853,0.2862,0.2834,0.2862,546519.4,1728806399999,155591.87121,1347,221025.3,62948.68086,0,0.5
2024-10-13 08:00:00,0.2859,0.2864,0.2836,0.2837,670824.8,1728809999999,191113.30118,1639,327715.0,93412.74611,0,0.5
2024-10-13 09:00:00,0.2836,0.2857,0.2835,0.2843,263849.8,1728813599999,75158.10888,556,115952.5,33038.70168,0,0.5
2024-10-13 10:00:00,0.284,0.284,0.278,0.2784,648465.9,1728817199999,182019.06769,1204,288594.1,81076.08035,0,0.5
2024-10-13 11:00:00,0.2784,0.2798,0.2762,0.2765,525988.4,1728820799999,146227.4363,975,302475.0,84143.25694,0,0.5
2024-10-13 12:00:00,0.2765,0.2783,0.2736,0.2743,645845.7,1728824399999,178277.21099,1293,231308.0,63848.49254,0,0.5
2024-10-13 13:00:00,0.2745,0.2775,0.274,0.2769,276729.0,1728827999999,76347.02129,582,156357.1,43125.52714,0,0.5
2024-10-13 14:00:00,0.2769,0.277,0.2707,0.2715,357158.5,1728831599999,97617.48684,754,135334.2,36991.83201,0,0.5
2024-10-13 15:00:00,0.2714,0.2719,0.2681,0.2692,520136.5,1728835199999,140465.61285,935,248373.4,67041.14466,0,0.5
2024-10-13 16:00:00,0.2689,0.2716,0.2685,0.2706,429928.1,1728838799999,116086.36359,919,214618.8,57966.54343,0,0.5
2024-10-13 17:00:00,0.2705,0.2721,0.2689,0.2696,289192.0,1728842399999,78181.80619,507,130917.1,35431.7832,0,0.5
2024-10-13 18:00:00,0.2696,0.2699,0.2675,0.2687,184807.1,1728845999999,49670.85769,383,75056.7,20192.41713,0,0.5
2024-10-13 19:00:00,0.2686,0.2709,0.2686,0.2703,188867.4,1728849599999,51056.75604,240,139976.8,37841.10203,0,0.5
2024-10-13 20:00:00,0.2702,0.2718,0.2692,0.2717,496938.9,1728853199999,134619.06419,488,311550.2,84374.78425,0,0.5
2024-10-13 21:00:00,0.2718,0.274,0.2711,0.2726,241870.7,1728856799999,65956.11127,469,99719.7,27183.68431,0,0.5
2024-10-13 22:00:00,0.2726,0.2739,0.2703,0.2722,348373.3,1728860399999,94793.4875,658,165066.4,44952.91352,0,0.5
2024-10-13 23:00:00,0.2723,0.2727,0.2697,0.2718,341877.4,1728863999999,92585.78515,714,158700.2,43008.68156,0,0.5
2024-10-14 00:00:00,0.2713,0.2713,0.2636,0.264,1380757.2,1728867599999,368121.03066,2870,675128.6,180093.93558,0,0.48
2024-10-14 01:00:00,0.2644,0.2672,0.2642,0.265,577861.5,1728871199999,153695.17023,1092,302614.3,80503.19332,0,0.48
2024-10-14 02:00:00,0.2649,0.2651,0.2628,0.2632,516235.0,1728874799999,136280.38432,907,280904.7,74185.94161,0,0.48
2024-10-14 03:00:00,0.2632,0.2695,0.2629,0.2694,649441.5,1728878399999,173310.94795,1155,396734.4,105896.19858,0,0.48
2024-10-14 04:00:00,0.2694,0.2706,0.2678,0.2693,775727.1,1728881999999,208983.45329,1388,332337.0,89566.47449,0,0.48
2024-10-14 05:00:00,0.2693,0.2694,0.2664,0.2681,370125.9,1728885599999,99096.73282,890,205978.8,55170.22395,0,0.48
2024-10-14 06:00:00,0.2681,0.27,0.2673,0.2695,824234.3,1728889199999,221122.28661,1453,480690.0,128986.64543,0,0.48
2024-10-14 07:00:00,0.2694,0.2705,0.2685,0.2705,386317.3,1728892799999,104060.78695,865,210525.5,56727.17241,0,0.48
2024-10-14 08:00:00,0.2702,0.2706,0.2667,0.2681,872853.2,1728896399999,234604.76386,1572,479632.8,128947.33513,0,0.48
2024-10-14 09:00:00,0.268,0.2709,0.2676,0.2693,541679.5,1728899999999,145669.03973,1314,337761.4,90802.03571,0,0.48
2024-10-14 10:00:00,0.2693,0.2709,0.2684,0.2704,409390.5,1728903599999,110296.33166,783,204238.1,55027.57794,0,0.48
2024-10-14 11:00:00,0.27,0.2725,0.2696,0.2719,612700.7,1728907199999,165994.58213,1080,335200.9,90800.10636,0,0.48
2024-10-14 12:00:00,0.2719,0.2723,0.2694,0.27,575301.9,1728910799999,155671.62381,1074,221868.2,60060.14696,0,0.48
2024-10-14 13:00:00,0.2698,0.2725,0.2698,0.2708,817288.1,1728914399999,221365.43661,1346,354176.8,95937.9313,0,0.48
2024-10-14 14:00:00,0.2708,0.2727,0.2701,0.2712,911430.0,1728917999999,247543.56418,1724,454054.1,123371.90778,0,0.48
2024-10-14 15:00:00,0.2714,0.2733,0.271,0.2731,471701.5,1728921599999,128324.4976,974,277044.7,75370.60324,0,0.48
2024-10-14 16:00:00,0.2732,0.2733,0.2706,0.2716,408702.5,1728925199999,111108.41607,660,150665.5,40957.53256,0,0.48
2024-10-14 17:00:00,0.2715,0.2736,0.2711,0.2729,322526.3,1728928799999,87938.02277,531,166817.5,45493.25443,0,0.48
2024-10-14 18:00:00,0.2729,0.2738,0.2725,0.2726,209403.6,1728932399999,57202.02784,502,115366.6,31526.63823,0,0.48
2024-10-14 19:00:00,0.2724,0.2733,0.2717,0.2719,251960.8,1728935999999,68584.34547,540,138931.8,37811.54901,0,0.48
2024-10-14 20:00:00,0.272,0.2724,0.2709,0.2711,285218.2,1728939599999,77481.89945,580,106484.7,28946.31847,0,0.48
2024-10-14 21:00:00,0.2711,0.2719,0.2701,0.2706,331513.1,1728943199999,89832.18015,628,190777.0,51721.12637,0,0.48
2024-10-14 22:00:00,0.2708,0.274,0.2708,0.2738,401976.0,1728946799999,109556.67904,709,214890.5,58560.26746,0,0.48
2024-10-14 23:00:00,0.2738,0.2742,0.2719,0.274,347962.8,1728950399999,94989.59817,688,210318.7,57431.83824,0,0.48
2024-10-15 00:00:00,0.2741,0.2744,0.2659,0.2661,1081220.2,1728953999999,290968.97152,1834,394313.8,106262.68392,0,0.65
2024-10-15 01:00:00,0.2663,0.2683,0.2662,0.2675,452887.4,1728957599999,121028.53779,1371,202935.3,54222.49674,0,0.65
2024-10-15 02:00:00,0.2677,0.27,0.2675,0.2696,352032.4,1728961199999,94670.30265,1287,171353.2,46084.38107,0,0.65
2024-10-15 03:00:00,0.2695,0.2696,0.2655,0.2656,561441.5,1728964799999,149974.91316,874,241633.5,64500.95421,0,0.65
2024-10-15 04:00:00,0.2656,0.2669,0.2643,0.2661,431887.8,1728968399999,114719.27366,1031,213509.9,56722.08066,0,0.65
2024-10-15 05:00:00,0.2661,0.2664,0.261,0.2617,829370.4,1728971999999,218303.40604,1535,296977.7,78159.6755,0,0.65
2024-10-15 06:00:00,0.2619,0.2637,0.2602,0.2633,814540.6,1728975599999,213522.08205,1599,278297.5,72992.0802,0,0.65
2024-10-15 07:00:00,0.2633,0.2646,0.2612,0.2617,435231.6,1728979199999,114420.31431,1124,128214.3,33672.11418,0,0.65
2024-10-15 08:00:00,0.2618,0.264,0.2615,0.2634,270671.4,1728982799999,71243.42652,1091,91929.3,24191.35783,0,0.65
2024-10-15 09:00:00,0.2635,0.2649,0.2616,0.2637,597765.8,1728986399999,157421.66048,1232,277858.2,73184.04246,0,0.65
2024-10-15 10:00:00,0.2636,0.2658,0.2635,0.2653,247551.7,1728989999999,65520.89179,754,111758.5,29596.01136,0,0.65
2024-10-15 11:00:00,0.2655,0.2659,0.2582,0.2604,909110.5,1728993599999,237925.37382,2240,443440.8,116067.79564,0,0.65
2024-10-15 12:00:00,0.2603,0.2641,0.2598,0.2637,526214.0,1728997199999,138001.42435,1901,224128.9,58771.67498,0,0.65
2024-10-15 13:00:00,0.2637,0.2665,0.2608,0.2657,1014196.5,1729000799999,267421.84629,1989,447108.5,117955.25739,0,0.65
2024-10-15 14:00:00,0.2659,0.267,0.2569,0.2575,1534611.9,1729004399999,401821.83178,3198,586668.4,153388.59528,0,0.65
2024-10-15 15:00:00,0.2574,0.2609,0.2528,0.2596,1107171.6,1729007999999,285346.78924,2626,615012.0,158624.27615,0,0.65
2024-10-15 16:00:00,0.2597,0.2651,0.2596,0.2633,667000.8,1729011599999,174838.9314,2307,236816.3,62106.72506,0,0.65
2024-10-15 17:00:00,0.2635,0.2646,0.2619,0.2637,335618.2,1729015199999,88267.14201,839,161102.4,42361.47766,0,0.65
2024-10-15 18:00:00,0.2638,0.2655,0.2635,0.264,504980.2,1729018799999,133580.25021,1391,168833.2,44681.17791,0,0.65
2024-10-15 19:00:00,0.2641,0.2648,0.262,0.2632,473459.9,1729022399999,124450.278,907,205896.8,54122.05163,0,0.65
2024-10-15 20:00:00,0.2631,0.2635,0.2584,0.2589,355172.8,1729025999999,92425.38631,842,151170.0,39291.56088,0,0.65
2024-10-15 21:00:00,0.2589,0.2615,0.2582,0.2609,209543.9,1729029599999,54561.57466,528,121874.2,31727.81907,0,0.65
2024-10-15 22:00:00,0.2609,0.2618,0.2601,0.2602,198640.7,1729033199999,51822.17538,510,112561.7,29364.71975,0,0.65
2024-10-15 23:00:00,0.2602,0.2621,0.2602,0.2619,264480.2,1729036799999,69073.59656,644,128776.5,33627.72117,0,0.65
2024-10-16 00:00:00,0.262,0.2624,0.2585,0.2585,235298.2,1729040399999,61193.34737,729,66709.8,17353.01957,0,0.73
2024-10-16 01:00:00,0.2586,0.2607,0.2575,0.2598,160294.6,1729043999999,41544.41172,443,77458.9,20071.44518,0,0.73
2024-10-16 02:00:00,0.2599,0.2614,0.2585,0.259,186809.4,1729047599999,48641.49944,492,50357.8,13099.5411,0,0.73
2024-10-16 03:00:00,0.2589,0.2593,0.2578,0.2578,258489.5,1729051199999,66775.82624,404,94654.6,24450.75459,0,0.73
2024-10-16 04:00:00,0.2578,0.259,0.2553,0.2571,234359.7,1729054799999,60276.4567,599,132947.7,34209.13185,0,0.73
2024-10-16 05:00:00,0.2571,0.2578,0.2566,0.2569,227800.7,1729058399999,58592.02808,567,100972.8,25976.22387,0,0.73
2024-10-16 06:00:00,0.2569,0.2573,0.2548,0.2556,270988.4,1729061999999,69400.2612,767,141077.7,36132.30607,0,0.73
2024-10-16 07:00:00,0.2555,0.2555,0.2534,0.2553,466560.6,1729065599999,118756.96952,1201,323245.3,82291.77538,0,0.73
2024-10-16 08:00:00,0.2553,0.2575,0.2551,0.2558,320590.1,1729069199999,82160.24969,665,185276.1,47466.44211,0,0.73
2024-10-16 09:00:00,0.2559,0.2581,0.2554,0.2576,393446.3,1729072799999,101014.13417,795,177597.0,45596.73366,0,0.73
2024-10-16 10:00:00,0.2577,0.2577,0.2565,0.2568,418595.1,1729076399999,107576.16583,822,147016.1,37790.20108,0,0.73
2024-10-16 11:00:00,0.2566,0.2594,0.2552,0.2577,520234.2,1729079999999,134231.30245,1537,235074.3,60655.23381,0,0.73
2024-10-16 12:00:00,0.2578,0.2589,0.2569,0.2578,193729.8,1729083599999,49956.78811,512,98698.6,25444.39481,0,0.73
2024-10-16 13:00:00,0.2577,0.2594,0.2563,0.2569,240933.4,1729087199999,62153.81798,543,122268.6,31554.20244,0,0.73
2024-10-16 14:00:00,0.257,0.2595,0.2555,0.2573,244967.7,1729090799999,63084.22517,634,115698.7,29799.96673,0,0.73
2024-10-16 15:00:00,0.2572,0.2589,0.2556,0.2575,287848.6,1729094399999,74049.25626,472,196696.1,50594.00074,0,0.73
2024-10-16 16:00:00,0.2575,0.2585,0.2543,0.2575,522575.4,1729097999999,133890.37038,897,278278.8,71340.34328,0,0.73
2024-10-16 17:00:00,0.2575,0.2583,0.2567,0.2577,145170.6,1729101599999,37383.51816,582,65130.6,16761.05165,0,0.73
2024-10-16 18:00:00,0.2576,0.2589,0.2573,0.2589,327007.8,1729105199999,84472.58535,547,223827.6,57840.91293,0,0.73
2024-10-16 19:00:00,0.2589,0.2592,0.2573,0.2575,300839.3,1729108799999,77682.5771,594,57603.4,14882.53745,0,0.73
2024-10-16 20:00:00,0.2574,0.2583,0.2567,0.2567,219998.5,1729112399999,56667.33354,594,53263.5,13729.31651,0,0.73
2024-10-16 21:00:00,0.2567,0.2578,0.2563,0.2567,254064.3,1729115999999,65274.40689,612,77127.2,19817.8396,0,0.73
2024-10-16 22:00:00,0.2566,0.2574,0.2565,0.2571,200720.9,1729119599999,51572.99339,506,106997.2,27478.8849,0,0.73
2024-10-16 23:00:00,0.2572,0.2573,0.2561,0.2572,118690.1,1729123199999,30490.26394,314,65013.9,16703.71835,0,0.73
2024-10-17 00:00:00,0.2572,0.2585,0.2563,0.2577,149557.1,1729126799999,38495.2624,462,85374.9,21978.57418,0,0.71
2024-10-17 01:00:00,0.2578,0.2586,0.2546,0.2573,309353.4,1729130399999,79330.3702,710,122653.5,31458.56039,0,0.71
2024-10-17 02:00:00,0.2576,0.2576,0.2555,0.2555,135528.3,1729133999999,34770.02666,328,70841.3,18175.58459,0,0.71
2024-10-17 03:00:00,0.2555,0.2581,0.2555,0.2577,121199.2,1729137599999,31164.13808,334,72456.5,18618.42533,0,0.71
2024-10-17 04:00:00,0.2577,0.2578,0.2547,0.2548,71770.6,1729141199999,18397.76779,250,21436.3,5495.15387,0,0.71
2024-10-17 05:00:00,0.2547,0.2558,0.2533,0.2538,283693.7,1729144799999,72308.47279,563,175328.5,44691.0588,0,0.71
2024-10-17 06:00:00,0.2534,0.2553,0.2532,0.2533,286362.9,1729148399999,72789.11861,706,91834.3,23339.89691,0,0.71
2024-10-17 07:00:00,0.2533,0.2546,0.2516,0.2546,286541.2,1729151999999,72541.89493,759,145702.5,36907.43268,0,0.71
2024-10-17 08:00:00,0.2545,0.2553,0.2532,0.255,190293.7,1729155599999,48407.26086,459,89418.7,22753.94148,0,0.71
2024-10-17 09:00:00,0.255,0.2557,0.2535,0.2543,291379.5,1729159199999,74182.41906,570,158684.6,40416.09005,0,0.71
2024-10-17 10:00:00,0.2543,0.2546,0.251,0.2533,545775.6,1729162799999,138240.07418,833,190117.1,48079.04666,0,0.71
2024-10-17 11:00:00,0.2533,0.2537,0.2523,0.2524,271542.5,1729166399999,68702.93708,677,109028.6,27602.62486,0,0.71
2024-10-17 12:00:00,0.2524,0.2548,0.252,0.2545,204961.0,1729169999999,52025.85646,470,102803.6,26107.3548,0,0.71
2024-10-17 13:00:00,0.2546,0.2557,0.2525,0.254,167682.7,1729173599999,42638.22285,404,79017.6,20094.18842,0,0.71
2024-10-17 14:00:00,0.2542,0.2555,0.2521,0.255,296300.6,1729177199999,75106.52069,646,161587.5,40957.54077,0,0.71
2024-10-17 15:00:00,0.2549,0.2573,0.2536,0.2553,192929.4,1729180799999,49306.7791,550,99537.0,25463.48671,0,0.71
2024-10-17 16:00:00,0.2555,0.2555,0.2541,0.2547,157548.8,1729184399999,40143.65422,563,54695.6,13940.96731,0,0.71
2024-10-17 17:00:00,0.2545,0.2558,0.2526,0.2532,203164.3,1729187999999,51668.32511,624,111566.5,28376.30445,0,0.71
2024-10-17 18:00:00,0.253,0.2539,0.2504,0.2524,341567.9,1729191599999,86024.60712,683,114143.0,28775.00708,0,0.71
2024-10-17 19:00:00,0.2524,0.254,0.2518,0.2537,106746.4,1729195199999,27027.43876,298,58137.1,14717.96275,0,0.71
2024-10-17 20:00:00,0.2536,0.2547,0.2535,0.2536,36831.8,1729198799999,9357.37032,209,21209.8,5389.53001,0,0.71
2024-10-17 21:00:00,0.2538,0.2547,0.2533,0.2538,133829.9,1729202399999,33987.53588,302,80034.7,20326.67542,0,0.71
2024-10-17 22:00:00,0.254,0.2554,0.2538,0.2554,87683.8,1729205999999,22301.04765,289,44152.2,11236.25564,0,0.71
2024-10-17 23:00:00,0.2553,0.256,0.254,0.256,84409.1,1729209599999,21539.26639,312,52953.8,13511.50933,0,0.71
2024-10-18 00:00:00,0.2559,0.2608,0.2517,0.252,1410662.8,1729213199999,362656.62503,3805,670963.6,172925.25017,0,0.73
2024-10-18 01:00:00,0.252,0.2565,0.2516,0.2559,255082.5,1729216799999,64829.30348,466,164791.2,41850.55089,0,0.73
2024-10-18 02:00:00,0.2561,0.2567,0.2546,0.2564,301233.5,1729220399999,76993.78064,554,115401.1,29514.42354,0,0.73
2024-10-18 03:00:00,0.2564,0.2567,0.2548,0.2549,277912.5,1729223999999,71156.45987,505,107034.5,27383.22413,0,0.73
2024-10-18 04:00:00,0.2551,0.2567,0.2549,0.2561,235763.3,1729227599999,60378.57074,373,108265.5,27734.78321,0,0.73
2024-10-18 05:00:00,0.256,0.2566,0.2551,0.2563,113178.0,1729231199999,28921.00839,334,32143.3,8219.98537,0,0.73
2024-10-18 06:00:00,0.2563,0.2582,0.256,0.2571,216035.1,1729234799999,55604.74028,419,137522.4,35415.04149,0,0.73
2024-10-18 07:00:00,0.2572,0.2573,0.2551,0.2559,331439.4,1729238399999,84947.92238,557,84280.5,21597.43902,0,0.73
2024-10-18 08:00:00,0.256,0.2564,0.2551,0.2561,310571.1,1729241999999,79340.90797,473,175988.3,44961.1096,0,0.73
2024-10-18 09:00:00,0.2561,0.2587,0.2544,0.2549,536309.5,1729245599999,137409.3813,783,336862.2,86362.6898,0,0.73
2024-10-18 10:00:00,0.2549,0.2567,0.2546,0.2563,144332.0,1729249199999,36826.83967,337,95977.4,24486.55406,0,0.73
2024-10-18 11:00:00,0.2562,0.2575,0.2559,0.256,97602.4,1729252799999,25068.90212,263,70382.6,18084.20002,0,0.73
2024-10-18 12:00:00,0.2561,0.2572,0.255,0.2571,234622.0,1729256399999,60135.26684,468,116893.8,29964.07211,0,0.73
2024-10-18 13:00:00,0.257,0.2583,0.2567,0.2583,276494.9,1729259999999,71138.32006,584,176848.9,45520.61447,0,0.73
2024-10-18 14:00:00,0.2583,0.2593,0.2571,0.2582,323681.3,1729263599999,83656.4283,663,211436.4,54646.09703,0,0.73
2024-10-18 15:00:00,0.2584,0.2603,0.2575,0.2594,297042.6,1729267199999,76991.83928,700,162605.0,42150.35058,0,0.73
2024-10-18 16:00:00,0.2595,0.2612,0.2586,0.2608,167623.2,1729270799999,43534.22373,481,97088.9,25232.21424,0,0.73
2024-10-18 17:00:00,0.2609,0.2613,0.2599,0.2602,376457.2,1729274399999,98036.52466,612,129613.8,33758.23581,0,0.73
2024-10-18 18:00:00,0.26,0.2613,0.2594,0.2602,164967.6,1729277999999,42927.42828,525,95026.6,24733.86142,0,0.73
2024-10-18 19:00:00,0.2604,0.2607,0.2592,0.2597,113088.4,1729281599999,29397.42829,320,54970.3,14289.71738,0,0.73
2024-10-18 20:00:00,0.2596,0.2598,0.2587,0.2592,126703.4,1729285199999,32858.89371,230,71433.5,18530.83971,0,0.73
2024-10-18 21:00:00,0.2592,0.2592,0.2581,0.2585,80897.0,1729288799999,20918.07777,230,28870.2,7465.97009,0,0.73
2024-10-18 22:00:00,0.2584,0.2588,0.258,0.2588,42657.3,1729292399999,11022.46651,226,13394.7,3460.43634,0,0.73
2024-10-18 23:00:00,0.2589,0.2597,0.2588,0.2597,85079.4,1729295999999,22067.56017,253,26096.4,6769.25402,0,0.73
2024-10-19 00:00:00,0.2596,0.2601,0.2583,0.2583,403663.1,1729299599999,104524.88693,786,115784.7,29958.90908,0,0.72
2024-10-19 01:00:00,0.2585,0.2594,0.2582,0.2586,135937.0,1729303199999,35184.95949,485,59926.3,15519.53835,0,0.72
2024-10-19 02:00:00,0.2587,0.2589,0.2581,0.2582,139848.5,1729306799999,36137.08801,540,22727.6,5875.50805,0,0.72
2024-10-19 03:00:00,0.2582,0.2602,0.2582,0.2587,288877.8,1729310399999,74923.93766,829,106544.7,27654.85384,0,0.72
2024-10-19 04:00:00,0.2587,0.2599,0.2576,0.2581,141914.6,1729313999999,36738.47717,424,36918.6,9566.13423,0,0.72
2024-10-19 05:00:00,0.2581,0.2594,0.258,0.2593,66784.4,1729317599999,17261.69101,242,27441.4,7090.92666,0,0.72
2024-10-19 06:00:00,0.2593,0.2626,0.2591,0.2617,353775.8,1729321199999,92296.53494,748,199349.9,52036.6591,0,0.72
2024-10-19 07:00:00,0.2616,0.2628,0.2587,0.2596,656393.4,1729324799999,171201.62883,1158,304789.6,79570.03413,0,0.72
2024-10-19 08:00:00,0.2597,0.2609,0.2587,0.259,265377.2,1729328399999,68890.52319,569,151459.7,39335.23091,0,0.72
2024-10-19 09:00:00,0.2593,0.2598,0.2582,0.2583,62760.5,1729331999999,16253.71264,244,18536.0,4803.46905,0,0.72
2024-10-19 10:00:00,0.2581,0.2584,0.2561,0.2565,137035.5,1729335599999,35216.19924,463,54438.8,13978.40698,0,0.72
2024-10-19 11:00:00,0.2564,0.2569,0.2547,0.2549,136148.7,1729339199999,34861.70249,356,42843.4,10958.8124,0,0.72
2024-10-19 12:00:00,0.2548,0.2573,0.2548,0.2569,77895.2,1729342799999,19948.58786,306,36362.1,9316.28048,0,0.72
2024-10-19 13:00:00,0.2569,0.2569,0.256,0.2561,170390.3,1729346399999,43695.93388,401,114614.0,29397.84327,0,0.72
2024-10-19 14:00:00,0.2562,0.2587,0.2562,0.2585,61591.1,1729349999999,15863.07828,220,26084.9,6728.7209,0,0.72
2024-10-19 15:00:00,0.2585,0.2586,0.2568,0.2568,88291.5,1729353599999,22722.14408,326,21207.6,5463.77583,0,0.72
2024-10-19 16:00:00,0.2567,0.2572,0.2557,0.2557,107191.5,1729357199999,27494.38509,331,41782.0,10730.50837,0,0.72
2024-10-19 17:00:00,0.2558,0.2569,0.2556,0.2565,59243.4,1729360799999,15190.6028,174,37383.2,9586.99073,0,0.72
2024-10-19 18:00:00,0.2565,0.2578,0.2563,0.2573,102267.1,1729364399999,26292.844,211,64503.7,16581.42152,0,0.72
2024-10-19 19:00:00,0.2574,0.2586,0.2571,0.2574,39771.9,1729367999999,10257.1198,178,18273.0,4712.46332,0,0.72
2024-10-19 20:00:00,0.2573,0.258,0.2572,0.2577,27045.7,1729371599999,6966.98096,125,18930.8,4876.36722,0,0.72
2024-10-19 21:00:00,0.2579,0.2598,0.2579,0.2586,149678.5,1729375199999,38766.86892,454,125551.6,32516.45273,0,0.72
2024-10-19 22:00:00,0.2587,0.2593,0.2583,0.2592,39363.1,1729378799999,10189.58358,135,15976.4,4136.54931,0,0.72
2024-10-19 23:00:00,0.2592,0.2596,0.2587,0.2588,41574.0,1729382399999,10772.10233,158,13764.1,3568.47254,0,0.72
2024-10-20 00:00:00,0.2586,0.2588,0.2567,0.257,84986.2,1729385999999,21884.3956,266,25902.8,6668.64546,0,0.73
2024-10-20 01:00:00,0.2568,0.2571,0.2556,0.2559,109627.4,1729389599999,28125.56844,283,42931.4,11014.6234,0,0.73
2024-10-20 02:00:00,0.2558,0.2561,0.2551,0.2553,39507.1,1729393199999,10095.17697,155,15876.0,4057.78509,0,0.73
2024-10-20 03:00:00,0.2551,0.2551,0.253,0.2542,134469.2,1729396799999,34171.61527,405,54523.7,13853.28932,0,0.73
2024-10-20 04:00:00,0.2542,0.2559,0.2535,0.2551,261551.2,1729400399999,66615.10412,383,130469.1,33293.92666,0,0.73
2024-10-20 05:00:00,0.2552,0.2567,0.2548,0.2551,150358.1,1729403999999,38395.98796,389,55480.2,14185.33643,0,0.73
2024-10-20 06:00:00,0.2551,0.257,0.2548,0.2569,78299.4,1729407599999,20039.50128,266,47243.7,12095.4165,0,0.73
2024-10-20 07:00:00,0.2568,0.2572,0.2558,0.2565,124589.6,1729411199999,31973.28438,268,33493.4,8601.23376,0,0.73
2024-10-20 08:00:00,0.2565,0.2574,0.2551,0.2556,211619.7,1729414799999,54288.77537,418,72936.4,18719.49336,0,0.73
2024-10-20 09:00:00,0.2555,0.2569,0.2551,0.2561,135092.5,1729418399999,34580.3545,374,80075.1,20489.12118,0,0.73
2024-10-20 10:00:00,0.2562,0.2563,0.2553,0.2555,109648.7,1729421999999,28055.99108,284,44068.8,11279.75567,0,0.73
2024-10-20 11:00:00,0.2554,0.2579,0.2551,0.2573,447369.9,1729425599999,114471.41883,808,368658.6,94327.50392,0,0.73
2024-10-20 12:00:00,0.2574,0.2586,0.2563,0.2563,463622.8,1729429199999,119427.00168,1199,231306.0,59605.71606,0,0.73
2024-10-20 13:00:00,0.2563,0.2611,0.2563,0.2608,600849.7,1729432799999,155522.05818,1558,365653.4,94710.73172,0,0.73
2024-10-20 14:00:00,0.2609,0.2619,0.2604,0.2617,403464.3,1729436399999,105359.29518,1002,186845.3,48801.36662,0,0.73
2024-10-20 15:00:00,0.262,0.2622,0.2598,0.2609,485323.6,1729439999999,126605.96252,1267,135376.0,35319.68016,0,0.73
2024-10-20 16:00:00,0.2608,0.263,0.2608,0.2623,347961.2,1729443599999,91193.85911,797,203232.6,53259.44607,0,0.73
2024-10-20 17:00:00,0.2625,0.2627,0.2611,0.2621,197013.9,1729447199999,51593.36805,424,81503.4,21348.0334,0,0.73
2024-10-20 18:00:00,0.2622,0.2632,0.2618,0.2628,139672.3,1729450799999,36671.07708,323,66151.0,17379.32729,0,0.73
2024-10-20 19:00:00,0.2627,0.2636,0.2625,0.2629,128086.9,1729454399999,33694.27372,377,68282.3,17967.09299,0,0.73
2024-10-20 20:00:00,0.263,0.2645,0.2624,0.2641,242908.1,1729457999999,63990.49922,534,112007.8,29507.83009,0,0.73
2024-10-20 21:00:00,0.2641,0.2648,0.2631,0.2639,228335.1,1729461599999,60289.74803,647,113795.3,30057.75358,0,0.73
2024-10-20 22:00:00,0.2639,0.2662,0.2636,0.2657,478089.0,1729465199999,126684.23291,1229,285155.6,75574.0457,0,0.73
2024-10-20 23:00:00,0.2656,0.267,0.2651,0.2668,171690.3,1729468799999,45681.77911,551,79914.1,21259.66814,0,0.73
2024-10-21 00:00:00,0.2668,0.2682,0.2636,0.265,679126.4,1729472399999,180649.00763,1467,316043.8,84086.08462,0,0.72
2024-10-21 01:00:00,0.2649,0.2658,0.2642,0.2649,216691.9,1729475999999,57390.83093,676,90665.4,24025.23737,0,0.72
2024-10-21 02:00:00,0.2649,0.2654,0.2623,0.2626,264046.9,1729479599999,69548.51045,850,157643.7,41523.49691,0,0.72
2024-10-21 03:00:00,0.2626,0.2635,0.262,0.2633,331893.1,1729483199999,87210.25521,925,154260.5,40550.1891,0,0.72
2024-10-21 04:00:00,0.263,0.2645,0.2615,0.2645,129924.6,1729486799999,34151.99826,465,79573.7,20922.47337,0,0.72
2024-10-21 05:00:00,0.2645,0.2646,0.2629,0.2634,182362.2,1729490399999,48070.00904,475,70038.3,18477.14178,0,0.72
2024-10-21 06:00:00,0.2634,0.2646,0.2595,0.2598,300839.0,1729493999999,78715.52732,640,88766.2,23253.11791,0,0.72
2024-10-21 07:00:00,0.26,0.2608,0.2586,0.2588,431707.4,1729497599999,112111.20441,860,140710.6,36552.04873,0,0.72
2024-10-21 08:00:00,0.2591,0.2607,0.258,0.2581,488267.6,1729501199999,126756.43711,1094,246993.2,64146.16773,0,0.72
2024-10-21 09:00:00,0.2583,0.2592,0.2562,0.2577,186204.2,1729504799999,47967.00555,519,78843.9,20326.74194,0,0.72
2024-10-21 10:00:00,0.2576,0.258,0.2567,0.2572,198400.5,1729508399999,51081.89593,418,107634.3,27715.91969,0,0.72
2024-10-21 11:00:00,0.2571,0.2575,0.2559,0.2573,194044.2,1729511999999,49806.23304,463,83480.3,21438.03874,0,0.72
2024-10-21 12:00:00,0.2571,0.2585,0.2562,0.2574,230813.4,1729515599999,59442.62495,441,62431.9,16077.34777,0,0.72
2024-10-21 13:00:00,0.2574,0.2578,0.2518,0.2537,623116.5,1729519199999,158332.71505,1017,220309.3,56036.20977,0,0.72
2024-10-21 14:00:00,0.2533,0.2542,0.252,0.2536,261344.4,1729522799999,66165.28802,508,148103.3,37510.42875,0,0.72
2024-10-21 15:00:00,0.2534,0.2535,0.2515,0.2535,314794.3,1729526399999,79488.48901,585,186104.9,47006.5593,0,0.72
2024-10-21 16:00:00,0.2532,0.2535,0.251,0.2533,247579.4,1729529999999,62372.73962,436,75474.0,19029.51977,0,0.72
2024-10-21 17:00:00,0.2532,0.2545,0.2532,0.254,189290.5,1729533599999,48106.82804,394,89258.7,22682.64309,0,0.72
2024-10-21 18:00:00,0.2537,0.2541,0.2518,0.2528,397023.9,1729537199999,100405.5872,597,185157.8,46896.16391,0,0.72
2024-10-21 19:00:00,0.2527,0.2541,0.2526,0.2537,73250.2,1729540799999,18543.75199,199,44863.1,11355.75493,0,0.72
2024-10-21 20:00:00,0.2536,0.254,0.2531,0.2535,125244.8,1729544399999,31750.61894,278,63917.3,16207.0943,0,0.72
2024-10-21 21:00:00,0.2534,0.2545,0.2533,0.2539,130457.2,1729547999999,33126.80937,290,80423.6,20427.48406,0,0.72
2024-10-21 22:00:00,0.2538,0.2543,0.2534,0.2536,123860.1,1729551599999,31446.15724,381,54046.2,13722.32072,0,0.72
2024-10-21 23:00:00,0.2536,0.2536,0.2529,0.2532,94335.2,1729555199999,23884.87627,307,49361.6,12499.19723,0,0.72
2024-10-22 00:00:00,0.2532,0.2539,0.249,0.2532,339984.0,1729558799999,85494.98025,1168,184564.9,46452.65709,0,0.7
2024-10-22 01:00:00,0.2532,0.2549,0.2524,0.2548,107467.0,1729562399999,27278.10314,283,64428.9,16359.89666,0,0.7
2024-10-22 02:00:00,0.2549,0.2555,0.2532,0.2535,44212.5,1729565999999,11267.28395,148,21522.8,5485.18355,0,0.7
2024-10-22 03:00:00,0.2536,0.2543,0.2536,0.254,87487.5,1729569599999,22202.57215,183,52218.1,13249.78971,0,0.7
2024-10-22 04:00:00,0.2539,0.2546,0.2534,0.2545,51582.3,1729573199999,13102.96,125,24770.3,6292.3251,0,0.7
2024-10-22 05:00:00,0.2543,0.255,0.2542,0.2542,71377.3,1729576799999,18180.25001,218,29363.0,7480.19337,0,0.7
2024-10-22 06:00:00,0.2544,0.2552,0.254,0.2541,180743.8,1729580399999,46028.90432,362,54258.0,13825.5611,0,0.7
2024-10-22 07:00:00,0.254,0.2542,0.2526,0.2527,88524.3,1729583999999,22440.4002,239,37980.3,9632.71311,0,0.7
2024-10-22 08:00:00,0.2527,0.2527,0.2493,0.2493,523306.5,1729587599999,131137.7821,942,181886.6,45637.87763,0,0.7
2024-10-22 09:00:00,0.2494,0.2499,0.2482,0.2495,216109.1,1729591199999,53823.2456,567,120502.1,30022.28227,0,0.7
2024-10-22 10:00:00,0.2494,0.2501,0.2484,0.2498,94540.7,1729594799999,23563.65586,251,35019.1,8732.53287,0,0.7
2024-10-22 11:00:00,0.2498,0.2515,0.2496,0.2506,153162.7,1729598399999,38355.34881,454,56443.4,14145.52049,0,0.7
2024-10-22 12:00:00,0.2506,0.2515,0.2493,0.2496,224283.8,1729601999999,56112.37884,506,111065.8,27782.3752,0,0.7
2024-10-22 13:00:00,0.2497,0.2509,0.2481,0.2497,298883.6,1729605599999,74541.77104,761,175236.2,43691.42383,0,0.7
2024-10-22 14:00:00,0.2497,0.2522,0.249,0.2518,247009.0,1729609199999,62062.26602,622,137904.0,34645.65532,0,0.7
2024-10-22 15:00:00,0.2519,0.2524,0.2498,0.2517,275198.1,1729612799999,69256.96134,493,169844.3,42742.39086,0,0.7
2024-10-22 16:00:00,0.2516,0.2524,0.2498,0.2498,291951.7,1729616399999,73359.23118,474,144740.8,36369.68775,0,0.7
2024-10-22 17:00:00,0.2497,0.2525,0.2497,0.2519,335828.5,1729619999999,84349.67639,771,142787.8,35843.23734,0,0.7
2024-10-22 18:00:00,0.2519,0.2524,0.2505,0.2507,219736.5,1729623599999,55357.75179,654,72463.9,18256.43455,0,0.7
2024-10-22 19:00:00,0.2506,0.253,0.2506,0.252,94845.7,1729627199999,23911.92411,335,40955.2,10325.9759,0,0.7
2024-10-22 20:00:00,0.2519,0.2529,0.2519,0.2529,96840.9,1729630799999,24435.38893,314,57559.4,14524.92416,0,0.7
2024-10-22 21:00:00,0.2529,0.2531,0.2522,0.2529,71357.3,1729634399999,18021.70313,161,36503.5,9218.77014,0,0.7
2024-10-22 22:00:00,0.2528,0.2544,0.2527,0.2537,234147.4,1729637999999,59351.74119,528,152111.8,38575.16782,0,0.7
2024-10-22 23:00:00,0.2537,0.254,0.2528,0.2534,65812.3,1729641599999,16681.45486,218,35977.2,9121.02174,0,0.7
2024-10-23 00:00:00,0.2534,0.2537,0.2515,0.2517,120559.5,1729645199999,30445.78043,284,68959.6,17411.58982,0,0.71
2024-10-23 01:00:00,0.2515,0.2523,0.2511,0.2519,59642.0,1729648799999,15023.86301,172,19005.6,4787.53841,0,0.71
2024-10-23 02:00:00,0.2516,0.252,0.2499,0.25,71380.8,1729652399999,17898.17239,255,38423.9,9635.96454,0,0.71
2024-10-23 03:00:00,0.2499,0.2506,0.2485,0.2499,194892.3,1729655999999,48624.71798,502,107043.6,26715.7491,0,0.71
2024-10-23 04:00:00,0.25,0.2507,0.2493,0.25,134806.7,1729659599999,33704.16033,355,83955.4,20997.66483,0,0.71
2024-10-23 05:00:00,0.25,0.25,0.2476,0.2479,148117.4,1729663199999,36808.19168,423,50705.9,12616.61827,0,0.71
2024-10-23 06:00:00,0.248,0.2495,0.2469,0.247,162482.6,1729666799999,40325.84091,394,66469.9,16505.53618,0,0.71
2024-10-23 07:00:00,0.2471,0.2479,0.246,0.2461,250060.7,1729670399999,61712.95504,608,110129.1,27193.44497,0,0.71
2024-10-23 08:00:00,0.2462,0.2467,0.2427,0.2431,329305.0,1729673999999,80707.86947,783,109963.6,26975.20928,0,0.71
2024-10-23 09:00:00,0.243,0.245,0.2423,0.2446,345340.9,1729677599999,84146.99756,947,197446.4,48116.23703,0,0.71
2024-10-23 10:00:00,0.2447,0.2453,0.2437,0.2438,262199.4,1729681199999,64128.91922,416,154185.2,37725.97659,0,0.71
2024-10-23 11:00:00,0.2439,0.2448,0.2426,0.243,158546.0,1729684799999,38632.72633,314,68455.7,16685.03752,0,0.71
2024-10-23 12:00:00,0.243,0.2437,0.242,0.2428,186495.2,1729688399999,45291.35299,531,83731.9,20332.50508,0,0.71
2024-10-23 13:00:00,0.2429,0.2449,0.2427,0.2449,116225.4,1729691999999,28360.7572,301,55633.2,13574.60025,0,0.71
2024-10-23 14:00:00,0.2447,0.2449,0.2431,0.2433,112397.6,1729695599999,27409.33933,300,43032.0,10491.68855,0,0.71
2024-10-23 15:00:00,0.2433,0.2433,0.2409,0.2427,250270.5,1729699199999,60638.9528,618,109200.8,26457.38949,0,0.71
2024-10-23 16:00:00,0.2428,0.2429,0.2403,0.2404,206023.5,1729702799999,49830.20135,647,95365.7,23060.06565,0,0.71
2024-10-23 17:00:00,0.2403,0.2422,0.2382,0.2386,381589.0,1729706399999,91621.92982,877,174078.8,41830.11895,0,0.71
2024-10-23 18:00:00,0.2385,0.24,0.236,0.24,445688.8,1729709999999,106109.08827,1084,218605.4,52048.89668,0,0.71
2024-10-23 19:00:00,0.2399,0.2417,0.239,0.2415,203352.4,1729713599999,48932.96667,585,118012.1,28403.77692,0,0.71
2024-10-23 20:00:00,0.2417,0.2434,0.2412,0.2429,265250.3,1729717199999,64307.42031,501,152329.8,36952.6829,0,0.71
2024-10-23 21:00:00,0.2429,0.2433,0.2416,0.2417,95356.2,1729720799999,23130.26012,271,43011.8,10432.68111,0,0.71
2024-10-23 22:00:00,0.2417,0.2423,0.2407,0.2413,398223.2,1729724399999,96071.50164,934,148287.2,35789.19811,0,0.71
2024-10-23 23:00:00,0.2413,0.2429,0.2409,0.2428,89946.8,1729727999999,21779.67955,290,50539.4,12239.40519,0,0.71
2024-10-24 00:00:00,0.2428,0.2444,0.2409,0.2443,181219.0,1729731599999,43972.16517,766,96858.2,23510.2717,0,0.69
2024-10-24 01:00:00,0.2442,0.2448,0.2429,0.2432,121106.5,1729735199999,29545.45293,462,50472.1,12315.46788,0,0.69
2024-10-24 02:00:00,0.2435,0.2452,0.2429,0.2452,85711.5,1729738799999,20910.13341,382,39498.0,9639.76766,0,0.69
2024-10-24 03:00:00,0.245,0.2451,0.2438,0.2439,90329.6,1729742399999,22087.67514,278,30796.4,7530.60225,0,0.69
2024-10-24 04:00:00,0.2441,0.2454,0.244,0.245,212044.1,1729745999999,51873.30333,300,148529.8,36335.7433,0,0.69
2024-10-24 05:00:00,0.245,0.2457,0.2448,0.2449,83649.4,1729749599999,20509.36371,285,38257.6,9384.91973,0,0.69
2024-10-24 06:00:00,0.2449,0.2453,0.2436,0.2436,166190.8,1729753199999,40586.78077,341,33164.3,8111.44933,0,0.69
2024-10-24 07:00:00,0.2435,0.244,0.2419,0.242,125371.0,1729756799999,30472.12616,406,61450.2,14935.44177,0,0.69
2024-10-24 08:00:00,0.2419,0.243,0.2398,0.2398,124916.4,1729760399999,30185.76179,467,34848.5,8439.24173,0,0.69
2024-10-24 09:00:00,0.24,0.2405,0.2385,0.2391,372070.6,1729763999999,89176.49083,603,101027.7,24210.93351,0,0.69
2024-10-24 10:00:00,0.2391,0.2413,0.2389,0.2408,65508.8,1729767599999,15741.99244,194,41670.9,10016.80678,0,0.69
2024-10-24 11:00:00,0.2406,0.2424,0.2405,0.2418,146175.8,1729771199999,35358.07548,319,99005.2,23953.88934,0,0.69
2024-10-24 12:00:00,0.2419,0.2432,0.2418,0.2429,128934.0,1729774799999,31255.25442,394,45441.4,11015.74402,0,0.69
2024-10-24 13:00:00,0.243,0.2444,0.2426,0.2438,178971.2,1729778399999,43573.8595,530,84514.7,20580.82888,0,0.69
2024-10-24 14:00:00,0.244,0.2447,0.2428,0.2447,145285.4,1729781999999,35443.74892,442,79478.1,19395.52429,0,0.69
2024-10-24 15:00:00,0.2443,0.2472,0.2438,0.246,152710.2,1729785599999,37492.27866,488,88880.1,21816.52982,0,0.69
2024-10-24 16:00:00,0.246,0.2469,0.2453,0.2464,88281.6,1729789199999,21729.48545,268,44138.6,10866.1341,0,0.69
2024-10-24 17:00:00,0.2464,0.2468,0.2454,0.2463,102885.1,1729792799999,25312.24727,245,48568.4,11951.97022,0,0.69
2024-10-24 18:00:00,0.2464,0.2475,0.2464,0.2468,77076.8,1729796399999,19038.41774,275,35343.6,8732.44159,0,0.69
2024-10-24 19:00:00,0.2466,0.2483,0.2465,0.248,221225.0,1729799999999,54754.42099,364,137182.5,33943.46674,0,0.69
2024-10-24 20:00:00,0.2482,0.2484,0.2475,0.2481,119664.5,1729803599999,29671.57235,303,65396.5,16219.46997,0,0.69
2024-10-24 21:00:00,0.248,0.2501,0.2477,0.2485,132535.8,1729807199999,33041.23194,365,77483.1,19313.39842,0,0.69
2024-10-24 22:00:00,0.2485,0.2489,0.2478,0.2478,92283.8,1729810799999,22912.36187,214,40278.4,10004.82135,0,0.69
2024-10-24 23:00:00,0.2478,0.2484,0.2472,0.2483,48442.2,1729814399999,12001.22265,143,20916.1,5182.47686,0,0.69
2024-10-25 00:00:00,0.2482,0.2487,0.247,0.2472,173167.4,1729817999999,42888.38098,426,62451.5,15474.95409,0,0.72
2024-10-25 01:00:00,0.2472,0.2473,0.2459,0.2466,165935.5,1729821599999,40897.02937,348,114633.3,28250.18237,0,0.72
2024-10-25 02:00:00,0.2466,0.2469,0.2454,0.246,312340.5,1729825199999,76778.95463,423,119507.4,29378.24722,0,0.72
2024-10-25 03:00:00,0.2459,0.2469,0.2455,0.2457,69020.5,1729828799999,16993.5688,150,35851.4,8832.94312,0,0.72
2024-10-25 04:00:00,0.246,0.246,0.2422,0.2431,226708.7,1729832399999,55191.15084,516,131415.6,31977.21392,0,0.72
2024-10-25 05:00:00,0.243,0.247,0.2427,0.2451,1245095.1,1729835999999,305521.45721,2873,920761.6,225929.01249,0,0.72
2024-10-25 06:00:00,0.2451,0.2466,0.2441,0.2446,527351.5,1729839599999,129333.29055,1221,294532.0,72248.85581,0,0.72
2024-10-25 07:00:00,0.2445,0.2447,0.2407,0.2412,1825596.5,1729843199999,441963.75654,2351,576242.3,139920.24302,0,0.72
2024-10-25 08:00:00,0.241,0.2442,0.2397,0.2436,436174.8,1729846799999,105218.93075,884,165429.7,39977.07087,0,0.72
2024-10-25 09:00:00,0.2439,0.2444,0.2433,0.244,182401.4,1729850399999,44478.26388,416,105551.1,25742.307,0,0.72
2024-10-25 10:00:00,0.2441,0.2444,0.2432,0.2433,163654.0,1729853999999,39881.71356,591,57098.8,13914.61103,0,0.72
2024-10-25 11:00:00,0.2432,0.2437,0.243,0.2434,182697.7,1729857599999,44453.97797,544,95978.7,23355.70648,0,0.72
2024-10-25 12:00:00,0.2435,0.2445,0.2423,0.2423,141191.4,1729861199999,34348.37089,496,57819.5,14076.08154,0,0.72
2024-10-25 13:00:00,0.2424,0.2437,0.2412,0.2436,138266.4,1729864799999,33499.44793,394,74801.5,18126.55099,0,0.72
2024-10-25 14:00:00,0.2436,0.2451,0.2434,0.2436,188495.6,1729868399999,46027.96788,480,97764.3,23873.84423,0,0.72
2024-10-25 15:00:00,0.2436,0.2441,0.2397,0.2406,356401.1,1729871999999,86470.91884,994,193728.4,47085.02575,0,0.72
2024-10-25 16:00:00,0.2406,0.2429,0.239,0.242,178897.7,1729875599999,43160.28909,577,64474.8,15557.62376,0,0.72
2024-10-25 17:00:00,0.242,0.2428,0.2373,0.2385,328086.6,1729879199999,78657.4782,957,122836.2,29510.6733,0,0.72
2024-10-25 18:00:00,0.2383,0.2408,0.2349,0.2385,657830.5,1729882799999,156841.61226,1670,328466.1,78285.64281,0,0.72
2024-10-25 19:00:00,0.2387,0.2391,0.2372,0.238,203172.2,1729886399999,48333.47164,666,107419.1,25561.80517,0,0.72
2024-10-25 20:00:00,0.238,0.2387,0.2371,0.2376,140823.8,1729889999999,33515.02612,442,79353.7,18890.84565,0,0.72
2024-10-25 21:00:00,0.2377,0.2389,0.2376,0.2386,78064.6,1729893599999,18598.41744,252,52172.7,12426.78024,0,0.72
2024-10-25 22:00:00,0.2386,0.2386,0.2348,0.235,187482.8,1729897199999,44460.33344,568,92926.8,22062.54758,0,0.72
2024-10-25 23:00:00,0.235,0.2352,0.2125,0.224,2646100.2,1729900799999,589556.03729,6137,1189817.4,265297.92148,0,0.72
2024-10-26 00:00:00,0.224,0.2255,0.2197,0.2249,818739.5,1729904399999,182041.0813,1805,425860.9,94635.62391,0,0.72
2024-10-26 01:00:00,0.2249,0.2269,0.2243,0.2265,278839.7,1729907999999,62928.53638,732,192026.4,43330.48547,0,0.72
2024-10-26 02:00:00,0.2263,0.228,0.224,0.2268,226433.3,1729911599999,51227.46592,541,118610.0,26848.1637,0,0.72
2024-10-26 03:00:00,0.2269,0.2277,0.2262,0.2267,142306.2,1729915199999,32291.8231,439,56077.5,12730.75222,0,0.72
2024-10-26 04:00:00,0.2269,0.2269,0.2257,0.2263,234922.9,1729918799999,53192.7492,573,105251.0,23829.88166,0,0.72
2024-10-26 05:00:00,0.2263,0.2279,0.2263,0.2272,130566.9,1729922399999,29664.55251,453,84814.2,19267.46556,0,0.72
2024-10-26 06:00:00,0.2272,0.2272,0.2258,0.2269,206418.9,1729925999999,46756.10823,522,89058.7,20180.87658,0,0.72
2024-10-26 07:00:00,0.2269,0.2273,0.2253,0.2256,172296.6,1729929599999,38991.27631,498,97954.4,22169.2847,0,0.72
2024-10-26 08:00:00,0.2255,0.2259,0.2247,0.2251,267891.1,1729933199999,60345.20307,669,140164.4,31584.7075,0,0.72
2024-10-26 09:00:00,0.2252,0.2263,0.225,0.2254,117606.8,1729936799999,26552.14839,331,63879.6,14419.4501,0,0.72
2024-10-26 10:00:00,0.2254,0.2259,0.2246,0.2246,116756.7,1729940399999,26293.75931,270,46253.7,10418.16608,0,0.72
2024-10-26 11:00:00,0.2247,0.2256,0.2239,0.2252,126685.4,1729943999999,28472.64909,373,75409.2,16940.67016,0,0.72
2024-10-26 12:00:00,0.2251,0.2255,0.2244,0.2245,122799.0,1729947599999,27613.93207,372,88568.2,19921.64128,0,0.72
2024-10-26 13:00:00,0.2245,0.2245,0.2214,0.2215,220914.8,1729951199999,49309.84314,674,90249.9,20157.69234,0,0.72
2024-10-26 14:00:00,0.2215,0.2222,0.2176,0.2177,338150.5,1729954799999,74428.04697,878,128608.9,28317.02503,0,0.72
2024-10-26 15:00:00,0.2177,0.2209,0.2174,0.2192,600331.6,1729958399999,131691.00869,1221,426268.3,93489.21342,0,0.72
2024-10-26 16:00:00,0.2191,0.2214,0.2186,0.2212,200902.0,1729961999999,44244.6437,401,106351.4,23425.25506,0,0.72
2024-10-26 17:00:00,0.2212,0.2231,0.221,0.2228,118493.6,1729965599999,26276.98354,304,67457.7,14965.18282,0,0.72
2024-10-26 18:00:00,0.2229,0.2236,0.2219,0.2221,153474.6,1729969199999,34147.17054,313,65134.4,14496.41278,0,0.72
2024-10-26 19:00:00,0.2222,0.2236,0.2221,0.2235,72385.5,1729972799999,16132.31791,277,41760.4,9305.74946,0,0.72
2024-10-26 20:00:00,0.2236,0.2258,0.2234,0.2239,151738.2,1729976399999,34114.60049,417,70043.1,15750.6409,0,0.72
2024-10-26 21:00:00,0.2239,0.2241,0.2233,0.2239,75951.0,1729979999999,17002.45598,210,32194.6,7205.12926,0,0.72
2024-10-26 22:00:00,0.2239,0.2242,0.2236,0.2237,56252.0,1729983599999,12590.9272,244,29327.4,6563.81389,0,0.72
2024-10-26 23:00:00,0.2237,0.2237,0.2229,0.223,153168.6,1729987199999,34204.72762,463,73474.0,16414.58423,0,0.72
2024-10-27 00:00:00,0.223,0.223,0.2209,0.2211,174054.7,1729990799999,38654.02177,500,77557.0,17238.9691,0,0.74
2024-10-27 01:00:00,0.2212,0.2234,0.2212,0.2233,246593.8,1729994399999,54801.63369,905,143331.7,31872.77199,0,0.74
2024-10-27 02:00:00,0.2233,0.2238,0.2224,0.2225,87367.7,1729997999999,19502.10715,290,42490.5,9488.33371,0,0.74
2024-10-27 03:00:00,0.2225,0.2254,0.2224,0.2251,90108.2,1730001599999,20146.73111,278,48698.8,10880.28635,0,0.74
2024-10-27 04:00:00,0.2255,0.2264,0.2248,0.225,114280.9,1730005199999,25804.71766,287,69529.1,15701.44359,0,0.74
2024-10-27 05:00:00,0.225,0.2261,0.2247,0.2261,41714.5,1730008799999,9404.08347,128,24248.4,5465.90798,0,0.74
2024-10-27 06:00:00,0.2261,0.2263,0.2255,0.2263,81487.0,1730012399999,18413.32445,222,51029.4,11529.57573,0,0.74
2024-10-27 07:00:00,0.2262,0.231,0.2261,0.2292,1466048.6,1730015999999,335435.51543,2919,966654.6,221091.26498,0,0.74
2024-10-27 08:00:00,0.2296,0.2338,0.2295,0.2331,2011777.3,1730019599999,466092.41476,6145,1200609.1,278345.53675,0,0.74
2024-10-27 09:00:00,0.2332,0.2733,0.2325,0.2676,31669509.1,1730023199999,8095442.5554,58922,16305097.6,4162046.45245,0,0.74
2024-10-27 10:00:00,0.2676,0.2679,0.2557,0.2589,9855204.4,1730026799999,2562373.87146,16448,5172497.2,1344720.53707,0,0.74
2024-10-27 11:00:00,0.2588,0.2635,0.2553,0.2558,5495902.4,1730030399999,1430778.53231,10215,2658856.2,692664.08038,0,0.74
2024-10-27 12:00:00,0.2557,0.2562,0.2493,0.2517,4083634.4,1730033999999,1032738.17222,7262,1902734.9,481426.44308,0,0.74
2024-10-27 13:00:00,0.2516,0.2543,0.2501,0.2503,2358620.4,1730037599999,594524.05339,4054,1148926.5,289795.36317,0,0.74
2024-10-27 14:00:00,0.2506,0.2527,0.2468,0.2522,2483636.2,1730041199999,620123.79017,4271,1281626.9,320132.10664,0,0.74
2024-10-27 15:00:00,0.2522,0.2609,0.249,0.2603,2868303.3,1730044799999,729037.84524,5599,1651734.4,420220.37944,0,0.74
2024-10-27 16:00:00,0.2603,0.2781,0.2583,0.2646,13661160.5,1730048399999,3667743.50186,24413,6682235.6,1794063.8458,0,0.74
2024-10-27 17:00:00,0.2643,0.2644,0.254,0.2566,4568533.0,1730051999999,1183426.90449,8969,2158332.2,559409.31475,0,0.74
2024-10-27 18:00:00,0.2567,0.2624,0.2564,0.257,2488912.6,1730055599999,645673.16244,5289,1304051.2,338487.9115,0,0.74
2024-10-27 19:00:00,0.257,0.2667,0.257,0.2611,5436952.9,1730059199999,1427306.17703,9537,2684587.6,705583.99194,0,0.74
2024-10-27 20:00:00,0.261,0.2624,0.2571,0.2587,2066379.5,1730062799999,535480.16627,4645,1094102.0,283604.74627,0,0.74
2024-10-27 21:00:00,0.2589,0.2639,0.2586,0.2597,1419219.5,1730066399999,370336.4806,3385,755367.7,197154.74174,0,0.74
2024-10-27 22:00:00,0.2597,0.2605,0.2579,0.2602,976326.8,1730069999999,253061.24483,2381,543026.8,140728.71069,0,0.74
2024-10-27 23:00:00,0.2602,0.2611,0.2534,0.2546,1293753.3,1730073599999,331714.06485,2502,532387.4,136424.36132,0,0.74
2024-10-28 00:00:00,0.2545,0.2698,0.2528,0.2633,6344892.7,1730077199999,1667408.2543,13905,3305837.4,867755.72182,0,0.72
2024-10-28 01:00:00,0.263,0.2661,0.2532,0.2574,3131421.3,1730080799999,813539.76908,7038,1450543.9,377081.14268,0,0.72
2024-10-28 02:00:00,0.2573,0.2649,0.254,0.2595,1942659.5,1730084399999,502280.45174,4544,1001758.4,258904.88809,0,0.72
2024-10-28 03:00:00,0.2595,0.2708,0.2588,0.2663,3804412.3,1730087999999,1012142.85912,10420,1853288.2,493052.2034,0,0.72
2024-10-28 04:00:00,0.2663,0.2671,0.2575,0.2635,2928525.5,1730091599999,771686.32187,6265,1315801.3,346527.32039,0,0.72
2024-10-28 05:00:00,0.2636,0.27,0.2611,0.2688,2436292.4,1730095199999,649178.31221,5300,1184342.2,315672.70203,0,0.72
2024-10-28 06:00:00,0.2686,0.2877,0.2637,0.2706,10733401.8,1730098799999,2943868.97171,22056,5623086.2,1540395.89636,0,0.72
2024-10-28 07:00:00,0.2706,0.2769,0.2674,0.2744,4241548.7,1730102399999,1156698.7346,8404,2265347.0,618129.55576,0,0.72
2024-10-28 08:00:00,0.2742,0.275,0.269,0.273,4918089.6,1730105999999,1337888.83243,7826,2236155.7,608364.65362,0,0.72
2024-10-28 09:00:00,0.273,0.2739,0.2659,0.2669,4536994.1,1730109599999,1220044.95452,5412,1943285.9,522246.36555,0,0.72
2024-10-28 10:00:00,0.267,0.2705,0.2637,0.2701,2771055.7,1730113199999,738804.7282,4141,1248993.1,332975.96985,0,0.72
2024-10-28 11:00:00,0.2703,0.2723,0.2664,0.2692,2218648.3,1730116799999,597536.01389,3847,1113156.1,300017.34799,0,0.72
2024-10-28 12:00:00,0.2691,0.2794,0.2678,0.274,5420003.0,1730120399999,1480440.30581,9446,2802804.8,765689.47843,0,0.72
2024-10-28 13:00:00,0.2741,0.2753,0.2591,0.2616,6199671.5,1730123999999,1653586.32177,8247,2467402.9,657024.91205,0,0.72
2024-10-28 14:00:00,0.2617,0.2617,0.2559,0.2582,3161216.5,1730127599999,819188.80248,5073,1546684.5,400944.35054,0,0.72
2024-10-28 15:00:00,0.2581,0.2585,0.2541,0.2552,2245096.2,1730131199999,574817.84995,3360,982558.5,251628.47794,0,0.72
2024-10-28 16:00:00,0.2549,0.2574,0.2521,0.2539,1600845.3,1730134799999,407993.06675,2562,707708.1,180232.81007,0,0.72
2024-10-28 17:00:00,0.2538,0.254,0.2495,0.2514,2755448.6,1730138399999,692978.4663,4129,1522109.2,382815.53797,0,0.72
2024-10-28 18:00:00,0.2515,0.2534,0.2496,0.2519,1502633.6,1730141999999,377405.58917,2670,707030.3,177554.90503,0,0.72
2024-10-28 19:00:00,0.2515,0.2543,0.2491,0.2498,1681314.4,1730145599999,423592.57442,2371,810057.4,203793.44532,0,0.72
2024-10-28 20:00:00,0.2498,0.2509,0.2477,0.2488,1247750.3,1730149199999,310753.7754,2115,680629.5,169514.59838,0,0.72
2024-10-28 21:00:00,0.2486,0.2486,0.242,0.2453,1606510.2,1730152799999,393557.23298,2468,725939.3,177862.71991,0,0.72
2024-10-28 22:00:00,0.2454,0.2478,0.2441,0.2478,1473636.6,1730156399999,362713.32188,2662,881243.8,216919.07303,0,0.72
2024-10-28 23:00:00,0.2478,0.254,0.2476,0.2512,1666833.4,1730159999999,417857.66063,2148,783230.6,196311.39608,0,0.72
2024-10-29 00:00:00,0.251,0.2603,0.2502,0.2581,4224126.7,1730163599999,1081671.3391,7970,1813867.8,464670.30669,0,0.72
2024-10-29 01:00:00,0.2583,0.2654,0.2564,0.2597,1952891.5,1730167199999,509552.62886,4522,965596.6,251707.23861,0,0.72
2024-10-29 02:00:00,0.2598,0.2655,0.2585,0.2622,1115899.9,1730170799999,292991.27541,2460,623262.0,163797.09285,0,0.72
2024-10-29 03:00:00,0.2622,0.264,0.2601,0.262,871003.6,1730174399999,227884.0556,1440,512166.9,133949.86905,0,0.72
2024-10-29 04:00:00,0.2624,0.2629,0.258,0.2586,928503.8,1730177999999,241880.77876,1777,422485.1,110250.25235,0,0.72
2024-10-29 05:00:00,0.2586,0.2617,0.2574,0.2597,912388.8,1730181599999,236757.59651,1959,515228.8,133732.14357,0,0.72
2024-10-29 06:00:00,0.2596,0.2607,0.2549,0.2558,1445623.8,1730185199999,372582.83957,2731,736590.9,189843.45044,0,0.72
2024-10-29 07:00:00,0.256,0.2569,0.2546,0.256,432944.2,1730188799999,110717.31555,900,225019.1,57521.69553,0,0.72
2024-10-29 08:00:00,0.2557,0.2586,0.2546,0.2566,775287.6,1730192399999,198968.43337,1706,349470.7,89704.06804,0,0.72
2024-10-29 09:00:00,0.2568,0.2573,0.2555,0.2572,477349.7,1730195999999,122449.1949,712,266114.8,68258.31121,0,0.72
2024-10-29 10:00:00,0.2572,0.2573,0.2543,0.2546,709136.3,1730199599999,181176.55805,1052,246592.1,63071.88071,0,0.72
2024-10-29 11:00:00,0.2547,0.2568,0.2547,0.2556,999439.5,1730203199999,255633.05174,1843,621965.8,159133.41281,0,0.72
2024-10-29 12:00:00,0.2556,0.256,0.2533,0.2544,693433.6,1730206799999,176449.2142,1208,335457.6,85439.91649,0,0.72
2024-10-29 13:00:00,0.2543,0.2561,0.2539,0.2545,449923.4,1730210399999,114720.14624,881,245741.0,62646.91056,0,0.72
2024-10-29 14:00:00,0.2543,0.2559,0.2538,0.2557,647322.9,1730213999999,165046.8815,991,333144.5,84951.2915,0,0.72
2024-10-29 15:00:00,0.2559,0.2563,0.2544,0.2561,842618.9,1730217599999,215294.14594,1498,345134.3,88195.05316,0,0.72
2024-10-29 16:00:00,0.2559,0.2601,0.2557,0.2597,1393440.7,1730221199999,359655.74722,1989,656912.1,169627.84753,0,0.72
2024-10-29 17:00:00,0.2598,0.2608,0.258,0.2586,625769.0,1730224799999,162444.62484,1126,258270.6,67071.95658,0,0.72
2024-10-29 18:00:00,0.2589,0.2593,0.2577,0.2591,666592.0,1730228399999,172343.16602,741,287129.3,74237.30093,0,0.72
2024-10-29 19:00:00,0.2591,0.2596,0.2536,0.2538,1828565.2,1730231999999,466990.90309,1829,699386.5,178509.98173,0,0.72
2024-10-29 20:00:00,0.2539,0.2546,0.2509,0.2525,792886.7,1730235599999,200344.42942,1223,399024.5,100839.2338,0,0.72
2024-10-29 21:00:00,0.2523,0.2539,0.2523,0.2534,449678.6,1730239199999,113944.95869,570,235112.8,59571.94531,0,0.72
2024-10-29 22:00:00,0.2534,0.2571,0.253,0.2559,659272.9,1730242799999,168690.25238,1057,307911.8,78765.27757,0,0.72
2024-10-29 23:00:00,0.2557,0.2573,0.2556,0.2572,292891.8,1730246399999,75173.22127,539,142419.8,36551.35126,0,0.72
2024-10-30 00:00:00,0.2571,0.2572,0.2533,0.2539,656090.9,1730249999999,167154.16136,1095,292131.8,74403.35742,0,0.77
2024-10-30 01:00:00,0.2539,0.2546,0.2511,0.2534,1028598.9,1730253599999,259877.30446,1851,557996.6,141018.02585,0,0.77
2024-10-30 02:00:00,0.2534,0.2545,0.2526,0.2535,846038.5,1730257199999,214555.95388,1553,462261.4,117239.74945,0,0.77
2024-10-30 03:00:00,0.2535,0.2544,0.2528,0.2536,443934.3,1730260799999,112568.87551,673,217006.3,54995.55771,0,0.77
2024-10-30 04:00:00,0.2538,0.2544,0.2527,0.253,323946.6,1730264399999,82095.04586,512,160642.1,40710.93281,0,0.77
2024-10-30 05:00:00,0.2531,0.2543,0.2528,0.2533,309176.2,1730267999999,78393.94432,563,200271.4,50778.64551,0,0.77
2024-10-30 06:00:00,0.2535,0.2565,0.2534,0.2553,494840.2,1730271599999,125866.52739,1038,257530.2,65492.64977,0,0.77
2024-10-30 07:00:00,0.2552,0.2561,0.2532,0.2533,698672.3,1730275199999,178201.68537,963,364581.9,93065.23508,0,0.77
2024-10-30 08:00:00,0.2532,0.2546,0.2507,0.2511,692645.4,1730278799999,175049.41267,1090,340706.0,86145.01431,0,0.77
2024-10-30 09:00:00,0.2511,0.2534,0.251,0.2528,639456.3,1730282399999,161191.21431,881,308862.4,77847.90684,0,0.77
2024-10-30 10:00:00,0.2529,0.2537,0.2522,0.2525,635352.3,1730285999999,160683.28799,929,358215.3,90574.57651,0,0.77
2024-10-30 11:00:00,0.2526,0.2537,0.2513,0.2534,596007.6,1730289599999,150687.03466,844,316301.5,79941.05014,0,0.77
2024-10-30 12:00:00,0.2533,0.2568,0.2516,0.2563,1170487.9,1730293199999,297255.69843,1802,655882.0,166603.3075,0,0.77
2024-10-30 13:00:00,0.256,0.2562,0.2534,0.2554,1119372.5,1730296799999,285613.46975,1778,511315.4,130427.55803,0,0.77
2024-10-30 14:00:00,0.2554,0.2577,0.2548,0.2565,634013.1,1730300399999,162387.36474,2065,264599.5,67782.91839,0,0.77
2024-10-30 15:00:00,0.2565,0.2593,0.2543,0.2579,536728.7,1730303999999,137791.67113,1688,314558.7,80728.33044,0,0.77
2024-10-30 16:00:00,0.2578,0.259,0.2558,0.2567,340237.2,1730307599999,87498.78227,928,201124.3,51721.06889,0,0.77
2024-10-30 17:00:00,0.2566,0.2595,0.255,0.2589,824385.0,1730311199999,212066.47275,1276,505373.8,130189.13339,0,0.77
2024-10-30 18:00:00,0.2592,0.2592,0.2575,0.2578,295970.9,1730314799999,76459.49103,644,195551.8,50528.17976,0,0.77
2024-10-30 19:00:00,0.2577,0.258,0.2564,0.2565,202478.0,1730318399999,52087.76931,418,106842.9,27485.39799,0,0.77
2024-10-30 20:00:00,0.2565,0.2596,0.2552,0.2596,544509.9,1730321999999,139899.09545,1042,329217.5,84616.24474,0,0.77
2024-10-30 21:00:00,0.2594,0.2594,0.256,0.2567,228524.0,1730325599999,58907.15685,622,108339.0,27914.20736,0,0.77
2024-10-30 22:00:00,0.2564,0.2567,0.2538,0.2541,447505.8,1730329199999,114213.62926,707,204143.3,52103.112,0,0.77
2024-10-30 23:00:00,0.254,0.2563,0.254,0.255,545106.9,1730332799999,139216.10925,1391,220378.0,56293.8644,0,0.77
2024-10-31 00:00:00,0.2552,0.2602,0.2519,0.2524,1271921.1,1730336399999,324720.41825,3145,576350.5,147843.78624,0,0.77
2024-10-31 01:00:00,0.2525,0.2544,0.2499,0.2539,1433736.3,1730339999999,362610.71397,2084,817394.9,206613.27533,0,0.77
2024-10-31 02:00:00,0.2536,0.2542,0.2524,0.2529,754673.4,1730343599999,191043.34594,1253,366738.7,92851.07094,0,0.77
2024-10-31 03:00:00,0.2531,0.2533,0.2505,0.2508,178926.9,1730347199999,44999.97118,268,96613.2,24309.55956,0,0.77
2024-10-31 04:00:00,0.2508,0.2514,0.2493,0.2497,330616.4,1730350799999,82712.43814,615,186614.4,46686.16656,0,0.77
2024-10-31 05:00:00,0.2497,0.2504,0.2481,0.2485,390562.7,1730354399999,97305.67332,715,154661.4,38542.26679,0,0.77
2024-10-31 06:00:00,0.2485,0.2486,0.2463,0.2474,417889.8,1730357999999,103356.74375,1001,185151.2,45766.83298,0,0.77
2024-10-31 07:00:00,0.2474,0.249,0.2463,0.2485,199686.2,1730361599999,49516.16062,364,111704.8,27717.18973,0,0.77
2024-10-31 08:00:00,0.2485,0.2486,0.2463,0.2475,259036.4,1730365199999,64118.79086,466,132472.7,32791.58531,0,0.77
2024-10-31 09:00:00,0.2475,0.2495,0.2468,0.2471,277122.1,1730368799999,68806.60461,542,106744.4,26515.28279,0,0.77
2024-10-31 10:00:00,0.2471,0.2481,0.2458,0.2477,159762.2,1730372399999,39454.12353,370,75366.5,18602.26546,0,0.77
2024-10-31 11:00:00,0.2477,0.2484,0.2468,0.2478,276660.5,1730375999999,68526.19702,476,94523.1,23412.8463,0,0.77
2024-10-31 12:00:00,0.2479,0.2501,0.2459,0.2475,446402.9,1730379599999,110685.48462,899,264040.0,65515.17285,0,0.77
2024-10-31 13:00:00,0.2474,0.248,0.2442,0.2453,830433.7,1730383199999,203953.95092,1593,349898.5,86059.9583,0,0.77
2024-10-31 14:00:00,0.2452,0.2452,0.2417,0.243,670912.7,1730386799999,163171.18367,1663,376001.8,91455.60322,0,0.77
2024-10-31 15:00:00,0.2431,0.246,0.2427,0.2451,465159.8,1730390399999,113801.33927,1022,241796.2,59151.77387,0,0.77
2024-10-31 16:00:00,0.2451,0.2451,0.2432,0.2448,268097.3,1730393999999,65460.01735,641,111635.6,27259.18156,0,0.77
2024-10-31 17:00:00,0.2447,0.2451,0.2425,0.2433,94369.1,1730397599999,23041.92597,270,52688.9,12871.73949,0,0.77
2024-10-31 18:00:00,0.2434,0.2434,0.2398,0.2428,235431.0,1730401199999,56660.33055,643,74167.9,17862.81605,0,0.77
2024-10-31 19:00:00,0.2427,0.2434,0.2412,0.2413,197151.0,1730404799999,47779.69771,477,81065.6,19652.04843,0,0.77
2024-10-31 20:00:00,0.2414,0.2425,0.2405,0.2425,216171.3,1730408399999,52172.13978,610,85927.2,20734.48992,0,0.77
2024-10-31 21:00:00,0.2425,0.2436,0.2415,0.2435,152901.0,1730411999999,37083.61089,585,48849.3,11843.7459,0,0.77
2024-10-31 22:00:00,0.2433,0.2435,0.2411,0.2422,199630.6,1730415599999,48291.69239,495,89766.4,21719.81863,0,0.77
2024-10-31 23:00:00,0.242,0.2438,0.2415,0.2431,173104.8,1730419199999,42029.23619,464,103554.9,25148.4728,0,0.77
2024-11-01 00:00:00,0.2431,0.2442,0.241,0.2411,446743.2,1730422799999,108375.7844,1029,187351.1,45452.60135,0,0.75
2024-11-01 01:00:00,0.241,0.2415,0.2383,0.24,384839.1,1730426399999,92365.14726,1110,204538.2,49115.9878,0,0.75
2024-11-01 02:00:00,0.2402,0.2404,0.2348,0.2376,927724.1,1730429999999,220281.61875,2661,250840.1,59587.68704,0,0.75
2024-11-01 03:00:00,0.2376,0.239,0.2375,0.2376,181203.2,1730433599999,43187.24432,477,105917.1,25235.74512,0,0.75
2024-11-01 04:00:00,0.2377,0.2399,0.2377,0.2398,219280.9,1730437199999,52351.12378,541,130432.7,31133.53154,0,0.75
2024-11-01 05:00:00,0.2399,0.2404,0.2386,0.239,127917.1,1730440799999,30632.35865,398,90900.9,21778.05055,0,0.75
2024-11-01 06:00:00,0.2392,0.2392,0.2365,0.2365,179498.1,1730444399999,42677.47788,645,99995.4,23786.43841,0,0.75
2024-11-01 07:00:00,0.2365,0.2372,0.2348,0.2352,372053.2,1730447999999,87766.73121,900,148485.1,35064.12122,0,0.75
2024-11-01 08:00:00,0.2352,0.2379,0.235,0.2374,446807.0,1730451599999,105693.82964,886,192681.6,45605.31763,0,0.75
2024-11-01 09:00:00,0.2374,0.2385,0.2368,0.238,97480.8,1730455199999,23176.41718,339,32072.0,7629.31542,0,0.75
2024-11-01 10:00:00,0.238,0.2393,0.2376,0.2382,180365.5,1730458799999,42980.64205,535,71004.5,16915.34421,0,0.75
2024-11-01 11:00:00,0.2383,0.2412,0.238,0.2411,741019.8,1730462399999,177584.12838,2576,569196.4,136420.09577,0,0.75
2024-11-01 12:00:00,0.2411,0.2443,0.2411,0.2438,412255.9,1730465999999,100138.19614,890,252487.2,61369.93124,0,0.75
2024-11-01 13:00:00,0.2436,0.2469,0.2433,0.2463,341071.3,1730469599999,83553.85292,998,178861.9,43799.18043,0,0.75
2024-11-01 14:00:00,0.2463,0.2465,0.2447,0.2452,335069.1,1730473199999,82251.58415,844,179323.5,44011.94154,0,0.75
2024-11-01 15:00:00,0.2453,0.2453,0.2362,0.2378,477628.8,1730476799999,115356.34846,1436,136742.3,32972.69521,0,0.75
2024-11-01 16:00:00,0.2378,0.241,0.2373,0.2396,195589.6,1730480399999,46727.5181,562,89598.1,21416.79832,0,0.75
2024-11-01 17:00:00,0.2399,0.2406,0.2384,0.2389,164821.4,1730483999999,39492.64434,476,82387.9,19742.83376,0,0.75
2024-11-01 18:00:00,0.2389,0.2389,0.2374,0.2374,71683.2,1730487599999,17064.91505,242,40834.9,9720.81868,0,0.75
2024-11-01 19:00:00,0.2373,0.2382,0.2363,0.2377,84357.1,1730491199999,20027.89899,340,33191.1,7877.58068,0,0.75
2024-11-01 20:00:00,0.2378,0.2388,0.2377,0.2381,68727.8,1730494799999,16388.88929,213,38266.8,9124.95163,0,0.75
2024-11-01 21:00:00,0.238,0.238,0.2338,0.2358,225087.1,1730498399999,53047.54194,512,144923.3,34188.93896,0,0.75
2024-11-01 22:00:00,0.2358,0.2368,0.2352,0.236,141524.2,1730501999999,33398.00417,310,68566.0,16181.79114,0,0.75
2024-11-01 23:00:00,0.2361,0.2368,0.236,0.2365,22749.8,1730505599999,5378.61198,105,12011.2,2839.80275,0,0.75
2024-11-02 00:00:00,0.2364,0.2508,0.2362,0.2501,3933939.6,1730509199999,963088.14429,13607,2712079.7,665054.41071,0,0.72
2024-11-02 01:00:00,0.2501,0.2568,0.2476,0.2533,7476571.1,1730512799999,1882090.05079,15152,3639381.3,916566.70064,0,0.72
2024-11-02 02:00:00,0.2534,0.2564,0.25,0.2547,1460869.9,1730516399999,370047.81293,2741,803615.6,203595.32807,0,0.72
2024-11-02 03:00:00,0.2546,0.2577,0.251,0.2522,1422677.7,1730519999999,362567.49418,2198,711257.6,181321.91429,0,0.72
2024-11-02 04:00:00,0.252,0.2537,0.2502,0.2506,705524.3,1730523599999,177519.07644,1199,376171.7,94665.68888,0,0.72
2024-11-02 05:00:00,0.2506,0.2599,0.2506,0.2549,2623797.7,1730527199999,672583.44559,4598,1440742.0,369685.06755,0,0.72
2024-11-02 06:00:00,0.2549,0.2578,0.2524,0.2543,1488279.9,1730530799999,379793.05759,2497,836482.2,213681.80185,0,0.72
2024-11-02 07:00:00,0.2541,0.2563,0.2528,0.2551,1776906.4,1730534399999,452679.35501,3542,728816.9,185734.39577,0,0.72
2024-11-02 08:00:00,0.2551,0.2567,0.25,0.252,1192930.1,1730537999999,301950.24259,2251,562856.4,142422.04808,0,0.72
2024-11-02 09:00:00,0.2518,0.2538,0.2491,0.2493,1098174.2,1730541599999,276601.43167,1542,460556.3,116091.13197,0,0.72
2024-11-02 10:00:00,0.2493,0.2506,0.2468,0.2479,811813.3,1730545199999,201686.27007,1427,317251.9,78876.10073,0,0.72
2024-11-02 11:00:00,0.2478,0.2486,0.2435,0.2441,1076969.0,1730548799999,264716.32292,2009,596458.8,146529.07586,0,0.72
2024-11-02 12:00:00,0.244,0.2452,0.2396,0.241,1169193.2,1730552399999,283010.51692,2305,561656.4,136016.27624,0,0.72
2024-11-02 13:00:00,0.2411,0.2433,0.2377,0.2394,1001235.4,1730555999999,241200.88781,1892,457206.1,110207.46791,0,0.72
2024-11-02 14:00:00,0.2394,0.2436,0.2387,0.2397,4056240.9,1730559599999,979254.28498,5675,1872452.7,452391.18181,0,0.72
2024-11-02 15:00:00,0.2397,0.2408,0.2381,0.2403,947144.9,1730563199999,227018.20626,1478,363058.3,87004.39467,0,0.72
2024-11-02 16:00:00,0.2404,0.2441,0.2396,0.2407,1029330.5,1730566799999,248791.32647,2199,595336.2,143938.63153,0,0.72
2024-11-02 17:00:00,0.2408,0.2414,0.2381,0.2397,514395.2,1730570399999,123287.21828,861,207360.1,49728.5882,0,0.72
2024-11-02 18:00:00,0.2397,0.2439,0.2397,0.2425,976771.1,1730573999999,236490.94017,1700,538566.0,130535.14589,0,0.72
2024-11-02 19:00:00,0.2425,0.2427,0.2405,0.2407,479317.5,1730577599999,115573.70728,805,129988.7,31383.59536,0,0.72
2024-11-02 20:00:00,0.2407,0.243,0.2405,0.2424,476980.9,1730581199999,115062.78682,677,261914.8,63216.8298,0,0.72
2024-11-02 21:00:00,0.2425,0.2431,0.2416,0.2423,211384.3,1730584799999,51223.7381,410,70166.3,17008.60956,0,0.72
2024-11-02 22:00:00,0.2421,0.2424,0.2406,0.2418,279893.1,1730588399999,67559.60039,593,135337.2,32669.42047,0,0.72
2024-11-02 23:00:00,0.2417,0.2419,0.2402,0.2417,189690.6,1730591999999,45720.32752,410,81343.0,19609.5802,0,0.72
2024-11-03 00:00:00,0.2416,0.2625,0.2405,0.254,10172383.5,1730595599999,2595445.01262,20213,4709044.3,1201887.23292,0,0.74
2024-11-03 01:00:00,0.2541,0.2572,0.2505,0.2529,2426514.3,1730599199999,614901.92488,4034,1058475.1,268355.56685,0,0.74
2024-11-03 02:00:00,0.2524,0.2543,0.2437,0.2463,2020095.1,1730602799999,501201.50143,3368,972179.7,241367.04795,0,0.74
2024-11-03 03:00:00,0.2459,0.2522,0.245,0.2478,1818152.0,1730606399999,452057.52287,2786,748071.9,185866.11241,0,0.74
2024-11-03 04:00:00,0.2476,0.2499,0.2469,0.2475,876250.4,1730609999999,217859.77316,1286,428922.8,106663.78419,0,0.74
2024-11-03 05:00:00,0.2474,0.2512,0.2471,0.2495,1193515.7,1730613599999,297182.67559,1780,534621.5,133067.09822,0,0.74
2024-11-03 06:00:00,0.2499,0.2511,0.2488,0.2493,950625.8,1730617199999,237221.79154,1205,584437.4,145790.47435,0,0.74
2024-11-03 07:00:00,0.2493,0.2498,0.2471,0.2488,593035.9,1730620799999,147334.3011,1141,275470.8,68475.00878,0,0.74
2024-11-03 08:00:00,0.2489,0.2489,0.2448,0.2452,1101727.4,1730624399999,271615.42559,1690,381571.9,94081.38779,0,0.74
2024-11-03 09:00:00,0.2454,0.2459,0.2418,0.2433,608547.4,1730627999999,148358.64435,1817,359234.1,87546.57869,0,0.74
2024-11-03 10:00:00,0.2433,0.2458,0.2428,0.2441,623580.1,1730631599999,152386.79356,1247,255361.3,62398.03677,0,0.74
2024-11-03 11:00:00,0.2441,0.2478,0.2427,0.2451,1566282.9,1730635199999,384882.21004,2526,714560.3,175582.84722,0,0.74
2024-11-03 12:00:00,0.2453,0.2491,0.2444,0.2456,2654708.7,1730638799999,656212.51253,4946,1468065.9,362912.4133,0,0.74
2024-11-03 13:00:00,0.2455,0.2645,0.2406,0.2427,12215690.0,1730642399999,3101902.46308,21261,5920549.6,1504716.5736,0,0.74
2024-11-03 14:00:00,0.2428,0.2499,0.2424,0.2484,4120927.5,1730645999999,1014199.59292,6376,1803383.9,444325.84117,0,0.74
2024-11-03 15:00:00,0.2486,0.2521,0.2441,0.2521,3292932.1,1730649599999,816799.22229,5464,1473486.0,365821.09415,0,0.74
2024-11-03 16:00:00,0.252,0.252,0.2482,0.2489,1720415.5,1730653199999,430241.01611,2557,704544.6,176236.01579,0,0.74
2024-11-03 17:00:00,0.2486,0.2526,0.2478,0.2486,944032.5,1730656799999,236439.38474,1778,406605.3,101866.74177,0,0.74
2024-11-03 18:00:00,0.2488,0.2495,0.2462,0.2469,1026102.4,1730660399999,253823.49046,1869,372690.6,92242.24496,0,0.74
2024-11-03 19:00:00,0.2466,0.2518,0.246,0.2502,900353.3,1730663999999,224672.63813,1540,502086.1,125311.20332,0,0.74
2024-11-03 20:00:00,0.2502,0.2552,0.2502,0.2535,1841747.5,1730667599999,466541.44666,2376,1045137.0,264827.02506,0,0.74
2024-11-03 21:00:00,0.2535,0.2616,0.2526,0.257,3002153.5,1730671199999,771932.65977,4811,1739806.3,447332.19915,0,0.74
2024-11-03 22:00:00,0.257,0.2588,0.2526,0.2529,1352325.5,1730674799999,345718.03021,2272,680383.9,174121.11995,0,0.74
2024-11-03 23:00:00,0.253,0.2572,0.251,0.2554,846735.0,1730678399999,215161.71024,1468,405885.7,103166.5608,0,0.74
2024-11-04 00:00:00,0.2551,0.2658,0.2535,0.2649,4428581.7,1730681999999,1157880.819,8058,2228492.5,582915.73927,0,0.7
2024-11-04 01:00:00,0.2648,0.2695,0.2465,0.2473,5177332.4,1730685599999,1332060.65784,8353,2490338.9,641010.27168,0,0.7
2024-11-04 02:00:00,0.2472,0.2504,0.2402,0.2481,3237503.3,1730689199999,794507.77005,6044,1595544.5,392455.20704,0,0.7
2024-11-04 03:00:00,0.2482,0.2546,0.248,0.2533,1276116.4,1730692799999,320210.568,2383,710002.7,178174.21114,0,0.7
2024-11-04 04:00:00,0.2534,0.2594,0.2506,0.2518,1678697.8,1730696399999,427866.41061,3350,766383.4,195570.25069,0,0.7
2024-11-04 05:00:00,0.2519,0.2519,0.2447,0.2471,1143244.4,1730699999999,282724.12901,2688,485087.7,119956.86801,0,0.7
2024-11-04 06:00:00,0.2471,0.2491,0.247,0.2478,594827.1,1730703599999,147342.52462,1186,263672.9,65347.29021,0,0.7
2024-11-04 07:00:00,0.2479,0.2504,0.2455,0.2456,806485.4,1730707199999,199877.19397,1452,276319.0,68480.32011,0,0.7
2024-11-04 08:00:00,0.2455,0.2471,0.2442,0.2444,984780.7,1730710799999,241523.57792,1638,332313.6,81576.6088,0,0.7
2024-11-04 09:00:00,0.2445,0.2455,0.2419,0.2428,1157402.2,1730714399999,282461.23283,1338,475192.4,116085.66288,0,0.7
2024-11-04 10:00:00,0.2427,0.246,0.2427,0.2436,894437.9,1730717999999,218340.40701,1660,431641.2,105416.91646,0,0.7
2024-11-04 11:00:00,0.2437,0.2473,0.2429,0.2443,546559.7,1730721599999,133841.02974,1156,299295.8,73242.77067,0,0.7
2024-11-04 12:00:00,0.2444,0.2484,0.2444,0.2477,812968.5,1730725199999,200278.06927,1471,384288.0,94652.6491,0,0.7
2024-11-04 13:00:00,0.2478,0.2496,0.2445,0.2446,893849.0,1730728799999,221405.81092,1699,448136.5,110995.51788,0,0.7
2024-11-04 14:00:00,0.2448,0.246,0.2437,0.2445,688184.7,1730732399999,168347.43911,1171,220830.2,54057.76544,0,0.7
2024-11-04 15:00:00,0.2444,0.2481,0.2422,0.2442,1077497.0,1730735999999,263752.4103,1745,628047.1,153931.18939,0,0.7
2024-11-04 16:00:00,0.2442,0.2453,0.2398,0.2438,983433.7,1730739599999,238094.38774,1829,483331.4,117102.00902,0,0.7
2024-11-04 17:00:00,0.2434,0.2449,0.2411,0.2422,644414.0,1730743199999,156396.88726,1030,253723.5,61566.62362,0,0.7
2024-11-04 18:00:00,0.2421,0.2435,0.2411,0.2419,281363.1,1730746799999,68248.34506,589,153935.4,37352.88227,0,0.7
2024-11-04 19:00:00,0.2419,0.2434,0.2416,0.243,380490.5,1730750399999,92218.37394,744,195318.0,47348.76587,0,0.7
2024-11-04 20:00:00,0.2429,0.243,0.2404,0.241,304668.3,1730753999999,73572.85363,533,122136.3,29486.92975,0,0.7
2024-11-04 21:00:00,0.2409,0.2417,0.2359,0.2365,1292061.0,1730757599999,308207.80944,2152,517985.5,123516.81318,0,0.7
2024-11-04 22:00:00,0.2363,0.2428,0.2362,0.2423,2579788.6,1730761199999,618283.35882,3367,1343601.6,322346.08923,0,0.7
2024-11-04 23:00:00,0.2423,0.2443,0.239,0.2407,2254578.3,1730764799999,545256.503,3001,942498.5,228129.00442,0,0.7
2024-11-05 00:00:00,0.2407,0.2429,0.2386,0.2413,1032664.9,1730768399999,248660.68051,1510,493960.5,118930.5002,0,0.7
2024-11-05 01:00:00,0.2411,0.2466,0.2386,0.2425,1169565.3,1730771999999,283081.02202,1723,620107.5,149804.56625,0,0.7
2024-11-05 02:00:00,0.2426,0.2426,0.2404,0.2417,286845.7,1730775599999,69213.6057,498,156068.6,37657.8136,0,0.7
2024-11-05 03:00:00,0.2417,0.2436,0.2416,0.2436,262448.9,1730779199999,63757.24757,327,151379.4,36772.7902,0,0.7
2024-11-05 04:00:00,0.2436,0.2452,0.2412,0.2429,2151185.5,1730782799999,523739.52035,2637,1081447.8,263429.76335,0,0.7
2024-11-05 05:00:00,0.2431,0.2446,0.2429,0.2445,156152.7,1730786399999,38037.21602,303,81025.8,19744.6428,0,0.7
2024-11-05 06:00:00,0.2445,0.2451,0.2425,0.2427,474262.6,1730789999999,115530.31494,629,217148.1,52978.42763,0,0.7
2024-11-05 07:00:00,0.2427,0.2432,0.2404,0.2429,369491.3,1730793599999,89358.64022,634,148441.6,35885.06038,0,0.7
2024-11-05 08:00:00,0.2428,0.2432,0.2413,0.2432,265979.7,1730797199999,64356.26297,426,111753.9,27027.98001,0,0.7
2024-11-05 09:00:00,0.2431,0.2437,0.2412,0.2418,389248.9,1730800799999,94403.32299,534,193994.3,47044.19509,0,0.7
2024-11-05 10:00:00,0.2418,0.242,0.2398,0.241,384097.9,1730804399999,92355.54431,572,158511.1,38109.64513,0,0.7
2024-11-05 11:00:00,0.2411,0.2424,0.2411,0.2417,169557.2,1730807999999,41000.2655,334,84944.5,20543.46548,0,0.7
2024-11-05 12:00:00,0.2418,0.2423,0.2403,0.2418,703580.8,1730811599999,169876.07593,1346,278081.0,67149.88042,0,0.7
2024-11-05 13:00:00,0.2418,0.2456,0.2409,0.2425,726280.6,1730815199999,176394.04174,1367,371137.3,90239.60422,0,0.7
2024-11-05 14:00:00,0.2425,0.2482,0.2425,0.2477,744274.6,1730818799999,182799.72432,1390,471289.7,115693.51892,0,0.7
2024-11-05 15:00:00,0.2477,0.2505,0.2461,0.248,1456371.3,1730822399999,361597.43631,2499,907617.4,225379.97143,0,0.7
2024-11-05 16:00:00,0.2482,0.2541,0.2477,0.2532,938816.2,1730825999999,235956.43777,1803,569044.3,143000.53209,0,0.7
2024-11-05 17:00:00,0.2534,0.2579,0.2531,0.2557,1245847.9,1730829599999,317839.37107,2496,731406.0,186674.42739,0,0.7
2024-11-05 18:00:00,0.2557,0.2572,0.2525,0.2555,4546675.0,1730833199999,1158656.27185,5823,2408562.1,614102.06162,0,0.7
2024-11-05 19:00:00,0.2554,0.2573,0.2507,0.2518,967491.0,1730836799999,246401.8835,1555,448142.6,114082.78891,0,0.7
2024-11-05 20:00:00,0.2519,0.2539,0.2497,0.2506,657608.3,1730840399999,165278.85337,1030,335559.6,84398.65433,0,0.7
2024-11-05 21:00:00,0.2507,0.2519,0.2496,0.2503,356176.1,1730843999999,89351.7528,559,182582.3,45807.07173,0,0.7
2024-11-05 22:00:00,0.2502,0.2513,0.2477,0.2506,534339.0,1730847599999,133428.01568,1013,279857.8,69937.62365,0,0.7
2024-11-05 23:00:00,0.2504,0.253,0.2496,0.2519,545402.1,1730851199999,137208.78152,1310,342566.9,86216.44977,0,0.7
2024-11-06 00:00:00,0.252,0.2668,0.252,0.2662,2075890.8,1730854799999,536275.87704,3847,1295037.5,334855.88279,0,0.7
2024-11-06 01:00:00,0.2661,0.2834,0.2651,0.279,10036696.9,1730858399999,2764658.47014,15441,5236997.8,1442776.98287,0,0.7
2024-11-06 02:00:00,0.2789,0.2792,0.273,0.2773,6258969.6,1730861999999,1731948.72092,7950,3030648.9,839563.21654,0,0.7
2024-11-06 03:00:00,0.277,0.2793,0.2723,0.2786,6691425.9,1730865599999,1847288.7349,9454,3843545.3,1061638.60275,0,0.7
2024-11-06 04:00:00,0.2787,0.2843,0.2765,0.2767,2373559.2,1730869199999,663779.95384,4699,1052433.0,294472.04188,0,0.7
2024-11-06 05:00:00,0.2769,0.2777,0.2737,0.2763,2139537.9,1730872799999,589381.699,5210,916410.5,252511.69654,0,0.7
2024-11-06 06:00:00,0.2761,0.2801,0.2747,0.2763,1916775.7,1730876399999,532678.08279,5685,725215.2,201650.85997,0,0.7
2024-11-06 07:00:00,0.2762,0.2792,0.2724,0.2735,2159462.6,1730879999999,595474.59194,5529,795120.8,219335.73572,0,0.7
2024-11-06 08:00:00,0.2736,0.276,0.2679,0.2732,2590365.5,1730883599999,702911.84756,5342,1341090.6,364053.76864,0,0.7
2024-11-06 09:00:00,0.2732,0.2779,0.2729,0.2772,1434222.9,1730887199999,395465.9579,2773,689674.5,190156.81762,0,0.7
2024-11-06 10:00:00,0.2773,0.2888,0.2759,0.2863,4149995.9,1730890799999,1172099.73247,6732,2430104.6,685735.19634,0,0.7
2024-11-06 11:00:00,0.286,0.2873,0.2819,0.2822,1655912.9,1730894399999,470801.10782,2966,813665.9,231459.01979,0,0.7
2024-11-06 12:00:00,0.2824,0.2827,0.2792,0.2819,1232952.6,1730897999999,346433.43717,2391,628500.2,176576.30697,0,0.7
2024-11-06 13:00:00,0.282,0.2839,0.2791,0.2814,1409500.0,1730901599999,396693.03083,2569,731464.6,205862.38869,0,0.7
2024-11-06 14:00:00,0.2815,0.2821,0.2766,0.277,842891.8,1730905199999,236026.67489,2074,383508.2,107422.81955,0,0.7
2024-11-06 15:00:00,0.2771,0.2805,0.2765,0.2777,840728.6,1730908799999,234215.37546,1714,490835.7,136756.1544,0,0.7
2024-11-06 16:00:00,0.2776,0.2806,0.2776,0.2799,364081.2,1730912399999,101696.71752,1005,164002.0,45812.87914,0,0.7
2024-11-06 17:00:00,0.2798,0.2816,0.2791,0.2811,453969.8,1730915999999,127207.19805,1132,249276.3,69870.58429,0,0.7
2024-11-06 18:00:00,0.2811,0.2817,0.2794,0.2799,353402.3,1730919599999,99081.79895,921,127479.9,35747.75625,0,0.7
2024-11-06 19:00:00,0.2798,0.2802,0.2788,0.2797,288348.0,1730923199999,80633.73718,771,163303.3,45674.43119,0,0.7
2024-11-06 20:00:00,0.2797,0.2822,0.2791,0.281,403010.1,1730926799999,113195.98472,1009,240532.5,67561.51285,0,0.7
2024-11-06 21:00:00,0.2809,0.2839,0.2807,0.2834,502130.8,1730930399999,141875.43068,1391,307239.8,86798.89349,0,0.7
2024-11-06 22:00:00,0.2833,0.2873,0.2833,0.2863,785610.5,1730933999999,223824.80991,1868,450997.4,128509.89436,0,0.7
2024-11-06 23:00:00,0.2863,0.2878,0.2844,0.2852,503491.8,1730937599999,143718.16631,1204,280405.5,80073.38404,0,0.7
2024-11-07 00:00:00,0.2855,0.3385,0.2817,0.3309,27321242.0,1730941199999,8611584.6895,60393,14617078.0,4587900.93686,0,0.77
2024-11-07 01:00:00,0.3309,0.3388,0.3151,0.3353,11713309.3,1730944799999,3803281.70099,22092,5767272.5,1874996.46095,0,0.77
2024-11-07 02:00:00,0.3352,0.3557,0.3289,0.3397,10685984.1,1730948399999,3632456.29761,20967,5189328.0,1766987.80195,0,0.77
2024-11-07 03:00:00,0.3397,0.3499,0.3271,0.3341,6725984.2,1730951999999,2242571.03413,11369,3362938.8,1122230.24103,0,0.77
2024-11-07 04:00:00,0.334,0.3388,0.3092,0.3093,4717753.6,1730955599999,1518593.57789,10191,1845306.3,596443.27572,0,0.77
2024-11-07 05:00:00,0.3093,0.3128,0.3028,0.3062,2459899.3,1730959199999,756351.71091,5602,1087484.2,334684.8688,0,0.77
2024-11-07 06:00:00,0.3062,0.3107,0.3002,0.3039,1790656.2,1730962799999,546855.06948,4596,881078.6,269601.7252,0,0.77
2024-11-07 07:00:00,0.3037,0.3094,0.3025,0.303,1844339.9,1730966399999,564913.61495,3605,595885.8,182305.67476,0,0.77
2024-11-07 08:00:00,0.3029,0.3108,0.3025,0.3064,1533297.2,1730969999999,470567.02891,3303,771054.0,236566.73347,0,0.77
2024-11-07 09:00:00,0.3065,0.3261,0.3046,0.3233,7107466.8,1730973599999,2256738.28278,20365,3806718.6,1209255.2822,0,0.77
2024-11-07 10:00:00,0.3233,0.3382,0.3104,0.3169,16377203.8,1730977199999,5344547.72769,33624,7540463.9,2460338.71979,0,0.77
2024-11-07 11:00:00,0.3171,0.3266,0.312,0.324,7399318.6,1730980799999,2348177.5693,12263,3549203.2,1126623.49836,0,0.77
2024-11-07 12:00:00,0.324,0.327,0.317,0.3224,4661611.2,1730984399999,1499508.58602,11242,2355056.3,758174.53975,0,0.77
2024-11-07 13:00:00,0.3224,0.3224,0.3087,0.3097,2168273.7,1730987999999,681830.73343,5278,1077144.6,338567.81079,0,0.77
2024-11-07 14:00:00,0.3101,0.3181,0.307,0.3169,2381362.0,1730991599999,745332.50252,5670,1204964.4,377100.60972,0,0.77
2024-11-07 15:00:00,0.317,0.3247,0.3162,0.3197,2760446.9,1730995199999,883973.07922,6331,1338436.9,428642.6495,0,0.77
2024-11-07 16:00:00,0.3199,0.3242,0.3171,0.3205,1780275.7,1730998799999,570201.99536,5488,1011512.7,324233.39918,0,0.77
2024-11-07 17:00:00,0.3205,0.3266,0.3184,0.324,1640078.5,1731002399999,527942.18365,3786,802192.9,258338.8288,0,0.77
2024-11-07 18:00:00,0.324,0.3281,0.319,0.3193,1372524.6,1731005999999,443876.29738,3503,583212.3,188857.48716,0,0.77
2024-11-07 19:00:00,0.3193,0.3251,0.3185,0.3224,1317188.1,1731009599999,424842.90481,3220,714261.1,230367.76969,0,0.77
2024-11-07 20:00:00,0.3225,0.3232,0.3195,0.32,1272273.9,1731013199999,408655.13599,2501,516901.0,166073.1816,0,0.77
2024-11-07 21:00:00,0.32,0.3223,0.3171,0.3175,862550.5,1731016799999,275648.53651,2090,398734.1,127396.84252,0,0.77
2024-11-07 22:00:00,0.3175,0.3192,0.312,0.3126,819836.1,1731020399999,258533.08123,2736,440444.6,138879.68751,0,0.77
2024-11-07 23:00:00,0.3126,0.3194,0.3119,0.3178,605151.1,1731023999999,190908.99909,2335,386205.7,121813.53618,0,0.77
2024-11-08 00:00:00,0.3178,0.3241,0.3096,0.3193,5121214.0,1731027599999,1628472.46698,11401,2637589.3,838771.52261,0,0.75
2024-11-08 01:00:00,0.3194,0.3265,0.3138,0.3153,4840018.5,1731031199999,1550683.58229,8956,2349810.2,753623.86387,0,0.75
2024-11-08 02:00:00,0.3152,0.3152,0.3089,0.3091,740553.5,1731034799999,230884.90198,2116,456430.1,142320.74202,0,0.75
2024-11-08 03:00:00,0.3088,0.3097,0.3062,0.3075,1100746.2,1731038399999,338747.57352,2187,516673.7,159072.2037,0,0.75
2024-11-08 04:00:00,0.3076,0.3106,0.3072,0.3093,434154.5,1731041999999,134264.78582,1357,227436.7,70339.05206,0,0.75
2024-11-08 05:00:00,0.3093,0.3129,0.3085,0.3112,483312.3,1731045599999,150284.29653,1546,220926.5,68751.90386,0,0.75
2024-11-08 06:00:00,0.311,0.311,0.3066,0.3069,445393.5,1731049199999,137635.10402,1222,185075.8,57195.0107,0,0.75
2024-11-08 07:00:00,0.307,0.309,0.3051,0.3078,495556.4,1731052799999,151897.68285,1498,251387.4,77075.47139,0,0.75
2024-11-08 08:00:00,0.3075,0.3107,0.3065,0.3069,928493.4,1731056399999,286069.47969,2272,526025.8,162027.06171,0,0.75
2024-11-08 09:00:00,0.3068,0.3092,0.3041,0.309,935094.9,1731059999999,286483.10644,1945,448304.7,137465.84788,0,0.75
2024-11-08 10:00:00,0.3089,0.3107,0.3081,0.3098,632912.0,1731063599999,195847.20193,1412,311201.0,96293.29332,0,0.75
2024-11-08 11:00:00,0.3099,0.3101,0.3063,0.3069,910768.5,1731067199999,280584.75936,2203,510607.9,157349.68119,0,0.75
2024-11-08 12:00:00,0.3068,0.3093,0.3067,0.3081,893931.6,1731070799999,275161.33938,2534,550353.9,169411.32386,0,0.75
2024-11-08 13:00:00,0.3081,0.3089,0.3058,0.3084,856762.0,1731074399999,263373.30404,2407,471377.7,144924.76016,0,0.75
2024-11-08 14:00:00,0.3084,0.3109,0.3031,0.3051,1448995.5,1731077999999,445124.88302,3642,725385.7,222761.10979,0,0.75
2024-11-08 15:00:00,0.3051,0.3076,0.3041,0.307,949160.8,1731081599999,290486.60902,2460,617314.9,188963.52429,0,0.75
2024-11-08 16:00:00,0.3066,0.3083,0.3023,0.306,738334.0,1731085199999,225792.22785,1761,461666.7,141185.18522,0,0.75
2024-11-08 17:00:00,0.3059,0.3064,0.3013,0.3046,546163.2,1731088799999,165833.90249,1359,311506.8,94624.06169,0,0.75
2024-11-08 18:00:00,0.3048,0.3081,0.3038,0.3071,524840.4,1731092399999,160589.65935,1092,294986.6,90327.44359,0,0.75
2024-11-08 19:00:00,0.3071,0.308,0.3051,0.3054,675427.0,1731095999999,206952.3484,1258,346858.0,106300.70465,0,0.75
2024-11-08 20:00:00,0.3054,0.3068,0.3029,0.3036,481911.5,1731099599999,146770.14025,996,247999.5,75520.58787,0,0.75
2024-11-08 21:00:00,0.3035,0.3066,0.3035,0.3052,729970.0,1731103199999,222799.34454,1709,446705.3,136355.9866,0,0.75
2024-11-08 22:00:00,0.3053,0.3067,0.3036,0.3061,531110.4,1731106799999,162112.18529,1464,357377.7,109071.15671,0,0.75
2024-11-08 23:00:00,0.3063,0.3065,0.3047,0.3053,410873.2,1731110399999,125502.83561,984,208914.4,63814.59644,0,0.75
2024-11-09 00:00:00,0.3053,0.3062,0.2995,0.2996,1905302.6,1731113999999,575844.73141,3528,990032.3,299556.77852,0,0.75
2024-11-09 01:00:00,0.2996,0.3004,0.2935,0.2944,2075356.7,1731117599999,615579.2627,4163,952172.6,282442.38547,0,0.75
2024-11-09 02:00:00,0.2945,0.2996,0.2945,0.2987,1389450.7,1731121199999,413397.0865,2596,781896.9,232721.99549,0,0.75
2024-11-09 03:00:00,0.2984,0.2987,0.291,0.2921,2316048.7,1731124799999,682052.7209,5642,965831.2,284128.88566,0,0.75
2024-11-09 04:00:00,0.2921,0.2984,0.2921,0.2984,969772.1,1731128399999,286391.33201,2533,528796.5,156121.11906,0,0.75
2024-11-09 05:00:00,0.2985,0.3017,0.2972,0.301,796200.1,1731131999999,237701.9614,2078,375542.0,112082.14826,0,0.75
2024-11-09 06:00:00,0.3011,0.3025,0.2986,0.2996,836820.8,1731135599999,251395.63587,1971,396040.2,119020.71089,0,0.75
2024-11-09 07:00:00,0.2996,0.3039,0.2981,0.3014,1283318.8,1731139199999,386150.75707,2467,822026.9,247414.79746,0,0.75
2024-11-09 08:00:00,0.3014,0.3035,0.3006,0.3011,823202.0,1731142799999,248501.60484,1912,359544.0,108598.21963,0,0.75
2024-11-09 09:00:00,0.301,0.302,0.2993,0.2995,520338.1,1731146399999,156289.67449,1267,246765.2,74153.61511,0,0.75
2024-11-09 10:00:00,0.2997,0.301,0.2977,0.2986,1300623.8,1731149999999,389015.32187,2435,597139.7,178676.20817,0,0.75
2024-11-09 11:00:00,0.2985,0.3011,0.298,0.3007,552676.8,1731153599999,165629.27884,1343,233845.8,70079.25138,0,0.75
2024-11-09 12:00:00,0.3006,0.3008,0.2959,0.2959,724522.0,1731157199999,215827.64465,1724,278401.4,83009.38563,0,0.75
2024-11-09 13:00:00,0.2962,0.2983,0.296,0.2977,860494.3,1731160799999,255707.60545,1671,343374.9,102107.89157,0,0.75
2024-11-09 14:00:00,0.2976,0.2983,0.2951,0.2977,430271.8,1731164399999,127671.1657,1075,227334.5,67456.41634,0,0.75
2024-11-09 15:00:00,0.2974,0.2999,0.2962,0.299,891198.1,1731167999999,265904.08116,1535,542142.3,161737.41738,0,0.75
2024-11-09 16:00:00,0.299,0.3,0.2974,0.2988,510904.9,1731171599999,152497.5779,1137,275517.4,82242.02778,0,0.75
2024-11-09 17:00:00,0.2987,0.3002,0.2951,0.3001,577874.8,1731175199999,172367.52445,1387,266470.7,79563.12037,0,0.75
2024-11-09 18:00:00,0.3002,0.3035,0.2997,0.3016,644241.3,1731178799999,194373.83724,1233,292353.9,88179.01243,0,0.75
2024-11-09 19:00:00,0.3016,0.3032,0.3005,0.3011,550975.1,1731182399999,166363.80319,1133,297507.4,89856.6705,0,0.75
2024-11-09 20:00:00,0.301,0.3052,0.3007,0.3045,541147.3,1731185999999,164112.76415,1535,355790.9,107981.06557,0,0.75
2024-11-09 21:00:00,0.3044,0.3049,0.3025,0.3037,707340.8,1731189599999,214579.16738,1403,302404.6,91733.8684,0,0.75
2024-11-09 22:00:00,0.3038,0.3073,0.3033,0.306,484010.0,1731193199999,147772.83564,1174,244597.8,74728.69428,0,0.75
2024-11-09 23:00:00,0.306,0.3094,0.3055,0.3078,5241349.9,1731196799999,1613798.29447,8282,1895285.4,583135.83412,0,0.75
2024-11-10 00:00:00,0.3078,0.3078,0.3006,0.3031,5328008.5,1731200399999,1611858.94169,6480,2925026.8,884629.23808,0,0.78
2024-11-10 01:00:00,0.3031,0.304,0.2968,0.2986,7769258.4,1731203999999,2333120.33917,9447,3285069.8,984033.38387,0,0.78
2024-11-10 02:00:00,0.2988,0.3034,0.2982,0.3015,1089443.5,1731207599999,328007.12005,3032,429713.5,129405.81599,0,0.78
2024-11-10 03:00:00,0.3015,0.305,0.3012,0.3034,589522.5,1731211199999,178952.30706,1342,279713.1,84921.02107,0,0.78
2024-11-10 04:00:00,0.3033,0.309,0.3032,0.3081,1352972.3,1731214799999,413584.82892,2907,776774.2,237257.40671,0,0.78
2024-11-10 05:00:00,0.3082,0.315,0.3066,0.3116,1984140.2,1731218399999,614906.81799,3238,1062753.9,329385.91743,0,0.78
2024-11-10 06:00:00,0.3118,0.3141,0.3085,0.3097,863891.5,1731221999999,268458.87579,1642,404007.7,125503.95825,0,0.78
2024-11-10 07:00:00,0.3098,0.3137,0.3097,0.3125,666257.0,1731225599999,207728.7413,1207,305632.5,95307.49796,0,0.78
2024-11-10 08:00:00,0.3124,0.3145,0.3115,0.3134,845419.1,1731229199999,264655.4067,1520,481888.5,150881.81353,0,0.78
2024-11-10 09:00:00,0.3135,0.3165,0.3123,0.3134,1084222.9,1731232799999,340298.98185,1803,438155.1,137721.52432,0,0.78
2024-11-10 10:00:00,0.3133,0.3165,0.3128,0.316,961955.9,1731236399999,303042.82795,1822,563977.1,177672.39603,0,0.78
2024-11-10 11:00:00,0.316,0.3161,0.3118,0.314,887955.3,1731239999999,278695.04318,2072,311415.5,97626.16528,0,0.78
2024-11-10 12:00:00,0.314,0.3162,0.3098,0.3158,1294909.9,1731243599999,405047.13777,4177,431399.2,134907.25489,0,0.78
2024-11-10 13:00:00,0.3158,0.3196,0.3139,0.319,1083856.6,1731247199999,343195.1612,2810,514277.2,162911.00159,0,0.78
2024-11-10 14:00:00,0.3192,0.3207,0.3114,0.3153,2616988.8,1731250799999,827166.25396,4888,1114601.2,352372.69759,0,0.78
2024-11-10 15:00:00,0.3151,0.3193,0.3137,0.3185,1279022.8,1731254399999,405508.41013,2588,730425.5,231503.59709,0,0.78
2024-11-10 16:00:00,0.3185,0.3201,0.3156,0.3194,725605.9,1731257999999,230870.17447,1680,333288.7,106099.50774,0,0.78
2024-11-10 17:00:00,0.3195,0.3217,0.3182,0.3186,1931290.2,1731261599999,617968.18174,2460,503495.2,160988.30735,0,0.78
2024-11-10 18:00:00,0.3186,0.322,0.3183,0.3188,1082767.1,1731265199999,346978.45397,2325,654580.3,209789.58277,0,0.78
2024-11-10 19:00:00,0.3187,0.3208,0.31,0.3142,1205255.7,1731268799999,379216.82024,2574,584112.3,183786.29897,0,0.78
2024-11-10 20:00:00,0.3141,0.3157,0.3035,0.3049,1298496.2,1731272399999,401153.65303,2887,484691.9,150135.63292,0,0.78
2024-11-10 21:00:00,0.3047,0.3072,0.2962,0.3059,3202207.2,1731275999999,972397.57947,6892,1169144.0,354346.82868,0,0.78
2024-11-10 22:00:00,0.3058,0.3112,0.3044,0.307,926502.1,1731279599999,285270.38511,2481,568011.7,175024.70866,0,0.78
2024-11-10 23:00:00,0.3073,0.3096,0.3061,0.3092,550060.9,1731283199999,169405.50396,1229,260192.0,80160.2575,0,0.78
2024-11-11 00:00:00,0.3092,0.3096,0.3048,0.3063,1334481.1,1731286799999,409879.78541,2834,491281.4,151124.01807,0,0.76
2024-11-11 01:00:00,0.3062,0.3124,0.305,0.3074,1335385.4,1731290399999,413325.563,2226,729772.1,225930.68031,0,0.76
2024-11-11 02:00:00,0.3074,0.3138,0.3068,0.3137,1406800.3,1731293999999,436807.03231,2241,631191.3,196210.72821,0,0.76
2024-11-11 03:00:00,0.3138,0.3144,0.3102,0.3143,639800.4,1731297599999,199936.71261,1164,255670.7,79943.34085,0,0.76
2024-11-11 04:00:00,0.3144,0.3314,0.3138,0.3256,4740484.2,1731301199999,1542706.56642,10206,2813838.7,914921.16843,0,0.76
2024-11-11 05:00:00,0.3253,0.3286,0.308,0.3122,3985893.5,1731304799999,1269276.39785,7806,1713173.9,547136.17413,0,0.76
2024-11-11 06:00:00,0.3121,0.3187,0.3099,0.3157,1518990.6,1731308399999,478081.51156,3445,705257.5,221806.62697,0,0.76
2024-11-11 07:00:00,0.3156,0.3214,0.3138,0.3211,753899.8,1731311999999,238989.62991,1926,415646.9,131791.83462,0,0.76
2024-11-11 08:00:00,0.3209,0.3259,0.3203,0.322,2150954.4,1731315599999,694482.20409,4417,1180331.8,381127.0453,0,0.76
2024-11-11 09:00:00,0.3221,0.3319,0.3195,0.3286,3977456.7,1731319199999,1306141.42159,10275,2193691.5,720887.75431,0,0.76
2024-11-11 10:00:00,0.3288,0.3354,0.326,0.33,3795176.4,1731322799999,1257219.17619,8618,1908841.6,632490.5865,0,0.76
2024-11-11 11:00:00,0.3298,0.3434,0.3288,0.336,3449699.8,1731326399999,1159671.88206,8394,2052444.4,690745.67433,0,0.76
2024-11-11 12:00:00,0.336,0.3411,0.3283,0.3353,3507004.7,1731329999999,1173170.03088,7120,1629031.5,544966.4332,0,0.76
2024-11-11 13:00:00,0.3353,0.3488,0.3347,0.3351,9979592.2,1731333599999,3416126.67196,23519,5693998.3,1951551.63012,0,0.76
2024-11-11 14:00:00,0.3351,0.3362,0.328,0.3308,3519857.0,1731337199999,1167391.29635,7125,1716775.0,569568.25388,0,0.76
2024-11-11 15:00:00,0.3308,0.3311,0.3246,0.3276,2552893.2,1731340799999,837775.82889,5264,973099.4,319423.79565,0,0.76
2024-11-11 16:00:00,0.3275,0.3416,0.3265,0.3395,4517384.6,1731344399999,1514234.32151,9218,2321975.9,778491.60644,0,0.76
2024-11-11 17:00:00,0.3395,0.3486,0.3377,0.3472,2830460.9,1731347999999,971089.97918,5405,1522168.6,522126.35258,0,0.76
2024-11-11 18:00:00,0.3473,0.3744,0.3427,0.3476,18268585.8,1731351599999,6564120.41596,38785,9742651.5,3503525.20801,0,0.76
2024-11-11 19:00:00,0.3478,0.3505,0.3437,0.3468,3249735.7,1731355199999,1125369.2862,6238,1548407.7,536286.23851,0,0.76
2024-11-11 20:00:00,0.3469,0.3496,0.3421,0.3463,2661647.4,1731358799999,919328.75665,5031,1278082.8,441924.58942,0,0.76
2024-11-11 21:00:00,0.3466,0.3511,0.345,0.3472,2917192.0,1731362399999,1015620.35989,4717,1335210.4,464945.83995,0,0.76
2024-11-11 22:00:00,0.3475,0.3476,0.3372,0.3431,2974393.5,1731365999999,1014562.91368,5251,1350345.4,460476.45442,0,0.76
2024-11-11 23:00:00,0.3429,0.3458,0.34,0.3417,4059368.2,1731369599999,1389697.65211,5399,1263236.8,432504.54708,0,0.76
2024-11-12 00:00:00,0.3418,0.386,0.3414,0.3704,27664266.4,1731373199999,10280378.85856,71375,15302334.1,5695478.69937,0,0.8
2024-11-12 01:00:00,0.3706,0.433,0.3699,0.4316,31945638.3,1731376799999,13040657.37248,77965,15492958.9,6318385.88639,0,0.8
2024-11-12 02:00:00,0.4316,0.457,0.4113,0.44,23556618.5,1731380399999,10275368.07552,55669,12504371.9,5462493.16937,0,0.8
2024-11-12 03:00:00,0.4402,0.4565,0.4214,0.4331,17613247.1,1731383999999,7732213.9223,44474,9534453.5,4176654.53151,0,0.8
2024-11-12 04:00:00,0.4331,0.4363,0.4155,0.417,10379509.6,1731387599999,4422781.89993,26704,4903881.9,2091034.06271,0,0.8
2024-11-12 05:00:00,0.417,0.4343,0.4059,0.4075,10359446.3,1731391199999,4341348.57079,23703,5063722.2,2124330.40127,0,0.8
2024-11-12 06:00:00,0.4073,0.4143,0.3911,0.3945,7192442.7,1731394799999,2879944.51907,15666,3612876.3,1447264.7656,0,0.8
2024-11-12 07:00:00,0.3943,0.4047,0.3861,0.3898,6245700.6,1731398399999,2476735.6848,11867,2813517.4,1119602.71399,0,0.8
2024-11-12 08:00:00,0.3896,0.3909,0.38,0.3816,3922323.8,1731401999999,1509253.26423,11024,1984917.5,763991.501,0,0.8
2024-11-12 09:00:00,0.3817,0.3977,0.3805,0.3821,7199094.6,1731405599999,2794905.17298,17866,3642318.6,1415092.19844,0,0.8
2024-11-12 10:00:00,0.382,0.3892,0.3589,0.3689,8036990.7,1731409199999,3016671.73766,18361,3606464.3,1357373.66576,0,0.8
2024-11-12 11:00:00,0.3689,0.3819,0.3667,0.3723,6343189.7,1731412799999,2384850.23052,13539,3150187.8,1185185.83399,0,0.8
2024-11-12 12:00:00,0.3725,0.373,0.3589,0.3615,5554449.7,1731416399999,2031676.26734,12517,2401882.8,879335.93527,0,0.8
2024-11-12 13:00:00,0.3616,0.3697,0.3542,0.3644,4120164.6,1731419999999,1490639.99914,12078,2024879.3,732904.92415,0,0.8
2024-11-12 14:00:00,0.3644,0.3652,0.3534,0.3649,2278139.4,1731423599999,820104.26399,6945,1066886.5,384109.53875,0,0.8
2024-11-12 15:00:00,0.3645,0.3695,0.3554,0.3591,2859139.3,1731427199999,1037289.145,7793,1489253.2,540963.20529,0,0.8
2024-11-12 16:00:00,0.3589,0.36,0.349,0.3557,1901907.7,1731430799999,674809.95136,5741,840972.4,298385.96832,0,0.8
2024-11-12 17:00:00,0.3557,0.3652,0.3548,0.3584,1519439.3,1731434399999,547658.56062,4154,699471.1,252451.30175,0,0.8
2024-11-12 18:00:00,0.3583,0.3665,0.3576,0.3657,1642901.0,1731437999999,595693.75078,5454,894997.8,324561.31401,0,0.8
2024-11-12 19:00:00,0.3655,0.3727,0.3641,0.3691,2260067.3,1731441599999,833283.25991,6824,1267337.1,467515.11029,0,0.8
2024-11-12 20:00:00,0.3691,0.3723,0.3631,0.3684,2442836.8,1731445199999,898359.07069,6232,1399611.5,514797.97511,0,0.8
2024-11-12 21:00:00,0.3685,0.3709,0.3625,0.3668,1557103.2,1731448799999,571084.16616,4397,793738.5,291020.86013,0,0.8
2024-11-12 22:00:00,0.3667,0.3714,0.3629,0.3707,1189161.9,1731452399999,436856.82366,3003,523855.2,192586.10424,0,0.8
2024-11-12 23:00:00,0.3707,0.3715,0.3642,0.3673,2053202.6,1731455999999,755338.46513,5226,949161.6,349194.61336,0,0.8
2024-11-13 00:00:00,0.3673,0.3691,0.3528,0.3584,4376204.9,1731459599999,1579893.14215,11284,2202050.7,795484.12525,0,0.84
2024-11-13 01:00:00,0.3581,0.3596,0.3454,0.3514,5926693.9,1731463199999,2077273.71558,13979,2575850.9,903555.23473,0,0.84
2024-11-13 02:00:00,0.3514,0.3531,0.3403,0.3447,1698427.5,1731466799999,586395.14967,5124,748169.5,258246.25068,0,0.84
2024-11-13 03:00:00,0.3447,0.3454,0.3329,0.3333,1901190.0,1731470399999,642416.96545,4923,760177.2,257205.84729,0,0.84
2024-11-13 04:00:00,0.3333,0.3423,0.3273,0.3352,2162566.1,1731473999999,721438.70207,5520,1120118.1,373607.14231,0,0.84
2024-11-13 05:00:00,0.3352,0.3365,0.329,0.3303,1624223.5,1731477599999,539711.66202,3663,630109.5,209737.55813,0,0.84
2024-11-13 06:00:00,0.3304,0.3339,0.3242,0.3282,1311971.8,1731481199999,432354.14483,3469,534073.7,176016.30171,0,0.84
2024-11-13 07:00:00,0.3283,0.3351,0.3273,0.3318,1207457.8,1731484799999,399924.02268,2974,513977.0,170423.4871,0,0.84
2024-11-13 08:00:00,0.3319,0.3343,0.3274,0.3285,1085298.4,1731488399999,359536.81748,2499,588969.2,195284.9768,0,0.84
2024-11-13 09:00:00,0.3285,0.3312,0.3248,0.3275,937230.0,1731491999999,307637.88669,2247,418086.7,137341.53431,0,0.84
2024-11-13 10:00:00,0.3274,0.3312,0.324,0.331,923711.8,1731495599999,301951.74931,2176,446005.3,145937.31155,0,0.84
2024-11-13 11:00:00,0.3309,0.3337,0.3287,0.3293,828465.8,1731499199999,274059.66278,2259,432555.2,143170.8891,0,0.84
2024-11-13 12:00:00,0.3292,0.3306,0.325,0.3284,1013695.8,1731502799999,333122.1601,2247,517486.2,170108.92717,0,0.84
2024-11-13 13:00:00,0.3285,0.3387,0.3263,0.3364,2601325.8,1731506399999,867269.08584,5345,1300592.5,433574.19854,0,0.84
2024-11-13 14:00:00,0.3364,0.3525,0.3326,0.3515,3677017.6,1731509999999,1261126.62871,8647,2033517.4,697908.7145,0,0.84
2024-11-13 15:00:00,0.3515,0.3516,0.3407,0.3512,3124595.7,1731513599999,1081075.21119,6366,1554077.8,538042.40722,0,0.84
2024-11-13 16:00:00,0.3514,0.3515,0.343,0.3455,2269525.7,1731517199999,787426.40913,4437,1047853.7,363551.68462,0,0.84
2024-11-13 17:00:00,0.3456,0.3495,0.3449,0.3463,1215889.9,1731520799999,422163.17018,2653,591754.4,205522.78404,0,0.84
2024-11-13 18:00:00,0.3464,0.3512,0.3445,0.3475,1610686.5,1731524399999,561242.99149,2681,797876.3,278096.31423,0,0.84
2024-11-13 19:00:00,0.3479,0.3498,0.3321,0.3328,2422485.7,1731527999999,821868.10143,6275,1222672.2,414975.60503,0,0.84
2024-11-13 20:00:00,0.3327,0.34,0.3283,0.3353,1092783.8,1731531599999,365449.88424,3356,489904.8,163889.69586,0,0.84
2024-11-13 21:00:00,0.3353,0.3356,0.3262,0.3327,1145106.1,1731535199999,379561.10771,3133,531306.4,176089.77429,0,0.84
2024-11-13 22:00:00,0.3323,0.3389,0.3307,0.3372,503242.8,1731538799999,169386.19373,1626,256270.7,86295.01973,0,0.84
2024-11-13 23:00:00,0.3372,0.3429,0.336,0.3429,894761.5,1731542399999,304389.02102,2029,331265.3,112535.40473,0,0.84
2024-11-14 00:00:00,0.3426,0.3427,0.328,0.3284,1218130.8,1731545999999,406757.88605,3327,560620.0,187238.93295,0,0.88
2024-11-14 01:00:00,0.3284,0.3316,0.3245,0.3301,638680.6,1731549599999,209854.58395,2324,291981.4,95950.57392,0,0.88
2024-11-14 02:00:00,0.3302,0.3309,0.3185,0.3197,2268224.0,1731553199999,730690.80856,7825,819554.5,264012.37538,0,0.88
2024-11-14 03:00:00,0.3199,0.324,0.3151,0.3233,1572597.2,1731556799999,501124.30228,3463,638480.5,203668.16813,0,0.88
2024-11-14 04:00:00,0.3233,0.328,0.3216,0.3273,594019.4,1731560399999,193134.4489,1598,243724.7,79265.10938,0,0.88
2024-11-14 05:00:00,0.3272,0.3316,0.3269,0.3315,861455.3,1731563999999,283707.77139,2008,453855.1,149594.06801,0,0.88
2024-11-14 06:00:00,0.3315,0.3363,0.3265,0.3265,1039947.7,1731567599999,345520.54732,2522,465535.0,154674.26525,0,0.88
2024-11-14 07:00:00,0.3264,0.332,0.3244,0.331,1387155.4,1731571199999,455074.56206,3443,806910.1,264501.60832,0,0.88
2024-11-14 08:00:00,0.3307,0.3331,0.3284,0.3316,609910.9,1731574799999,201946.13806,1526,309172.3,102369.93726,0,0.88
2024-11-14 09:00:00,0.3314,0.3319,0.3276,0.3308,512617.1,1731578399999,169010.92992,1292,213776.7,70512.55463,0,0.88
2024-11-14 10:00:00,0.3308,0.3323,0.3234,0.3238,773395.5,1731581999999,254450.22946,1878,355796.6,117117.4276,0,0.88
2024-11-14 11:00:00,0.324,0.326,0.3197,0.3259,634539.4,1731585599999,204820.84639,1761,331915.8,107139.12187,0,0.88
2024-11-14 12:00:00,0.3259,0.327,0.3226,0.3262,331456.6,1731589199999,107658.83668,907,150220.3,48837.10924,0,0.88
2024-11-14 13:00:00,0.3263,0.3312,0.325,0.326,1133040.7,1731592799999,372679.68797,2145,587765.6,193322.0762,0,0.88
2024-11-14 14:00:00,0.326,0.3315,0.32,0.3211,1047992.9,1731596399999,341312.42128,3185,478115.3,155671.10898,0,0.88
2024-11-14 15:00:00,0.3211,0.3254,0.3168,0.3218,1286567.4,1731599999999,411747.50241,3659,701855.2,224607.2049,0,0.88
2024-11-14 16:00:00,0.3218,0.3358,0.3197,0.3353,1889322.4,1731603599999,622658.90763,5917,1054608.5,347036.97326,0,0.88
2024-11-14 17:00:00,0.3352,0.3357,0.3308,0.3334,608089.1,1731607199999,202420.49151,2043,372243.8,123956.69012,0,0.88
2024-11-14 18:00:00,0.3332,0.3356,0.3292,0.3298,494013.7,1731610799999,164233.8615,1339,265565.9,88325.31239,0,0.88
2024-11-14 19:00:00,0.3298,0.3331,0.3293,0.332,494097.1,1731614399999,163719.86582,1232,218087.3,72220.9769,0,0.88
2024-11-14 20:00:00,0.3319,0.3339,0.3277,0.3309,861658.9,1731617999999,285469.18933,1813,537013.0,178014.87059,0,0.88
2024-11-14 21:00:00,0.3307,0.3374,0.3307,0.3371,863987.8,1731621599999,289386.16198,2272,489836.2,164239.85937,0,0.88
2024-11-14 22:00:00,0.3372,0.3372,0.3267,0.3272,626133.6,1731625199999,206679.84125,1741,202074.0,66685.68251,0,0.88
2024-11-14 23:00:00,0.3272,0.3282,0.3148,0.3234,943175.8,1731628799999,301202.53463,2843,461264.4,147358.3104,0,0.88
2024-11-15 00:00:00,0.3235,0.3278,0.3199,0.32,527606.0,1731632399999,170851.04028,2178,239669.5,77684.01379,0,0.8
2024-11-15 01:00:00,0.3201,0.3254,0.3179,0.3243,534520.1,1731635999999,172110.6733,2342,298475.7,96115.33132,0,0.8
2024-11-15 02:00:00,0.3243,0.3285,0.3198,0.328,430412.7,1731639599999,139395.80716,1853,247747.3,80274.18493,0,0.8
2024-11-15 03:00:00,0.3279,0.328,0.3237,0.3257,395142.8,1731643199999,128830.90275,1374,168317.7,54912.3276,0,0.8
2024-11-15 04:00:00,0.3257,0.3274,0.3158,0.3211,413754.4,1731646799999,132767.92362,1722,241010.1,77405.13301,0,0.8
2024-11-15 05:00:00,0.321,0.3267,0.3184,0.3263,368043.6,1731650399999,118698.00572,1606,208861.0,67389.54593,0,0.8
2024-11-15 06:00:00,0.3263,0.3318,0.3257,0.3296,627367.4,1731653999999,206238.14056,2241,323608.2,106397.33056,0,0.8
2024-11-15 07:00:00,0.3297,0.3306,0.3274,0.3279,244713.3,1731657599999,80481.28293,1012,144482.6,47523.26735,0,0.8
2024-11-15 08:00:00,0.3279,0.3356,0.3238,0.3352,1066157.6,1731661199999,354002.16486,2339,651683.3,216434.63665,0,0.8
2024-11-15 09:00:00,0.3351,0.3406,0.3344,0.3358,944610.8,1731664799999,318641.99693,2757,442410.9,149263.86383,0,0.8
2024-11-15 10:00:00,0.3358,0.3368,0.3343,0.3358,601170.7,1731668399999,201641.52007,1465,338961.0,113717.77436,0,0.8
2024-11-15 11:00:00,0.3358,0.3381,0.3345,0.3374,349834.6,1731671999999,117583.50516,984,192124.1,64616.87137,0,0.8
2024-11-15 12:00:00,0.3372,0.342,0.3329,0.334,1161646.3,1731675599999,391759.28766,2388,532606.5,179829.3335,0,0.8
2024-11-15 13:00:00,0.3342,0.3403,0.3331,0.3383,660002.9,1731679199999,222297.73357,1297,318652.1,107444.99642,0,0.8
2024-11-15 14:00:00,0.3384,0.3402,0.3337,0.3393,712108.9,1731682799999,240111.27298,1851,291876.5,98413.55911,0,0.8
2024-11-15 15:00:00,0.3389,0.3391,0.3288,0.3335,1074615.0,1731686399999,357944.95878,2390,616554.1,205397.31012,0,0.8
2024-11-15 16:00:00,0.3333,0.3378,0.3305,0.335,535344.3,1731689999999,179174.46992,1509,254599.8,85287.3016,0,0.8
2024-11-15 17:00:00,0.3352,0.3412,0.3347,0.3403,467621.0,1731693599999,158237.39545,1204,189675.0,64201.67708,0,0.8
2024-11-15 18:00:00,0.3397,0.34,0.3354,0.3384,392774.5,1731697199999,132843.48526,1072,209326.5,70825.74321,0,0.8
2024-11-15 19:00:00,0.3383,0.3464,0.3373,0.3442,687698.3,1731700799999,235596.47611,1943,364777.9,125100.97552,0,0.8
2024-11-15 20:00:00,0.3439,0.3474,0.3439,0.3467,469196.2,1731704399999,162248.4743,1348,229262.7,79271.64781,0,0.8
2024-11-15 21:00:00,0.3467,0.3467,0.3438,0.344,718833.5,1731707999999,247843.73299,1447,346203.4,119329.35811,0,0.8
2024-11-15 22:00:00,0.3438,0.3453,0.3418,0.3433,318795.5,1731711599999,109562.33163,961,140936.1,48451.12653,0,0.8
2024-11-15 23:00:00,0.3435,0.3466,0.3417,0.346,637443.3,1731715199999,219168.43449,1725,342391.9,117819.94421,0,0.8
2024-11-16 00:00:00,0.3454,0.3479,0.3418,0.3433,1060221.4,1731718799999,365760.20207,2741,518220.2,178808.69338,0,0.86
2024-11-16 01:00:00,0.3429,0.3467,0.3426,0.3454,456295.0,1731722399999,157355.68681,1046,274523.6,94711.62315,0,0.86
2024-11-16 02:00:00,0.3455,0.3553,0.3455,0.3552,1793757.6,1731725999999,629477.83337,5239,1131612.3,397060.87076,0,0.86
2024-11-16 03:00:00,0.3552,0.3555,0.3504,0.354,980382.9,1731729599999,346538.8502,2909,540488.2,191095.93066,0,0.86
2024-11-16 04:00:00,0.354,0.357,0.3536,0.3541,472018.3,1731733199999,167739.86382,1493,262769.6,93425.27617,0,0.86
2024-11-16 05:00:00,0.3545,0.3559,0.3525,0.3542,664132.2,1731736799999,235459.06782,1510,302910.6,107393.42835,0,0.86
2024-11-16 06:00:00,0.3542,0.3577,0.3466,0.3469,949785.5,1731740399999,333821.18552,2399,404986.3,142539.83348,0,0.86
2024-11-16 07:00:00,0.3472,0.3513,0.3458,0.3492,763167.9,1731743999999,265908.6341,1839,365509.8,127334.57181,0,0.86
2024-11-16 08:00:00,0.3494,0.3526,0.3492,0.3503,520973.6,1731747599999,182613.07136,1399,306712.3,107509.73066,0,0.86
2024-11-16 09:00:00,0.3502,0.3525,0.3492,0.3496,535459.8,1731751199999,188110.53788,1166,322873.7,113452.9362,0,0.86
2024-11-16 10:00:00,0.3497,0.3572,0.3492,0.3567,535051.2,1731754799999,189677.25622,1190,292664.3,103795.09077,0,0.86
2024-11-16 11:00:00,0.3566,0.3636,0.3561,0.3601,1370445.2,1731758399999,491703.88251,2848,727391.4,261048.13019,0,0.86
2024-11-16 12:00:00,0.3599,0.3612,0.3523,0.3578,1723772.3,1731761999999,616474.30465,3293,750311.3,268454.82763,0,0.86
2024-11-16 13:00:00,0.3576,0.359,0.3546,0.3554,699873.9,1731765599999,249701.21354,1146,392940.6,140203.16231,0,0.86
2024-11-16 14:00:00,0.3554,0.3622,0.3553,0.3589,1233807.5,1731769199999,442820.41403,2281,613117.0,219788.03821,0,0.86
2024-11-16 15:00:00,0.3587,0.359,0.3468,0.3509,1669817.6,1731772799999,588002.33457,4096,610325.3,214804.82155,0,0.86
2024-11-16 16:00:00,0.3509,0.3574,0.3495,0.3567,784849.6,1731776399999,277657.47894,1778,351173.2,124196.58549,0,0.86
2024-11-16 17:00:00,0.3568,0.3594,0.3557,0.3581,447902.0,1731779999999,160163.49315,1254,203178.7,72652.91925,0,0.86
2024-11-16 18:00:00,0.3581,0.3616,0.357,0.3607,419217.2,1731783599999,150608.30061,1027,184550.7,66333.20842,0,0.86
2024-11-16 19:00:00,0.3608,0.3608,0.3583,0.3588,326260.1,1731787199999,117228.67518,816,162675.7,58444.69231,0,0.86
2024-11-16 20:00:00,0.3588,0.3605,0.3562,0.3587,585404.8,1731790799999,210143.13184,1163,301453.3,108197.62067,0,0.86
2024-11-16 21:00:00,0.3589,0.3634,0.3587,0.3633,780763.8,1731794399999,281509.64282,1226,432354.1,155778.4724,0,0.86
2024-11-16 22:00:00,0.3633,0.3638,0.3581,0.3583,769597.5,1731797999999,277946.13103,1352,391729.7,141463.02038,0,0.86
2024-11-16 23:00:00,0.3583,0.3626,0.3579,0.3625,422142.0,1731801599999,151889.29165,1017,214034.9,77009.79688,0,0.86
2024-11-17 00:00:00,0.3625,0.3626,0.3525,0.3554,1236113.6,1731805199999,440302.86268,2531,547732.4,194933.84431,0,0.9
2024-11-17 01:00:00,0.3551,0.3616,0.3469,0.3491,1145783.5,1731808799999,406099.23544,2455,544701.4,193302.27978,0,0.9
2024-11-17 02:00:00,0.3493,0.3493,0.3361,0.3456,1683600.4,1731812399999,574598.63027,4296,865898.9,295561.0688,0,0.9
2024-11-17 03:00:00,0.3455,0.3469,0.3411,0.3466,401254.3,1731815999999,138140.08214,981,220650.1,75991.31821,0,0.9
2024-11-17 04:00:00,0.3468,0.3537,0.3434,0.3518,809632.1,1731819599999,281792.41306,1853,484889.0,168643.22432,0,0.9
2024-11-17 05:00:00,0.3515,0.3557,0.3499,0.3499,591603.7,1731823199999,209084.43009,1455,272620.2,96381.84984,0,0.9
2024-11-17 06:00:00,0.3497,0.3566,0.3497,0.3559,641707.2,1731826799999,226835.85942,1173,298757.4,105491.46794,0,0.9
2024-11-17 07:00:00,0.356,0.3575,0.353,0.3566,479009.6,1731830399999,170165.60444,1137,202300.7,71878.68303,0,0.9
2024-11-17 08:00:00,0.3565,0.3606,0.3552,0.3582,730967.0,1731833999999,262119.74666,1578,331236.9,118715.81259,0,0.9
2024-11-17 09:00:00,0.3582,0.3595,0.3562,0.358,388763.0,1731837599999,139196.10937,1127,194066.3,69472.53058,0,0.9
2024-11-17 10:00:00,0.3579,0.3605,0.356,0.3572,317780.4,1731841199999,113870.80132,909,126954.9,45499.83933,0,0.9
2024-11-17 11:00:00,0.3576,0.3576,0.3492,0.3495,509071.3,1731844799999,179406.10779,1320,256961.8,90516.29881,0,0.9
2024-11-17 12:00:00,0.3494,0.3562,0.349,0.355,426600.3,1731848399999,150511.08948,1200,194894.6,68768.59496,0,0.9
2024-11-17 13:00:00,0.355,0.3567,0.3514,0.355,630739.7,1731851999999,223330.92407,1497,258802.4,91576.02623,0,0.9
2024-11-17 14:00:00,0.3549,0.3574,0.3508,0.3531,382514.7,1731855599999,135261.13567,1140,210640.5,74467.37213,0,0.9
2024-11-17 15:00:00,0.353,0.3539,0.3503,0.3514,302517.3,1731859199999,106324.58738,1011,121790.7,42816.54695,0,0.9
2024-11-17 16:00:00,0.3515,0.3522,0.3481,0.3517,303887.3,1731862799999,106367.69669,870,146832.7,51389.66984,0,0.9
2024-11-17 17:00:00,0.3516,0.3533,0.349,0.3532,197476.8,1731866399999,69343.08808,599,77844.5,27327.73851,0,0.9
2024-11-17 18:00:00,0.3532,0.3532,0.3445,0.3447,286904.6,1731869999999,99581.8605,954,108968.6,37840.29063,0,0.9
2024-11-17 19:00:00,0.3447,0.3482,0.343,0.347,306158.5,1731873599999,105595.01994,1210,178298.4,61488.5416,0,0.9
2024-11-17 20:00:00,0.3474,0.3494,0.3436,0.3455,318374.2,1731877199999,110354.02931,927,149934.6,51986.80296,0,0.9
2024-11-17 21:00:00,0.3456,0.3475,0.3416,0.3416,280218.0,1731880799999,96540.98519,862,162438.0,55959.1236,0,0.9
2024-11-17 22:00:00,0.3419,0.3461,0.3395,0.3446,594127.6,1731884399999,203732.24851,1446,268852.2,92167.75773,0,0.9
2024-11-17 23:00:00,0.3443,0.3494,0.3426,0.3494,240946.5,1731887999999,83520.76777,698,99184.7,34331.36999,0,0.9
2024-11-18 00:00:00,0.3493,0.3597,0.3475,0.3583,2154073.1,1731891599999,760335.9185,4609,1048175.7,370067.79047,0,0.83
2024-11-18 01:00:00,0.3583,0.3665,0.3543,0.3556,4428392.9,1731895199999,1602184.11081,11219,2683185.0,972219.72727,0,0.83
2024-11-18 02:00:00,0.3556,0.3567,0.3532,0.3551,582059.3,1731898799999,206575.30554,1444,265284.6,94175.62989,0,0.83
2024-11-18 03:00:00,0.3552,0.3598,0.3535,0.3597,460140.3,1731902399999,163978.56065,870,228356.7,81413.10794,0,0.83
2024-11-18 04:00:00,0.3595,0.3616,0.3561,0.3564,434474.4,1731905999999,155829.30446,1091,165463.0,59346.22217,0,0.83
2024-11-18 05:00:00,0.3564,0.3617,0.3562,0.3616,396332.7,1731909599999,142523.67038,986,218911.5,78704.278,0,0.83
2024-11-18 06:00:00,0.3612,0.3642,0.36,0.3623,759428.4,1731913199999,274763.52546,1187,289230.0,104740.64052,0,0.83
2024-11-18 07:00:00,0.3627,0.3658,0.3613,0.3647,869284.8,1731916799999,316574.76588,1346,357817.4,130322.30143,0,0.83
2024-11-18 08:00:00,0.3649,0.3654,0.3588,0.3612,859171.1,1731920399999,311077.50822,1924,340118.4,123196.22888,0,0.83
2024-11-18 09:00:00,0.3616,0.3617,0.3554,0.3595,430170.2,1731923999999,154468.09108,967,223586.0,80328.8531,0,0.83
2024-11-18 10:00:00,0.3594,0.3624,0.3575,0.3585,588758.4,1731927599999,211396.13081,1117,166261.2,59803.62319,0,0.83
2024-11-18 11:00:00,0.3583,0.3588,0.3509,0.3525,652105.3,1731931199999,230901.61592,1496,243177.0,86209.2111,0,0.83
2024-11-18 12:00:00,0.3523,0.3572,0.3489,0.3569,374554.2,1731934799999,132143.13383,1250,167823.3,59141.11523,0,0.83
2024-11-18 13:00:00,0.3572,0.3575,0.3495,0.3509,787468.0,1731938399999,278099.62432,1838,356829.8,125926.58098,0,0.83
2024-11-18 14:00:00,0.3509,0.3583,0.3499,0.3571,517378.5,1731941999999,184074.17164,1177,227208.9,80935.23298,0,0.83
2024-11-18 15:00:00,0.3571,0.3694,0.3566,0.3688,1803166.1,1731945599999,655556.27099,3156,1113264.3,404271.20688,0,0.83
2024-11-18 16:00:00,0.3688,0.3762,0.3669,0.3708,1429229.6,1731949199999,529571.40538,3523,668120.2,247585.00786,0,0.83
2024-11-18 17:00:00,0.3708,0.3727,0.3667,0.3723,1092481.4,1731952799999,404194.29935,1923,541923.9,200666.31655,0,0.83
2024-11-18 18:00:00,0.3725,0.3739,0.3662,0.3683,1000564.2,1731956399999,369885.59877,1877,439852.5,162471.89833,0,0.83
2024-11-18 19:00:00,0.3684,0.37,0.3594,0.3647,687185.3,1731959999999,250119.22173,1554,362048.9,131863.90712,0,0.83
2024-11-18 20:00:00,0.3647,0.3706,0.3625,0.3668,701666.4,1731963599999,257648.82751,1361,325836.3,119652.15424,0,0.83
2024-11-18 21:00:00,0.367,0.3715,0.3662,0.3682,582929.1,1731967199999,214952.95704,1027,294032.7,108400.13702,0,0.83
2024-11-18 22:00:00,0.3679,0.3727,0.3679,0.3703,596405.6,1731970799999,221245.09229,846,218901.9,81189.49965,0,0.83
2024-11-18 23:00:00,0.3703,0.372,0.366,0.3717,601853.6,1731974399999,222519.06568,957,231268.7,85517.64206,0,0.83
2024-11-19 00:00:00,0.3716,0.3716,0.3622,0.3649,1486285.4,1731977999999,543861.20997,2600,677824.1,248067.36175,0,0.9
2024-11-19 01:00:00,0.3648,0.37,0.3643,0.3673,704911.6,1731981599999,258987.24409,1700,402544.7,147912.27781,0,0.9
2024-11-19 02:00:00,0.367,0.3691,0.3643,0.365,365523.4,1731985199999,134001.37935,737,205662.3,75506.78554,0,0.9
2024-11-19 03:00:00,0.3651,0.3683,0.3648,0.3656,378593.1,1731988799999,138937.95805,693,211728.4,77739.74756,0,0.9
2024-11-19 04:00:00,0.3659,0.3667,0.3586,0.3605,616412.0,1731992399999,223028.52764,1215,287006.9,103780.86301,0,0.9
2024-11-19 05:00:00,0.3606,0.3653,0.3596,0.3651,313353.3,1731995999999,113782.14674,649,203445.4,73905.06343,0,0.9
2024-11-19 06:00:00,0.3651,0.3657,0.3634,0.3652,291597.4,1731999599999,106367.42863,659,104133.2,37989.11393,0,0.9
2024-11-19 07:00:00,0.3651,0.3662,0.3622,0.3642,345948.7,1732003199999,125850.3811,865,165917.2,60390.6227,0,0.9
2024-11-19 08:00:00,0.3641,0.3646,0.3606,0.3637,160387.6,1732006799999,58166.09584,548,77916.2,28266.77587,0,0.9
2024-11-19 09:00:00,0.3634,0.3653,0.3569,0.3596,430362.6,1732010399999,154827.78457,943,152796.0,55125.69187,0,0.9
2024-11-19 10:00:00,0.3596,0.363,0.3578,0.3617,301301.8,1732013999999,108669.75008,821,167573.7,60409.23188,0,0.9
2024-11-19 11:00:00,0.362,0.3643,0.3614,0.3638,291427.5,1732017599999,105813.59291,763,115093.7,41776.44229,0,0.9
2024-11-19 12:00:00,0.3638,0.3691,0.3633,0.367,285599.7,1732021199999,104797.65745,702,124553.9,45698.34402,0,0.9
2024-11-19 13:00:00,0.3672,0.3675,0.3577,0.3578,596156.3,1732024799999,215996.57962,1200,327802.5,118773.56615,0,0.9
2024-11-19 14:00:00,0.3582,0.3628,0.3565,0.3589,643312.6,1732028399999,230910.6291,1321,364651.1,130911.32919,0,0.9
2024-11-19 15:00:00,0.3594,0.364,0.3592,0.3625,494865.4,1732031999999,179267.54452,797,240828.5,87184.30583,0,0.9
2024-11-19 16:00:00,0.3628,0.3638,0.3607,0.3608,204639.1,1732035599999,74125.91054,479,112502.5,40773.00547,0,0.9
2024-11-19 17:00:00,0.3609,0.3655,0.3601,0.3633,283696.5,1732039199999,102932.07288,735,101852.1,36943.55591,0,0.9
2024-11-19 18:00:00,0.3632,0.368,0.3625,0.3674,518135.1,1732042799999,189216.47154,1080,253964.0,92780.48787,0,0.9
2024-11-19 19:00:00,0.3675,0.3681,0.3651,0.3667,457327.6,1732046399999,167841.61743,841,171445.9,62939.41896,0,0.9
2024-11-19 20:00:00,0.367,0.367,0.3552,0.3589,675344.3,1732049999999,242656.97084,1310,300896.4,108099.35152,0,0.9
2024-11-19 21:00:00,0.3589,0.3598,0.3527,0.3578,591311.1,1732053599999,210454.28357,1218,318425.1,113336.53822,0,0.9
2024-11-19 22:00:00,0.3578,0.3592,0.3534,0.3587,377826.1,1732057199999,134795.60509,780,216597.9,77296.81031,0,0.9
2024-11-19 23:00:00,0.3586,0.364,0.3583,0.3638,287338.0,1732060799999,103729.55705,928,97219.9,35206.33617,0,0.9
2024-11-20 00:00:00,0.364,0.3642,0.3552,0.36,589479.2,1732064399999,211708.21385,1288,254743.1,91439.99445,0,0.83
2024-11-20 01:00:00,0.3599,0.3618,0.3512,0.3525,1114623.0,1732067999999,397598.92665,1658,518664.2,185775.83168,0,0.83
2024-11-20 02:00:00,0.353,0.3551,0.3515,0.3517,371326.0,1732071599999,131139.75053,769,210720.3,74437.2047,0,0.83
2024-11-20 03:00:00,0.3521,0.3522,0.3414,0.3481,1542155.4,1732075199999,534049.04583,2559,630122.4,218038.30898,0,0.83
2024-11-20 04:00:00,0.3481,0.3511,0.3457,0.3504,507832.8,1732078799999,176701.39568,747,276492.3,96290.15771,0,0.83
2024-11-20 05:00:00,0.3503,0.3552,0.3483,0.3551,195756.3,1732082399999,69028.33069,613,108943.1,38376.88096,0,0.83
2024-11-20 06:00:00,0.3551,0.3568,0.3511,0.3515,254428.1,1732085999999,90153.87991,540,139260.0,49366.80677,0,0.83
2024-11-20 07:00:00,0.3515,0.3534,0.3507,0.3516,337386.2,1732089599999,118671.59179,674,186585.4,65620.9583,0,0.83
2024-11-20 08:00:00,0.3519,0.3558,0.3515,0.3535,169279.3,1732093199999,59872.78944,409,80485.3,28467.92131,0,0.83
2024-11-20 09:00:00,0.3536,0.3557,0.352,0.3556,440881.8,1732096799999,156362.28716,890,229324.8,81344.81187,0,0.83
2024-11-20 10:00:00,0.3554,0.3571,0.3544,0.3544,275905.4,1732100399999,98212.37293,456,96390.2,34320.16294,0,0.83
2024-11-20 11:00:00,0.3543,0.3545,0.3507,0.3528,251075.3,1732103999999,88332.92401,513,82829.5,29138.8277,0,0.83
2024-11-20 12:00:00,0.3528,0.3529,0.3474,0.3488,425844.7,1732107599999,148948.11955,775,171952.6,60163.87297,0,0.83
2024-11-20 13:00:00,0.3488,0.3545,0.3461,0.3544,537676.2,1732111199999,188665.05357,1223,267803.2,93983.61197,0,0.83
2024-11-20 14:00:00,0.3546,0.3586,0.35,0.3532,748137.1,1732114799999,264973.26314,1412,391454.9,138572.41727,0,0.83
2024-11-20 15:00:00,0.3535,0.3543,0.3487,0.3522,455332.1,1732118399999,159627.56035,1188,212863.1,74691.63437,0,0.83
2024-11-20 16:00:00,0.3524,0.3532,0.342,0.3444,435325.0,1732121999999,150625.5108,1147,235507.8,81466.91757,0,0.83
2024-11-20 17:00:00,0.3442,0.3459,0.3391,0.3392,428403.4,1732125599999,146897.03925,809,152084.7,52170.79125,0,0.83
2024-11-20 18:00:00,0.3392,0.3405,0.3338,0.3374,1242944.9,1732129199999,419124.90738,2015,564786.9,190476.67931,0,0.83
2024-11-20 19:00:00,0.3372,0.3376,0.3327,0.336,424382.5,1732132799999,142201.74386,778,225402.7,75546.75116,0,0.83
2024-11-20 20:00:00,0.3354,0.3412,0.3334,0.3403,378567.0,1732136399999,127899.78396,1129,201369.4,68088.87885,0,0.83
2024-11-20 21:00:00,0.3401,0.341,0.3378,0.34,252371.1,1732139999999,85703.21119,690,140355.9,47649.13775,0,0.83
2024-11-20 22:00:00,0.34,0.3432,0.3398,0.3409,412072.0,1732143599999,140514.01911,1089,251920.4,85880.50445,0,0.83
2024-11-20 23:00:00,0.3408,0.3415,0.3376,0.3388,223062.9,1732147199999,75696.3532,655,124202.0,42144.59784,0,0.83
2024-11-21 00:00:00,0.3386,0.3422,0.3361,0.3405,511819.7,1732150799999,173415.19194,1058,212684.1,72157.69641,0,0.82
2024-11-21 01:00:00,0.3407,0.343,0.339,0.3393,348056.0,1732154399999,118637.79889,678,172301.8,58773.44332,0,0.82
2024-11-21 02:00:00,0.3392,0.3392,0.3263,0.33,668662.5,1732157999999,221491.57589,1837,338979.7,112147.40856,0,0.82
2024-11-21 03:00:00,0.3299,0.3391,0.3296,0.3335,494946.6,1732161599999,165806.50698,1386,318341.6,106738.34752,0,0.82
2024-11-21 04:00:00,0.3337,0.3454,0.3323,0.3426,801717.9,1732165199999,272011.13939,2077,455065.4,154343.97399,0,0.82
2024-11-21 05:00:00,0.3424,0.348,0.3419,0.3463,505915.7,1732168799999,174547.03493,1289,340194.5,117316.93286,0,0.82
2024-11-21 06:00:00,0.3463,0.3496,0.3457,0.3478,545757.1,1732172399999,189672.84237,1081,285949.4,99405.58536,0,0.82
2024-11-21 07:00:00,0.3476,0.3518,0.3444,0.3475,1006495.0,1732175999999,350182.59968,1743,512249.6,178267.44679,0,0.82
2024-11-21 08:00:00,0.3473,0.3537,0.3465,0.3491,2317633.3,1732179599999,812656.5279,4519,1436111.7,503630.91937,0,0.82
2024-11-21 09:00:00,0.3491,0.3517,0.3449,0.3453,623347.1,1732183199999,217204.56192,1190,317490.3,110556.40507,0,0.82
2024-11-21 10:00:00,0.3451,0.3473,0.3422,0.3455,476744.7,1732186799999,164517.2139,840,284554.0,98257.757,0,0.82
2024-11-21 11:00:00,0.3453,0.3516,0.3434,0.35,407995.5,1732190399999,141782.74966,772,214746.8,74673.46811,0,0.82
2024-11-21 12:00:00,0.3499,0.3586,0.3491,0.3529,1616814.7,1732193999999,574641.43908,2673,723845.8,257376.62879,0,0.82
2024-11-21 13:00:00,0.3526,0.3647,0.3526,0.3604,1924749.9,1732197599999,692828.01589,4133,974384.8,350643.9367,0,0.82
2024-11-21 14:00:00,0.3603,0.3646,0.3546,0.359,1316010.3,1732201199999,474233.10377,2387,706721.7,255295.26237,0,0.82
2024-11-21 15:00:00,0.3589,0.3589,0.3473,0.3527,1098991.7,1732204799999,388400.86501,2409,503864.8,178044.2615,0,0.82
2024-11-21 16:00:00,0.3529,0.358,0.3524,0.3565,784433.8,1732208399999,277896.43299,1294,462512.2,163686.84592,0,0.82
2024-11-21 17:00:00,0.3564,0.3584,0.3549,0.3582,240196.4,1732211999999,85708.27628,505,107565.0,38418.92044,0,0.82
2024-11-21 18:00:00,0.3581,0.3598,0.3565,0.3593,503050.6,1732215599999,180175.73322,1588,288084.0,103222.69794,0,0.82
2024-11-21 19:00:00,0.3594,0.3598,0.3556,0.3584,353818.0,1732219199999,126682.40054,966,146153.3,52311.05648,0,0.82
2024-11-21 20:00:00,0.3584,0.3605,0.3576,0.3595,1018000.3,1732222799999,365692.15934,1877,409320.0,147046.4625,0,0.82
2024-11-21 21:00:00,0.3593,0.3595,0.3558,0.3573,738657.5,1732226399999,264901.45526,824,83726.9,29944.47567,0,0.82
2024-11-21 22:00:00,0.3573,0.3597,0.3572,0.3591,218328.2,1732229999999,78365.08079,366,71869.8,25797.05282,0,0.82
2024-11-21 23:00:00,0.3593,0.3609,0.3578,0.3606,233360.8,1732233599999,83919.1701,465,147200.7,52953.92198,0,0.82
2024-11-22 00:00:00,0.3607,0.3616,0.3517,0.354,601534.7,1732237199999,214447.24278,1666,242681.6,86456.57145,0,0.94
2024-11-22 01:00:00,0.3538,0.3591,0.3523,0.3583,368356.9,1732240799999,131055.30826,870,167748.8,59652.53727,0,0.94
2024-11-22 02:00:00,0.3581,0.3607,0.3542,0.3578,581856.7,1732244399999,208169.75941,930,301423.2,107778.4303,0,0.94
2024-11-22 03:00:00,0.3577,0.3607,0.3573,0.3593,247785.8,1732247999999,88960.76318,601,108976.5,39143.9283,0,0.94
2024-11-22 04:00:00,0.3596,0.3624,0.3589,0.3594,588632.3,1732251599999,212574.58032,1152,150655.2,54387.6583,0,0.94
2024-11-22 05:00:00,0.3595,0.3627,0.3584,0.3615,404764.4,1732255199999,146111.17993,656,225000.6,81251.18506,0,0.94
2024-11-22 06:00:00,0.3615,0.362,0.3577,0.3604,323222.6,1732258799999,116286.95741,675,114069.5,41067.05479,0,0.94
2024-11-22 07:00:00,0.3602,0.3631,0.359,0.3608,571406.1,1732262399999,206097.07317,1699,333855.1,120464.81476,0,0.94
2024-11-22 08:00:00,0.3609,0.3633,0.3605,0.3627,365768.0,1732265999999,132339.97016,795,132200.0,47840.81032,0,0.94
2024-11-22 09:00:00,0.3627,0.3636,0.3585,0.3613,510011.9,1732269599999,184354.42717,1381,205985.7,74461.78553,0,0.94
2024-11-22 10:00:00,0.3612,0.3622,0.3569,0.3569,333658.4,1732273199999,120065.17774,703,127747.6,45981.75601,0,0.94
2024-11-22 11:00:00,0.357,0.3623,0.3546,0.3615,491092.2,1732276799999,176240.33526,1028,272706.9,97895.05666,0,0.94
2024-11-22 12:00:00,0.3615,0.3617,0.3584,0.3588,596549.5,1732280399999,214495.79931,1142,197391.5,70976.16242,0,0.94
2024-11-22 13:00:00,0.3588,0.3588,0.3444,0.3486,2175547.9,1732283999999,760171.08579,4386,1012493.5,353716.16561,0,0.94
2024-11-22 14:00:00,0.3488,0.3521,0.3469,0.3493,463209.9,1732287599999,161982.22283,1085,229209.1,80197.28214,0,0.94
2024-11-22 15:00:00,0.3492,0.3562,0.3484,0.3558,506127.0,1732291199999,178394.27414,1127,310619.0,109524.54491,0,0.94
2024-11-22 16:00:00,0.356,0.3569,0.3523,0.3557,589077.0,1732294799999,208712.1453,1513,220772.7,78266.57026,0,0.94
2024-11-22 17:00:00,0.3556,0.3568,0.3524,0.3527,316160.9,1732298399999,112252.12167,692,159052.2,56533.42711,0,0.94
2024-11-22 18:00:00,0.3531,0.3558,0.3486,0.3491,292355.4,1732301999999,102992.45791,716,124901.1,44042.83058,0,0.94
2024-11-22 19:00:00,0.3494,0.3528,0.3471,0.3506,585925.3,1732305599999,204776.54816,1206,277594.5,97001.53096,0,0.94
2024-11-22 20:00:00,0.3509,0.355,0.3499,0.3546,367827.5,1732309199999,129629.13913,742,184786.5,65112.85797,0,0.94
2024-11-22 21:00:00,0.3546,0.3608,0.3544,0.3605,607828.0,1732312799999,217838.52358,1238,306750.9,109998.27994,0,0.94
2024-11-22 22:00:00,0.3607,0.3609,0.3569,0.3574,490898.8,1732316399999,176098.50349,998,194382.8,69732.62553,0,0.94
2024-11-22 23:00:00,0.3575,0.3662,0.3575,0.3662,704662.0,1732319999999,255070.48168,1506,434119.0,157063.8717,0,0.94
2024-11-23 00:00:00,0.3663,0.3668,0.3598,0.3643,1012144.8,1732323599999,367530.61556,2183,488148.2,177301.25293,0,0.93
2024-11-23 01:00:00,0.3646,0.3693,0.364,0.3686,1353887.7,1732327199999,496283.12256,2573,589128.3,215992.35054,0,0.93
2024-11-23 02:00:00,0.3687,0.3736,0.3608,0.3649,1099954.4,1732330799999,404932.28678,2358,499282.6,183730.40141,0,0.93
2024-11-23 03:00:00,0.3651,0.3686,0.3631,0.368,536483.5,1732334399999,196974.86209,1169,309878.7,113787.32015,0,0.93
2024-11-23 04:00:00,0.368,0.3692,0.3624,0.3672,859736.9,1732337999999,314235.8996,1717,361600.3,132092.37168,0,0.93
2024-11-23 05:00:00,0.3673,0.3752,0.3658,0.3747,716184.7,1732341599999,265822.20375,1438,375679.8,139530.60373,0,0.93
2024-11-23 06:00:00,0.375,0.3819,0.3739,0.3808,1323467.1,1732345199999,500919.45766,2780,657422.0,248717.00779,0,0.93
2024-11-23 07:00:00,0.3811,0.3847,0.3795,0.3819,879472.2,1732348799999,335711.19443,1702,365378.3,139460.15102,0,0.93
2024-11-23 08:00:00,0.3819,0.3878,0.3813,0.3859,1293008.3,1732352399999,497970.55766,2854,736072.3,283477.86421,0,0.93
2024-11-23 09:00:00,0.3859,0.4026,0.3859,0.4006,4455846.4,1732355999999,1763516.05815,11363,2820092.1,1116039.13602,0,0.93
2024-11-23 10:00:00,0.4007,0.4094,0.3954,0.3985,7618423.7,1732359599999,3057965.78126,20006,4462390.8,1793049.81131,0,0.93
2024-11-23 11:00:00,0.3987,0.409,0.3976,0.4089,4513796.1,1732363199999,1824466.0645,7251,2516042.6,1018396.05216,0,0.93
2024-11-23 12:00:00,0.4089,0.417,0.3995,0.3998,7208658.7,1732366799999,2942295.54107,14867,3537105.1,1444928.82759,0,0.93
2024-11-23 13:00:00,0.4,0.4039,0.3981,0.3994,2418406.1,1732370399999,968752.18286,4284,986740.3,395228.64752,0,0.93
2024-11-23 14:00:00,0.3995,0.4015,0.3973,0.4003,1606489.8,1732373999999,641362.57428,3640,573795.8,229156.66791,0,0.93
2024-11-23 15:00:00,0.4003,0.4035,0.3973,0.4004,1347161.6,1732377599999,539083.93918,2761,527657.0,211151.6673,0,0.93
2024-11-23 16:00:00,0.4005,0.4024,0.3815,0.3924,5645926.2,1732381199999,2207741.33416,10153,2727560.5,1066944.43306,0,0.93
2024-11-23 17:00:00,0.3919,0.3983,0.3843,0.3976,1382164.2,1732384799999,541389.44578,3351,645975.0,253196.87916,0,0.93
2024-11-23 18:00:00,0.3978,0.4013,0.3945,0.3991,960778.6,1732388399999,382618.73164,1992,513075.3,204436.53081,0,0.93
2024-11-23 19:00:00,0.3992,0.3993,0.3921,0.3957,613562.9,1732391999999,242811.19122,1878,225226.3,89063.74525,0,0.93
2024-11-23 20:00:00,0.3955,0.396,0.3835,0.3914,880252.7,1732395599999,343026.88385,2199,461720.9,180038.06515,0,0.93
2024-11-23 21:00:00,0.3915,0.3994,0.3907,0.3986,507717.7,1732399199999,200662.28387,1588,210896.0,83372.23313,0,0.93
2024-11-23 22:00:00,0.3986,0.3995,0.3946,0.3975,440355.3,1732402799999,174827.87643,1115,202735.0,80409.38236,0,0.93
2024-11-23 23:00:00,0.3975,0.3995,0.3935,0.3971,725046.5,1732406399999,287588.28188,1753,431539.5,171269.42242,0,0.93
2024-11-24 00:00:00,0.3969,0.4102,0.3947,0.3995,2943774.2,1732409999999,1184089.4193,5757,1443310.8,581120.01572,0,0.8
2024-11-24 01:00:00,0.3995,0.4012,0.3968,0.3997,692081.7,1732413599999,276205.85948,1546,321731.1,128414.4239,0,0.8
2024-11-24 02:00:00,0.3995,0.404,0.3988,0.4031,431382.9,1732417199999,173041.55871,957,244872.9,98234.5096,0,0.8
2024-11-24 03:00:00,0.403,0.4102,0.4008,0.4101,929184.2,1732420799999,376669.16346,2839,355907.6,144237.84881,0,0.8
2024-11-24 04:00:00,0.41,0.4119,0.399,0.4053,1503260.1,1732424399999,610926.10719,4587,582069.2,236514.31294,0,0.8
2024-11-24 05:00:00,0.4051,0.4125,0.4047,0.4099,1630170.2,1732427999999,665276.28861,3539,833293.6,339779.72091,0,0.8
2024-11-24 06:00:00,0.4099,0.4145,0.4049,0.4129,1215332.3,1732431599999,498164.44376,3875,539677.7,221076.64997,0,0.8
2024-11-24 07:00:00,0.4128,0.413,0.4066,0.4108,702153.7,1732435199999,288063.8623,2277,416157.5,170745.04195,0,0.8
2024-11-24 08:00:00,0.4106,0.4139,0.4009,0.402,954930.7,1732438799999,389198.03807,2357,404001.7,164536.06038,0,0.8
2024-11-24 09:00:00,0.4022,0.4069,0.3997,0.4053,784147.0,1732442399999,315867.40508,1968,374451.2,150865.84276,0,0.8
2024-11-24 10:00:00,0.4054,0.4057,0.3932,0.3955,1188843.8,1732445999999,473700.39627,2899,439823.4,175288.09637,0,0.8
2024-11-24 11:00:00,0.3958,0.3966,0.3837,0.3837,2171447.4,1732449599999,845907.95498,4919,978611.3,380997.77285,0,0.8
2024-11-24 12:00:00,0.3837,0.3892,0.3655,0.375,3289396.5,1732453199999,1237796.76566,7243,1515231.1,569645.97135,0,0.8
2024-11-24 13:00:00,0.3751,0.383,0.3723,0.3816,1199743.0,1732456799999,454583.20645,3012,575983.9,218143.43683,0,0.8
2024-11-24 14:00:00,0.3809,0.3809,0.3702,0.3785,1669228.7,1732460399999,626921.28528,4165,810884.1,304550.07734,0,0.8
2024-11-24 15:00:00,0.3788,0.3793,0.3663,0.3664,1240268.2,1732463999999,461668.26147,2732,576346.2,214634.59942,0,0.8
2024-11-24 16:00:00,0.3664,0.3781,0.3651,0.3761,699519.9,1732467599999,261425.03834,1739,361279.0,134985.63924,0,0.8
2024-11-24 17:00:00,0.3759,0.3777,0.3698,0.3762,553995.5,1732471199999,206668.59362,1597,245236.4,91521.20641,0,0.8
2024-11-24 18:00:00,0.376,0.3844,0.3756,0.3827,594284.1,1732474799999,226211.78159,1184,320915.2,122103.96204,0,0.8
2024-11-24 19:00:00,0.3826,0.3831,0.3791,0.3806,532423.4,1732478399999,202671.04823,935,292382.6,111317.13781,0,0.8
2024-11-24 20:00:00,0.3804,0.3862,0.3797,0.3861,353040.6,1732481999999,135621.90061,865,170332.8,65409.44333,0,0.8
2024-11-24 21:00:00,0.386,0.39,0.3837,0.3899,375997.7,1732485599999,145251.35494,842,146210.7,56494.36112,0,0.8
2024-11-24 22:00:00,0.3895,0.3966,0.3892,0.3963,807667.4,1732489199999,316996.51601,1829,377751.2,148202.24179,0,0.8
2024-11-24 23:00:00,0.3964,0.4063,0.3963,0.4055,1150096.0,1732492799999,461324.38628,2530,564011.9,226264.77059,0,0.8
2024-11-25 00:00:00,0.4056,0.4166,0.3975,0.4108,3544272.1,1732496399999,1446366.29571,8375,1844963.6,753431.3969,0,0.82
2024-11-25 01:00:00,0.4105,0.4145,0.3952,0.4026,3013569.3,1732499999999,1218394.00235,7696,1530037.2,618794.22235,0,0.82
2024-11-25 02:00:00,0.4025,0.4065,0.3992,0.4007,891836.7,1732503599999,360353.01871,2417,445454.2,180017.72486,0,0.82
2024-11-25 03:00:00,0.4008,0.4053,0.3989,0.4044,591920.9,1732507199999,238339.42218,1864,263649.6,106196.14563,0,0.82
2024-11-25 04:00:00,0.4043,0.408,0.4029,0.4034,653280.3,1732510799999,265267.73209,1609,292741.7,118852.59612,0,0.82
2024-11-25 05:00:00,0.4036,0.4067,0.4024,0.4048,431355.7,1732514399999,174500.92012,1001,216539.5,87597.67146,0,0.82
2024-11-25 06:00:00,0.4052,0.4055,0.3987,0.3996,698955.8,1732517999999,280706.64543,1324,399331.6,160147.21222,0,0.82
2024-11-25 07:00:00,0.3996,0.4058,0.3989,0.4022,865137.7,1732521599999,348012.27252,1906,354492.4,142655.25395,0,0.82
2024-11-25 08:00:00,0.4023,0.407,0.4017,0.407,326392.6,1732525199999,132063.14006,1012,135600.5,54834.32562,0,0.82
2024-11-25 09:00:00,0.407,0.4126,0.4069,0.4108,610193.7,1732528799999,250539.63302,1636,320673.2,131740.35713,0,0.82
2024-11-25 10:00:00,0.4106,0.4113,0.4046,0.41,561935.1,1732532399999,229759.87626,1609,295205.0,120787.80759,0,0.82
2024-11-25 11:00:00,0.4102,0.4119,0.4048,0.4066,805780.9,1732535999999,328880.43722,2500,334825.4,136818.59148,0,0.82
2024-11-25 12:00:00,0.4067,0.409,0.4044,0.4068,613711.8,1732539599999,249774.41362,1667,291398.9,118529.58319,0,0.82
2024-11-25 13:00:00,0.4064,0.4082,0.3968,0.4009,767787.1,1732543199999,308301.71107,2314,381909.5,153301.6254,0,0.82
2024-11-25 14:00:00,0.4006,0.4051,0.3897,0.3907,1409420.0,1732546799999,560284.65134,3956,746585.0,297322.6666,0,0.82
2024-11-25 15:00:00,0.3907,0.4033,0.3836,0.3996,2100216.8,1732550399999,825242.65134,6261,1137640.4,447138.04008,0,0.82
2024-11-25 16:00:00,0.3998,0.403,0.3933,0.3975,1605870.4,1732553999999,640668.3985,2901,756722.5,302342.12958,0,0.82
2024-11-25 17:00:00,0.3976,0.3977,0.3879,0.3932,751075.9,1732557599999,294654.39612,2513,379754.3,149031.5913,0,0.82
2024-11-25 18:00:00,0.3932,0.3956,0.3892,0.3921,333765.4,1732561199999,131195.10271,1095,136350.8,53564.47207,0,0.82
2024-11-25 19:00:00,0.3921,0.397,0.3897,0.3938,372970.0,1732564799999,146743.60399,1308,163014.1,64175.49059,0,0.82
2024-11-25 20:00:00,0.3938,0.3993,0.392,0.3971,410937.8,1732568399999,162750.85764,1151,224767.0,89003.00914,0,0.82
2024-11-25 21:00:00,0.3971,0.3978,0.385,0.3893,517695.9,1732571999999,201459.86532,1483,202551.8,78803.99215,0,0.82
2024-11-25 22:00:00,0.3891,0.3915,0.3776,0.3877,1117168.6,1732575599999,430039.4557,2114,516765.5,198821.96981,0,0.82
2024-11-25 23:00:00,0.3874,0.3898,0.3827,0.386,631749.7,1732579199999,244454.89202,1398,257739.4,99722.27118,0,0.82
2024-11-26 00:00:00,0.3858,0.3949,0.3806,0.3901,1177430.8,1732582799999,457501.06383,2861,508910.0,197577.6079,0,0.79
2024-11-26 01:00:00,0.3899,0.4009,0.3899,0.3992,807192.0,1732586399999,320706.93114,2056,425540.4,168939.22358,0,0.79
2024-11-26 02:00:00,0.3993,0.4015,0.3973,0.3996,366362.1,1732589999999,146289.06707,880,167515.5,66913.57311,0,0.79
2024-11-26 03:00:00,0.3999,0.3999,0.3923,0.3958,542390.8,1732593599999,214206.21217,1198,280704.1,110837.86455,0,0.79
2024-11-26 04:00:00,0.3955,0.3958,0.3909,0.3941,403099.9,1732597199999,158404.86969,1074,162414.8,63825.81086,0,0.79
2024-11-26 05:00:00,0.3937,0.4009,0.3935,0.4008,216614.5,1732600799999,86120.47842,708,104746.7,41602.2422,0,0.79
2024-11-26 06:00:00,0.4007,0.4011,0.3974,0.3983,326223.6,1732604399999,130400.31497,817,162712.9,65070.67404,0,0.79
2024-11-26 07:00:00,0.398,0.3985,0.3871,0.3871,721389.3,1732607999999,283102.13086,1585,309531.0,121489.4954,0,0.79
2024-11-26 08:00:00,0.3871,0.3871,0.3682,0.3724,4713388.5,1732611599999,1764802.88997,9079,2141220.2,800706.75518,0,0.79
2024-11-26 09:00:00,0.3725,0.3756,0.3683,0.3733,669421.1,1732615199999,249561.28082,1705,358312.8,133621.49354,0,0.79
2024-11-26 10:00:00,0.3729,0.3739,0.362,0.3621,1015413.4,1732618799999,372291.17594,2082,426303.6,156507.95706,0,0.79
2024-11-26 11:00:00,0.362,0.3658,0.3538,0.3641,2014761.5,1732622399999,722243.63651,5855,1103086.5,395728.00693,0,0.79
2024-11-26 12:00:00,0.3642,0.3658,0.3557,0.3587,656625.0,1732625999999,237134.73856,1620,304575.2,110015.2729,0,0.79
2024-11-26 13:00:00,0.3588,0.3649,0.3561,0.3629,1078265.4,1732629599999,389526.6635,3788,676650.1,244596.10871,0,0.79
2024-11-26 14:00:00,0.3629,0.3724,0.3584,0.3707,991880.2,1732633199999,362359.29878,3490,590494.0,215518.81769,0,0.79
2024-11-26 15:00:00,0.3702,0.372,0.3647,0.3664,470338.6,1732636799999,173489.2712,1223,293141.1,108160.22386,0,0.79
2024-11-26 16:00:00,0.3666,0.3788,0.3642,0.3768,464716.5,1732640399999,173199.88269,1369,250272.0,93195.37719,0,0.79
2024-11-26 17:00:00,0.3765,0.3769,0.3721,0.3757,143329.9,1732643999999,53755.74667,492,77031.6,28892.41663,0,0.79
2024-11-26 18:00:00,0.3758,0.3758,0.3625,0.368,788900.8,1732647599999,290450.46265,2130,375178.1,138069.18894,0,0.79
2024-11-26 19:00:00,0.3678,0.3701,0.365,0.3692,765458.5,1732651199999,281060.12691,1795,337096.9,123888.75324,0,0.79
2024-11-26 20:00:00,0.3692,0.3771,0.3677,0.375,579696.6,1732654799999,215570.2777,1414,324316.9,120749.8438,0,0.79
2024-11-26 21:00:00,0.3745,0.3774,0.3717,0.3752,185691.0,1732658399999,69611.75021,700,82744.3,31026.29373,0,0.79
2024-11-26 22:00:00,0.375,0.3836,0.3747,0.3806,331948.9,1732661999999,126320.60071,1153,154132.6,58663.94916,0,0.79
2024-11-26 23:00:00,0.3808,0.3893,0.3801,0.3879,674296.6,1732665599999,260207.08934,1710,392379.2,151465.93104,0,0.79
2024-11-27 00:00:00,0.3879,0.3905,0.3766,0.3782,1656586.3,1732669199999,634408.2856,4131,754083.4,288842.9152,0,0.75
2024-11-27 01:00:00,0.3787,0.3857,0.3756,0.3812,1819339.0,1732672799999,694181.96373,3785,856908.3,326791.22705,0,0.75
2024-11-27 02:00:00,0.3814,0.3857,0.3764,0.385,944650.8,1732676399999,360201.93635,2609,410764.2,156744.38001,0,0.75
2024-11-27 03:00:00,0.3849,0.3851,0.3775,0.3777,318925.9,1732679999999,121474.25074,833,121590.2,46355.61044,0,0.75
2024-11-27 04:00:00,0.3775,0.3847,0.3771,0.379,406730.0,1732683599999,154922.16087,1309,155381.3,59218.30593,0,0.75
2024-11-27 05:00:00,0.3794,0.3801,0.3759,0.377,165920.6,1732687199999,62755.93146,567,99646.7,37689.9494,0,0.75
2024-11-27 06:00:00,0.3772,0.385,0.3772,0.382,511511.9,1732690799999,194749.60789,915,377923.1,143769.70113,0,0.75
2024-11-27 07:00:00,0.3821,0.3869,0.381,0.3854,196256.0,1732694399999,75444.77561,666,79780.2,30677.64032,0,0.75
2024-11-27 08:00:00,0.3854,0.3866,0.3834,0.3847,308849.3,1732697999999,118898.24352,807,120813.4,46532.52363,0,0.75
2024-11-27 09:00:00,0.3846,0.3849,0.3781,0.3831,363280.1,1732701599999,138400.36026,1018,144569.4,55045.38391,0,0.75
2024-11-27 10:00:00,0.3831,0.3892,0.3827,0.3872,291224.7,1732705199999,112379.3519,922,137234.2,52965.86788,0,0.75
2024-11-27 11:00:00,0.3869,0.3875,0.3839,0.3858,282901.3,1732708799999,109160.9417,856,106775.4,41184.06742,0,0.75
2024-11-27 12:00:00,0.386,0.3861,0.3801,0.3848,230164.5,1732712399999,88159.17477,791,113280.3,43358.80331,0,0.75
2024-11-27 13:00:00,0.3853,0.39,0.3842,0.39,353741.6,1732715999999,136940.71387,1067,154452.1,59759.25062,0,0.75
2024-11-27 14:00:00,0.3899,0.3944,0.3888,0.3939,713280.3,1732719599999,279267.39357,1889,386802.9,151494.84026,0,0.75
2024-11-27 15:00:00,0.3939,0.4033,0.3933,0.402,1975963.8,1732723199999,788289.83103,3411,1270996.1,507282.61362,0,0.75
2024-11-27 16:00:00,0.4022,0.4088,0.4002,0.404,1127318.7,1732726799999,456279.81127,3050,544757.9,220583.59423,0,0.75
2024-11-27 17:00:00,0.404,0.4102,0.4011,0.4098,576787.3,1732730399999,234338.61964,1728,307173.9,124975.36615,0,0.75
2024-11-27 18:00:00,0.4098,0.412,0.4084,0.4107,649588.2,1732733999999,266535.65231,1918,339929.0,139430.53345,0,0.75
2024-11-27 19:00:00,0.4104,0.4106,0.4067,0.4075,585791.0,1732737599999,239425.22174,1540,140053.5,57263.04047,0,0.75
2024-11-27 20:00:00,0.4075,0.4106,0.4058,0.4075,483906.3,1732741199999,197696.31516,1401,247957.8,101338.74653,0,0.75
2024-11-27 21:00:00,0.4073,0.408,0.4033,0.4059,707253.3,1732744799999,287609.97643,1418,373837.2,152031.57309,0,0.75
2024-11-27 22:00:00,0.4059,0.4104,0.4056,0.4104,291988.3,1732748399999,119101.02145,823,163686.2,66802.46849,0,0.75
2024-11-27 23:00:00,0.4103,0.4127,0.4082,0.4114,578687.8,1732751999999,237805.332,1264,248057.9,101933.78597,0,0.75
2024-11-28 00:00:00,0.4115,0.4116,0.403,0.4045,1033407.4,1732755599999,419992.16698,2279,502210.4,204125.43376,0,0.77
2024-11-28 01:00:00,0.4045,0.4069,0.4034,0.4039,609803.6,1732759199999,247065.4055,1051,288177.6,116801.05489,0,0.77
2024-11-28 02:00:00,0.4039,0.4049,0.397,0.3977,686489.6,1732762799999,275363.54427,1995,284599.3,114278.83713,0,0.77
2024-11-28 03:00:00,0.3978,0.3989,0.3914,0.3958,841083.8,1732766399999,332308.60651,1753,313126.2,123524.7935,0,0.77
2024-11-28 04:00:00,0.3964,0.4022,0.3947,0.4021,378185.1,1732769999999,150666.85598,804,142981.8,56978.28168,0,0.77
2024-11-28 05:00:00,0.4021,0.4047,0.3998,0.4005,555193.6,1732773599999,223204.18538,1382,176818.7,71090.58859,0,0.77
2024-11-28 06:00:00,0.4004,0.403,0.3963,0.402,1307445.3,1732777199999,523354.0631,2464,545973.0,218554.56018,0,0.77
2024-11-28 07:00:00,0.402,0.4039,0.3961,0.3969,952834.1,1732780799999,381761.05835,1680,311029.4,124595.67675,0,0.77
2024-11-28 08:00:00,0.3969,0.3986,0.3934,0.3976,329012.2,1732784399999,130360.48863,942,119331.0,47276.01225,0,0.77
2024-11-28 09:00:00,0.3975,0.3978,0.3917,0.392,241696.0,1732787999999,95553.25463,615,139710.1,55274.9141,0,0.77
2024-11-28 10:00:00,0.392,0.3953,0.3901,0.3925,406783.0,1732791599999,159609.28416,773,211103.5,82784.88906,0,0.77
2024-11-28 11:00:00,0.3925,0.3966,0.3909,0.3949,511722.1,1732795199999,201665.54695,1073,241834.3,95343.64099,0,0.77
2024-11-28 12:00:00,0.395,0.3971,0.3923,0.3955,311018.4,1732798799999,122971.87479,716,157098.2,62124.13491,0,0.77
2024-11-28 13:00:00,0.3954,0.3971,0.3934,0.397,291137.8,1732802399999,115054.33167,693,173385.9,68491.23263,0,0.77
2024-11-28 14:00:00,0.3967,0.4,0.3914,0.3953,1546979.2,1732805999999,614214.64329,2319,618750.4,246175.56742,0,0.77
2024-11-28 15:00:00,0.3956,0.3966,0.3875,0.3881,697036.6,1732809599999,272913.13615,1945,260250.4,101929.6036,0,0.77
2024-11-28 16:00:00,0.388,0.3921,0.3877,0.3882,291366.7,1732813199999,113718.62605,824,161332.6,62988.3213,0,0.77
2024-11-28 17:00:00,0.3882,0.3907,0.3873,0.3874,264828.0,1732816799999,103111.5863,768,127881.8,49790.77472,0,0.77
2024-11-28 18:00:00,0.3872,0.3939,0.387,0.3934,361311.9,1732820399999,140912.43818,909,251162.0,97909.76658,0,0.77
2024-11-28 19:00:00,0.3933,0.3952,0.3926,0.3938,199004.9,1732823999999,78377.16392,537,107491.5,42362.90692,0,0.77
2024-11-28 20:00:00,0.3939,0.3942,0.3901,0.3912,236624.2,1732827599999,92787.70077,585,134248.6,52598.96686,0,0.77
2024-11-28 21:00:00,0.3912,0.3965,0.3912,0.3964,262311.3,1732831199999,103328.41611,671,162966.3,64157.83205,0,0.77
2024-11-28 22:00:00,0.3964,0.3999,0.3956,0.3998,281609.8,1732834799999,112179.89163,879,160107.3,63765.96254,0,0.77
2024-11-28 23:00:00,0.3998,0.4,0.3964,0.3991,529590.0,1732838399999,211083.71821,988,290466.2,115818.99715,0,0.77
2024-11-29 00:00:00,0.3991,0.3992,0.3892,0.39,569788.8,1732841999999,224370.22297,1413,228440.0,89914.60676,0,0.78
2024-11-29 01:00:00,0.3898,0.3945,0.3886,0.3941,176170.7,1732845599999,68934.03636,512,95436.5,37353.26612,0,0.78
2024-11-29 02:00:00,0.3945,0.3978,0.3938,0.396,255168.6,1732849199999,101105.46358,693,123268.1,48821.65897,0,0.78
2024-11-29 03:00:00,0.396,0.3969,0.3931,0.394,474307.9,1732852799999,187496.10368,840,300767.9,118923.54036,0,0.78
2024-11-29 04:00:00,0.3942,0.3958,0.392,0.3931,675029.7,1732856399999,265608.46984,1419,395515.2,155604.6019,0,0.78
2024-11-29 05:00:00,0.393,0.3963,0.3919,0.3921,344305.1,1732859999999,135793.47596,651,170772.1,67327.69101,0,0.78
2024-11-29 06:00:00,0.3923,0.3944,0.3913,0.3923,470509.6,1732863599999,185010.06892,893,265279.6,104311.81664,0,0.78
2024-11-29 07:00:00,0.3923,0.3931,0.3884,0.3887,580616.9,1732867199999,226729.16602,1483,279960.0,109415.94084,0,0.78
2024-11-29 08:00:00,0.3887,0.3928,0.3887,0.3927,233479.1,1732870799999,91507.71654,548,110969.0,43477.0519,0,0.78
2024-11-29 09:00:00,0.3927,0.3974,0.392,0.3969,230324.9,1732874399999,91001.89233,626,108902.6,43044.27722,0,0.78
2024-11-29 10:00:00,0.3971,0.402,0.3965,0.4008,457877.6,1732877999999,182839.72451,1299,197030.6,78717.57927,0,0.78
2024-11-29 11:00:00,0.4009,0.4093,0.4002,0.408,828406.7,1732881599999,335841.8007,1957,447017.3,181318.86821,0,0.78
2024-11-29 12:00:00,0.4087,0.4104,0.405,0.4085,831794.0,1732885199999,339235.22361,1860,373028.6,152149.82361,0,0.78
2024-11-29 13:00:00,0.4086,0.4101,0.406,0.4088,423725.4,1732888799999,172985.28512,883,180833.5,73743.10782,0,0.78
2024-11-29 14:00:00,0.4087,0.4133,0.4073,0.4132,773193.7,1732892399999,317689.53053,1416,439538.2,180605.05465,0,0.78
2024-11-29 15:00:00,0.4131,0.417,0.4124,0.4147,857102.1,1732895999999,355367.25158,2046,363820.3,150950.78685,0,0.78
2024-11-29 16:00:00,0.4148,0.4172,0.41,0.4116,665045.1,1732899599999,274471.80529,1678,245896.3,101530.208,0,0.78
2024-11-29 17:00:00,0.4117,0.4144,0.409,0.4131,383436.9,1732903199999,157879.30122,1002,158853.0,65432.2547,0,0.78
2024-11-29 18:00:00,0.4132,0.4168,0.4119,0.4154,635836.2,1732906799999,263569.84388,1122,242272.2,100320.78486,0,0.78
2024-11-29 19:00:00,0.4154,0.4209,0.4125,0.4208,664712.7,1732910399999,276856.08686,1751,316941.5,132189.88988,0,0.78
2024-11-29 20:00:00,0.4204,0.4208,0.416,0.4171,340318.3,1732913999999,142390.63246,837,128830.8,53949.1194,0,0.78
2024-11-29 21:00:00,0.417,0.4224,0.4169,0.4214,440077.6,1732917599999,184989.96833,1089,168236.5,70764.70539,0,0.78
2024-11-29 22:00:00,0.4213,0.4214,0.4193,0.4197,383309.2,1732921199999,161101.85674,563,153862.2,64644.96068,0,0.78
2024-11-29 23:00:00,0.4197,0.4213,0.418,0.4182,399412.4,1732924799999,167622.87843,872,177053.6,74323.03794,0,0.78
2024-11-30 00:00:00,0.4183,0.4198,0.4118,0.4145,1009236.8,1732928399999,419489.27208,2294,355347.5,147568.19482,0,0.84
2024-11-30 01:00:00,0.4144,0.4188,0.4123,0.4143,667664.0,1732931999999,277789.95154,1200,361320.7,150454.3516,0,0.84
2024-11-30 02:00:00,0.4145,0.4155,0.4074,0.4084,729570.8,1732935599999,299767.17276,1400,193051.1,79379.05644,0,0.84
2024-11-30 03:00:00,0.4081,0.4114,0.4076,0.4111,332222.5,1732939199999,136075.45991,614,119123.5,48783.04625,0,0.84
2024-11-30 04:00:00,0.411,0.413,0.4103,0.4123,277803.8,1732942799999,114405.706,819,115375.8,47501.21619,0,0.84
2024-11-30 05:00:00,0.4123,0.4154,0.4119,0.4146,434105.7,1732946399999,179653.60701,1306,227224.1,94068.81289,0,0.84
2024-11-30 06:00:00,0.4144,0.4149,0.4111,0.4116,504926.7,1732949999999,208763.30401,1385,219687.7,90870.58806,0,0.84
2024-11-30 07:00:00,0.4119,0.4144,0.4106,0.4135,318574.9,1732953599999,131542.52271,726,111709.5,46096.58114,0,0.84
2024-11-30 08:00:00,0.4134,0.4169,0.4125,0.416,702055.7,1732957199999,291457.11401,1601,306763.9,127321.56321,0,0.84
2024-11-30 09:00:00,0.4161,0.417,0.414,0.415,233850.0,1732960799999,97078.45085,715,93247.1,38717.674,0,0.84
2024-11-30 10:00:00,0.4149,0.416,0.4069,0.4072,633156.0,1732964399999,260481.62187,1495,321097.7,132206.00779,0,0.84
2024-11-30 11:00:00,0.4072,0.4137,0.4063,0.4119,308206.4,1732967999999,126849.97578,835,148587.8,61159.6749,0,0.84
2024-11-30 12:00:00,0.412,0.4153,0.4113,0.4138,275760.8,1732971599999,113952.54373,757,104954.4,43377.13892,0,0.84
2024-11-30 13:00:00,0.4146,0.4171,0.4124,0.4159,486773.3,1732975199999,201869.40875,1253,155925.6,64681.0759,0,0.84
2024-11-30 14:00:00,0.4158,0.4217,0.4157,0.417,961082.5,1732978799999,403597.07163,3399,555213.3,233274.1964,0,0.84
2024-11-30 15:00:00,0.4171,0.4206,0.416,0.4185,681328.2,1732982399999,284962.42652,2228,302866.7,126681.02405,0,0.84
2024-11-30 16:00:00,0.4186,0.4191,0.414,0.4189,460694.1,1732985999999,192011.12978,1166,214548.4,89456.17628,0,0.84
2024-11-30 17:00:00,0.4187,0.4191,0.4167,0.4185,267324.4,1732989599999,111719.14876,815,123251.5,51527.84518,0,0.84
2024-11-30 18:00:00,0.4184,0.4197,0.4174,0.4197,236140.6,1732993199999,98927.71,594,148330.1,62136.75844,0,0.84
2024-11-30 19:00:00,0.4197,0.4204,0.4186,0.42,501842.8,1732996799999,210603.68956,796,281385.7,118141.93571,0,0.84
2024-11-30 20:00:00,0.4199,0.4258,0.4197,0.4248,825880.8,1733000399999,349133.46059,2001,434422.4,183741.72321,0,0.84
2024-11-30 21:00:00,0.4248,0.4268,0.4235,0.4265,461158.0,1733003999999,196111.8648,1165,267274.0,113699.00921,0,0.84
2024-11-30 22:00:00,0.4263,0.4267,0.4183,0.4193,405974.4,1733007599999,171212.37713,1110,91897.3,38742.7888,0,0.84
2024-11-30 23:00:00,0.4193,0.4245,0.4191,0.4209,638822.6,1733011199999,269486.29972,1136,273551.0,115361.94444,0,0.84
2024-12-01 00:00:00,0.421,0.4235,0.4108,0.4115,1442373.5,1733014799999,601868.78291,3010,582946.5,243513.62617,0,0.81
2024-12-01 01:00:00,0.4115,0.4155,0.4072,0.4104,554885.8,1733018399999,228082.03043,1477,278168.4,114405.04187,0,0.81
2024-12-01 02:00:00,0.4104,0.4141,0.4023,0.4046,849523.3,1733021999999,346665.75752,2037,367576.9,150120.85472,0,0.81
2024-12-01 03:00:00,0.4048,0.4125,0.4047,0.4113,252307.9,1733025599999,103504.15249,888,151496.0,62149.75022,0,0.81
2024-12-01 04:00:00,0.4112,0.4133,0.4086,0.412,261033.9,1733029199999,107262.72652,794,116984.5,48077.08517,0,0.81
2024-12-01 05:00:00,0.4115,0.4122,0.4092,0.4096,186558.4,1733032799999,76579.13851,545,79810.1,32763.62167,0,0.81
2024-12-01 06:00:00,0.4099,0.4156,0.4092,0.4142,303278.3,1733036399999,125457.00361,844,134144.5,55489.05901,0,0.81
2024-12-01 07:00:00,0.4142,0.4179,0.4128,0.4168,277323.0,1733039999999,115252.8313,779,127743.8,53070.73951,0,0.81
2024-12-01 08:00:00,0.4169,0.4283,0.4158,0.4266,984676.4,1733043599999,414958.22828,2813,459977.9,193993.85148,0,0.81
2024-12-01 09:00:00,0.4269,0.4299,0.421,0.4221,1037460.5,1733047199999,440496.40489,2546,505634.4,214966.5616,0,0.81
2024-12-01 10:00:00,0.4222,0.4228,0.4172,0.4191,331763.3,1733050799999,139248.08176,1028,125036.5,52476.77284,0,0.81
2024-12-01 11:00:00,0.4193,0.4245,0.4191,0.4227,391764.0,1733054399999,165686.80739,1138,179288.0,75832.48574,0,0.81
2024-12-01 12:00:00,0.4227,0.4265,0.4222,0.4244,336824.5,1733057999999,143058.93583,1036,107432.6,45617.48037,0,0.81
2024-12-01 13:00:00,0.4243,0.4336,0.424,0.4317,982597.4,1733061599999,422806.35647,3114,644734.6,277381.92168,0,0.81
2024-12-01 14:00:00,0.4317,0.4492,0.4304,0.4441,6300670.8,1733065199999,2784362.87069,21809,3859597.4,1705479.67914,0,0.81
2024-12-01 15:00:00,0.4437,0.4451,0.4404,0.4411,1038446.6,1733068799999,459460.85786,2434,463626.5,205098.52313,0,0.81
2024-12-01 16:00:00,0.4413,0.4486,0.4411,0.4485,1120987.9,1733072399999,498760.48685,2541,611526.9,271919.41972,0,0.81
2024-12-01 17:00:00,0.4483,0.4527,0.4446,0.4517,2002461.4,1733075999999,900692.08046,5469,1109331.9,498906.29551,0,0.81
2024-12-01 18:00:00,0.4514,0.4526,0.4469,0.4488,646256.2,1733079599999,290260.79659,1599,301795.8,135491.21017,0,0.81
2024-12-01 19:00:00,0.4487,0.45,0.4448,0.4472,918786.9,1733083199999,410971.10036,2225,427556.6,191267.39392,0,0.81
2024-12-01 20:00:00,0.4472,0.4515,0.4398,0.4514,1662453.1,1733086799999,740737.08531,3523,1002015.5,446957.24821,0,0.81
2024-12-01 21:00:00,0.4515,0.4538,0.4485,0.4491,1091749.0,1733090399999,492390.16743,2410,516845.2,233221.38374,0,0.81
2024-12-01 22:00:00,0.4493,0.4522,0.4478,0.4511,800880.9,1733093999999,360556.30238,1453,313191.6,141051.06605,0,0.81
2024-12-01 23:00:00,0.4512,0.4582,0.4504,0.4576,1198674.1,1733097599999,544311.72042,3138,583547.0,265130.19143,0,0.81
2024-12-02 00:00:00,0.4573,0.4599,0.4481,0.4488,2727044.9,1733101199999,1239083.16689,6455,1365279.5,620806.91223,0,0.8
2024-12-02 01:00:00,0.449,0.4579,0.4461,0.4572,1136458.2,1733104799999,512210.09698,3207,503337.7,227084.30619,0,0.8
2024-12-02 02:00:00,0.4575,0.4677,0.4485,0.4659,1577792.3,1733108399999,723081.18387,4276,842134.9,386028.34088,0,0.8
2024-12-02 03:00:00,0.4657,0.4716,0.4505,0.4537,2414532.5,1733111999999,1118227.87196,5416,1207390.7,559895.36353,0,0.8
2024-12-02 04:00:00,0.4533,0.4619,0.4432,0.447,3177185.9,1733115599999,1427738.79547,7147,1558603.7,700745.03275,0,0.8
2024-12-02 05:00:00,0.4469,0.4485,0.4392,0.4445,1242803.1,1733119199999,550328.97295,3592,485562.6,215006.35317,0,0.8
2024-12-02 06:00:00,0.4445,0.4451,0.434,0.4431,980519.3,1733122799999,430766.83477,2561,398911.4,175344.01556,0,0.8
2024-12-02 07:00:00,0.4431,0.4443,0.434,0.4373,1673274.2,1733126399999,732751.63967,3983,626856.3,274518.90051,0,0.8
2024-12-02 08:00:00,0.4372,0.4391,0.4116,0.4187,4782793.1,1733129999999,2009903.48554,9010,2194399.1,920663.0926,0,0.8
2024-12-02 09:00:00,0.4186,0.4258,0.416,0.4237,1094767.5,1733133599999,461573.96776,2861,454151.9,191509.3978,0,0.8
2024-12-02 10:00:00,0.4238,0.4243,0.4102,0.4116,1457307.8,1733137199999,604725.38078,2839,537050.8,222927.43034,0,0.8
2024-12-02 11:00:00,0.4114,0.4197,0.4106,0.4169,648104.9,1733140799999,269504.24366,1700,318371.9,132434.48798,0,0.8
2024-12-02 12:00:00,0.4166,0.4296,0.415,0.4267,1187157.6,1733144399999,504429.11451,3326,699833.5,297334.47565,0,0.8
2024-12-02 13:00:00,0.427,0.4364,0.4249,0.4326,1381605.7,1733147999999,596445.98776,3168,690090.9,297983.52071,0,0.8
2024-12-02 14:00:00,0.4325,0.4435,0.4298,0.4407,1093610.7,1733151599999,478437.21153,2892,596318.4,260729.24611,0,0.8
2024-12-02 15:00:00,0.4407,0.4439,0.4364,0.4422,1148158.5,1733155199999,505174.58395,3142,441881.0,194463.08319,0,0.8
2024-12-02 16:00:00,0.4423,0.4449,0.4295,0.4351,1246346.1,1733158799999,545045.18547,2983,522284.7,228384.71236,0,0.8
2024-12-02 17:00:00,0.4354,0.4391,0.4234,0.4248,1474534.1,1733162399999,634868.96932,3046,574736.2,247957.92054,0,0.8
2024-12-02 18:00:00,0.4249,0.4378,0.4249,0.4369,826712.5,1733165999999,357952.8432,1732,479481.4,207620.19091,0,0.8
2024-12-02 19:00:00,0.437,0.4399,0.4307,0.4391,506985.2,1733169599999,220789.89483,1328,265781.5,115814.8165,0,0.8
2024-12-02 20:00:00,0.4391,0.4512,0.4381,0.4497,833978.9,1733173199999,373604.7996,2735,450154.2,201577.64582,0,0.8
2024-12-02 21:00:00,0.4495,0.458,0.446,0.455,1469555.9,1733176799999,663639.59561,3553,813758.4,367520.93748,0,0.8
2024-12-02 22:00:00,0.4551,0.4565,0.4489,0.4503,715202.5,1733180399999,324040.03733,1616,371189.1,168211.1621,0,0.8
2024-12-02 23:00:00,0.4501,0.4534,0.4494,0.4515,414683.3,1733183999999,187064.41231,1212,164401.7,74193.88519,0,0.8
2024-12-03 00:00:00,0.4514,0.469,0.4436,0.4623,3020797.5,1733187599999,1379985.90878,9962,1646545.4,754649.3333,0,0.76
2024-12-03 01:00:00,0.4623,0.4623,0.4431,0.4449,1627111.4,1733191199999,732987.21558,4471,599331.5,269903.06314,0,0.76
2024-12-03 02:00:00,0.4454,0.4524,0.4447,0.4509,623317.4,1733194799999,280089.26553,1729,241789.6,108687.45146,0,0.76
2024-12-03 03:00:00,0.451,0.4588,0.4494,0.4526,753519.7,1733198399999,342536.22513,2041,287599.1,130888.96969,0,0.76
2024-12-03 04:00:00,0.4528,0.4556,0.4494,0.4514,853077.0,1733201999999,386100.09086,2162,345800.0,156527.64453,0,0.76
2024-12-03 05:00:00,0.4513,0.4582,0.4505,0.4574,874669.3,1733205599999,397871.45425,2212,435336.8,198197.16089,0,0.76
2024-12-03 06:00:00,0.4574,0.4614,0.4425,0.445,1320949.8,1733209199999,597835.50232,3538,540561.0,244947.10747,0,0.76
2024-12-03 07:00:00,0.4448,0.4476,0.4378,0.4431,2925884.2,1733212799999,1292346.99534,6039,1363894.0,602728.21371,0,0.76
2024-12-03 08:00:00,0.4431,0.4508,0.4427,0.4506,810504.7,1733216399999,362189.3117,2239,403457.4,180479.86541,0,0.76
2024-12-03 09:00:00,0.4506,0.4561,0.4446,0.4514,1045724.2,1733219999999,471255.59186,2150,456126.3,205543.92603,0,0.76
2024-12-03 10:00:00,0.4513,0.4577,0.4436,0.4456,1456667.6,1733223599999,658387.01013,4205,622216.3,281392.64935,0,0.76
2024-12-03 11:00:00,0.4456,0.4551,0.4436,0.4534,1599510.6,1733227199999,721089.82429,5773,698634.6,314922.35081,0,0.76
2024-12-03 12:00:00,0.4532,0.4572,0.4479,0.456,1736928.1,1733230799999,785424.2793,5816,729238.2,329739.35979,0,0.76
2024-12-03 13:00:00,0.4559,0.4582,0.4011,0.4208,9625396.9,1733234399999,4112251.25397,21750,4706092.7,2008720.83823,0,0.76
2024-12-03 14:00:00,0.4207,0.4286,0.404,0.4164,8999776.4,1733237999999,3768154.0925,26151,4409386.7,1847032.0075,0,0.76
2024-12-03 15:00:00,0.4162,0.4233,0.4147,0.42,5873376.1,1733241599999,2459659.70991,16951,3014204.7,1262303.61145,0,0.76
2024-12-03 16:00:00,0.4201,0.4317,0.4186,0.4224,2391886.6,1733245199999,1020359.94964,9680,1145025.2,488161.3844,0,0.76
2024-12-03 17:00:00,0.4223,0.4343,0.4182,0.4339,1437716.9,1733248799999,609965.72482,5712,800421.6,339436.07781,0,0.76
2024-12-03 18:00:00,0.434,0.4398,0.4319,0.4363,1402900.7,1733252399999,611115.14729,4641,734278.2,320221.64359,0,0.76
2024-12-03 19:00:00,0.4363,0.438,0.4273,0.4372,898550.2,1733255999999,388134.70044,3974,462455.9,199869.21241,0,0.76
2024-12-03 20:00:00,0.4373,0.4436,0.4365,0.4419,903353.0,1733259599999,398499.56942,4190,424503.6,187219.69183,0,0.76
2024-12-03 21:00:00,0.442,0.4499,0.4418,0.447,1434044.2,1733263199999,640639.68833,4555,656352.1,293432.23281,0,0.76
2024-12-03 22:00:00,0.4471,0.4652,0.4404,0.4635,1988841.7,1733266799999,900593.15158,5186,938499.7,425080.61543,0,0.76
2024-12-03 23:00:00,0.4634,0.4715,0.4609,0.4638,2814493.7,1733270399999,1313486.04906,6435,1271905.4,593756.51183,0,0.76
2024-12-04 00:00:00,0.4639,0.4706,0.4575,0.4595,2418237.9,1733273999999,1119358.00219,9103,1177276.7,545202.20692,0,0.78
2024-12-04 01:00:00,0.4598,0.4799,0.4538,0.4679,3954992.8,1733277599999,1853068.21229,9766,2205586.6,1034418.46021,0,0.78
2024-12-04 02:00:00,0.4683,0.4719,0.459,0.4616,2229072.7,1733281199999,1031885.4004,5190,1041793.3,482792.85803,0,0.78
2024-12-04 03:00:00,0.4613,0.4693,0.4611,0.4676,816892.4,1733284799999,380851.69865,1621,409561.2,190959.73583,0,0.78
2024-12-04 04:00:00,0.4677,0.4695,0.4643,0.4648,525895.6,1733288399999,245324.82615,1461,176383.2,82302.50819,0,0.78
2024-12-04 05:00:00,0.4649,0.4675,0.4646,0.4664,376560.4,1733291999999,175484.68692,1040,229114.9,106783.91585,0,0.78
2024-12-04 06:00:00,0.4662,0.4716,0.4619,0.4713,726112.2,1733295599999,337767.23283,1353,338243.1,157560.6653,0,0.78
2024-12-04 07:00:00,0.4714,0.4752,0.4696,0.4728,990549.0,1733299199999,467816.49126,2619,515088.7,243312.44067,0,0.78
2024-12-04 08:00:00,0.4728,0.4767,0.4722,0.4765,645054.3,1733302799999,305754.23843,1531,326241.1,154668.21183,0,0.78
2024-12-04 09:00:00,0.4762,0.4777,0.4716,0.4747,504050.6,1733306399999,239511.39332,1334,266335.4,126616.85913,0,0.78
2024-12-04 10:00:00,0.4746,0.4787,0.4744,0.477,683490.9,1733309999999,326006.71746,1616,408374.1,194836.35093,0,0.78
2024-12-04 11:00:00,0.4769,0.4798,0.4751,0.4752,700757.2,1733313599999,334315.92628,1804,313968.5,149831.42432,0,0.78
2024-12-04 12:00:00,0.475,0.4768,0.4658,0.4746,1454674.9,1733317199999,685313.36645,2949,677025.4,318800.23183,0,0.78
2024-12-04 13:00:00,0.4743,0.4778,0.4681,0.4726,1141652.8,1733320799999,540899.25711,2438,555452.1,263143.88819,0,0.78
2024-12-04 14:00:00,0.4724,0.4772,0.466,0.4717,1138158.3,1733324399999,538057.80634,2734,656476.0,310387.98316,0,0.78
2024-12-04 15:00:00,0.4715,0.4814,0.4664,0.4769,1636106.4,1733327999999,778472.97978,4230,778185.8,370399.80474,0,0.78
2024-12-04 16:00:00,0.477,0.4776,0.4509,0.4541,2088232.8,1733331599999,966344.83744,5211,973443.9,450350.72363,0,0.78
2024-12-04 17:00:00,0.454,0.4611,0.451,0.4597,1071722.3,1733335199999,488912.67644,2738,546725.7,249331.0901,0,0.78
2024-12-04 18:00:00,0.4597,0.4719,0.4592,0.4707,879227.9,1733338799999,410173.66516,2360,428025.4,199649.77917,0,0.78
2024-12-04 19:00:00,0.4704,0.4778,0.4697,0.4771,779308.9,1733342399999,369990.832,2378,394916.9,187522.35081,0,0.78
2024-12-04 20:00:00,0.4769,0.4824,0.4643,0.469,1615551.7,1733345999999,768713.1292,3959,721105.3,343423.66644,0,0.78
2024-12-04 21:00:00,0.4692,0.4773,0.4654,0.476,1347110.8,1733349599999,634927.18159,3088,682773.8,321805.08961,0,0.78
2024-12-04 22:00:00,0.476,0.4791,0.4701,0.4719,423799.9,1733353199999,201577.54472,1151,188010.3,89472.15171,0,0.78
2024-12-04 23:00:00,0.4718,0.4739,0.4571,0.4669,843607.0,1733356799999,392095.54992,2719,484934.9,225288.20145,0,0.78
2024-12-05 00:00:00,0.4672,0.4753,0.4602,0.4686,2824905.5,1733360399999,1320109.97201,8869,1505036.0,703468.08019,0,0.84
2024-12-05 01:00:00,0.4687,0.4687,0.4436,0.4526,4088599.2,1733363999999,1849026.77046,9659,1960227.7,886464.31651,0,0.84
2024-12-05 02:00:00,0.4525,0.4638,0.4519,0.4622,1798852.6,1733367599999,827731.86005,4337,801413.0,368751.90588,0,0.84
2024-12-05 03:00:00,0.4628,0.4666,0.4476,0.4488,1935922.9,1733371199999,888799.90997,4571,827852.8,380402.1538,0,0.84
2024-12-05 04:00:00,0.4488,0.4624,0.4468,0.4559,780734.4,1733374799999,355784.10241,2689,305512.8,139144.37765,0,0.84
2024-12-05 05:00:00,0.456,0.4606,0.45,0.455,521820.5,1733378399999,238029.1094,1728,281147.3,128240.934,0,0.84
2024-12-05 06:00:00,0.4552,0.4609,0.452,0.4599,482382.5,1733381999999,220590.56033,1487,209837.6,95955.26183,0,0.84
2024-12-05 07:00:00,0.4597,0.4638,0.4582,0.4624,748683.8,1733385599999,345256.42372,1907,325913.9,150214.32973,0,0.84
2024-12-05 08:00:00,0.4621,0.4621,0.455,0.4561,883662.0,1733389199999,404681.50885,2394,378955.4,173622.36773,0,0.84
2024-12-05 09:00:00,0.4563,0.4585,0.4529,0.4557,433553.3,1733392799999,197700.15114,1229,225667.3,102917.97364,0,0.84
2024-12-05 10:00:00,0.455,0.4589,0.4531,0.458,480201.3,1733396399999,218512.84621,1179,221038.2,100598.86324,0,0.84
2024-12-05 11:00:00,0.4578,0.4631,0.4571,0.4626,475243.2,1733399999999,218832.15964,1208,244394.1,112492.11681,0,0.84
2024-12-05 12:00:00,0.4625,0.4643,0.4556,0.4584,630217.0,1733403599999,290153.02147,1833,296660.3,136535.84586,0,0.84
2024-12-05 13:00:00,0.4584,0.4601,0.4547,0.4562,664077.0,1733407199999,303724.04039,1819,372997.5,170624.88763,0,0.84
2024-12-05 14:00:00,0.4564,0.4591,0.4497,0.4536,1509979.4,1733410799999,684774.53031,4710,701008.0,317777.15288,0,0.84
2024-12-05 15:00:00,0.4538,0.4581,0.448,0.4541,1827091.0,1733414399999,827652.11877,3808,851188.8,385662.22784,0,0.84
2024-12-05 16:00:00,0.4541,0.4613,0.4516,0.4594,1110668.9,1733417999999,507500.01459,2254,544688.6,248650.6948,0,0.84
2024-12-05 17:00:00,0.4587,0.4615,0.457,0.4605,596783.3,1733421599999,274233.56654,1337,341446.8,156900.91435,0,0.84
2024-12-05 18:00:00,0.4605,0.4617,0.456,0.4564,490043.4,1733425199999,225149.38236,981,231637.8,106493.76997,0,0.84
2024-12-05 19:00:00,0.4565,0.4594,0.4467,0.4487,549208.3,1733428799999,248146.36753,1333,303995.3,137181.7709,0,0.84
2024-12-05 20:00:00,0.4482,0.4529,0.442,0.4505,1135043.9,1733432399999,507475.8176,2860,565855.2,253066.59256,0,0.84
2024-12-05 21:00:00,0.4506,0.4557,0.4489,0.4556,308308.8,1733435999999,139654.49818,934,167636.4,75912.5028,0,0.84
2024-12-05 22:00:00,0.4554,0.4593,0.431,0.4471,2407398.0,1733439599999,1063099.73526,6629,1144682.6,505703.58903,0,0.84
2024-12-05 23:00:00,0.4469,0.4506,0.4379,0.4438,1129168.3,1733443199999,500121.26929,2599,528541.2,234104.40046,0,0.84
2024-12-06 00:00:00,0.4438,0.4558,0.4392,0.4558,1114756.3,1733446799999,499007.17015,2713,528134.7,236321.86971,0,0.72
2024-12-06 01:00:00,0.4557,0.463,0.4552,0.4578,957799.7,1733450399999,440399.43192,2567,432304.1,198691.64477,0,0.72
2024-12-06 02:00:00,0.4578,0.458,0.4514,0.4537,592333.5,1733453999999,269102.15291,1647,233892.3,106183.9777,0,0.72
2024-12-06 03:00:00,0.454,0.454,0.4465,0.4517,500730.3,1733457599999,225645.86572,1121,210855.6,95073.82233,0,0.72
2024-12-06 04:00:00,0.4519,0.4614,0.4518,0.4602,663771.5,1733461199999,304058.99193,1323,292758.9,134187.48835,0,0.72
2024-12-06 05:00:00,0.46,0.4634,0.4574,0.458,489821.4,1733464799999,225346.21677,1125,181797.1,83595.88543,0,0.72
2024-12-06 06:00:00,0.4574,0.4583,0.4536,0.4562,253549.9,1733468399999,115734.80688,803,96241.3,43931.35733,0,0.72
2024-12-06 07:00:00,0.4564,0.4568,0.4532,0.4542,325651.3,1733471999999,148111.6325,675,200145.3,91001.86471,0,0.72
2024-12-06 08:00:00,0.4541,0.4587,0.4532,0.4536,500111.0,1733475599999,228381.32709,1495,221384.4,101201.95351,0,0.72
2024-12-06 09:00:00,0.4536,0.4541,0.4445,0.4463,1419170.7,1733479199999,635997.18015,3697,576787.4,258448.14526,0,0.72
2024-12-06 10:00:00,0.4463,0.4478,0.4387,0.446,682676.5,1733482799999,302007.446,1799,320502.3,141819.43353,0,0.72
2024-12-06 11:00:00,0.4459,0.4479,0.4387,0.4401,398811.2,1733486399999,176539.70059,1550,186335.3,82485.75786,0,0.72
2024-12-06 12:00:00,0.44,0.4454,0.4291,0.4303,786655.9,1733489999999,344021.07506,3119,375009.6,164154.43842,0,0.72
2024-12-06 13:00:00,0.4301,0.4404,0.4275,0.4356,2472037.0,1733493599999,1072175.94628,5613,1185216.5,513945.5266,0,0.72
2024-12-06 14:00:00,0.4358,0.443,0.4323,0.4423,698258.5,1733497199999,305503.53109,1879,385670.2,168813.76391,0,0.72
2024-12-06 15:00:00,0.4422,0.4469,0.4396,0.4425,910751.0,1733500799999,403645.99905,1980,496249.8,219837.67283,0,0.72
2024-12-06 16:00:00,0.4421,0.4474,0.4416,0.4463,367694.0,1733504399999,163419.29005,876,207288.0,92104.05971,0,0.72
2024-12-06 17:00:00,0.4464,0.4526,0.4448,0.4501,573931.3,1733507999999,257840.59029,1594,229900.3,103264.17495,0,0.72
2024-12-06 18:00:00,0.4501,0.4527,0.4489,0.4509,318444.7,1733511599999,143737.85198,936,128048.4,57819.24557,0,0.72
2024-12-06 19:00:00,0.4507,0.4533,0.4499,0.4531,222732.7,1733515199999,100612.79529,779,116028.3,52396.25055,0,0.72
2024-12-06 20:00:00,0.4529,0.4556,0.4515,0.453,335050.1,1733518799999,151924.48407,1090,143207.3,64916.87334,0,0.72
2024-12-06 21:00:00,0.4529,0.4579,0.4513,0.4542,752270.6,1733522399999,342273.90735,1984,463502.7,210852.28202,0,0.72
2024-12-06 22:00:00,0.4541,0.4577,0.454,0.4569,417053.2,1733525999999,189884.14551,1169,197992.9,90172.563,0,0.72
2024-12-06 23:00:00,0.4568,0.4595,0.4523,0.4568,596512.4,1733529599999,272090.29474,2191,317157.4,144698.33209,0,0.72
2024-12-07 00:00:00,0.4569,0.4585,0.4468,0.45,609090.7,1733533199999,276184.21257,2133,282937.0,128314.82245,0,0.75
2024-12-07 01:00:00,0.4504,0.455,0.4499,0.4512,373856.0,1733536799999,169036.13854,1108,173454.8,78412.02117,0,0.75
2024-12-07 02:00:00,0.4513,0.4539,0.4492,0.4525,197389.0,1733540399999,89254.27481,690,74425.6,33656.08791,0,0.75
2024-12-07 03:00:00,0.4523,0.4525,0.4466,0.4499,275468.2,1733543999999,123873.03062,744,107756.7,48454.28545,0,0.75
2024-12-07 04:00:00,0.4494,0.452,0.4475,0.4492,486569.8,1733547599999,218713.77775,1443,178516.0,80262.92662,0,0.75
2024-12-07 05:00:00,0.4495,0.4509,0.4454,0.447,277197.5,1733551199999,124259.81743,691,90837.6,40733.15562,0,0.75
2024-12-07 06:00:00,0.447,0.4548,0.4468,0.4534,515219.6,1733554799999,232844.08208,1225,237448.3,107336.20645,0,0.75
2024-12-07 07:00:00,0.4533,0.4537,0.4411,0.4441,951665.7,1733558399999,424817.97282,2069,310121.4,138276.2398,0,0.75
2024-12-07 08:00:00,0.4441,0.45,0.4421,0.4469,707723.3,1733561999999,315259.68232,1310,352945.9,157317.27936,0,0.75
2024-12-07 09:00:00,0.4469,0.4495,0.4467,0.4481,205525.3,1733565599999,92121.45125,610,112200.1,50291.04316,0,0.75
2024-12-07 10:00:00,0.4479,0.4485,0.4411,0.4445,368539.6,1733569199999,163857.92639,943,123381.2,54904.9202,0,0.75
2024-12-07 11:00:00,0.4446,0.4482,0.4443,0.4457,460916.1,1733572799999,205815.51661,1041,177286.1,79169.22393,0,0.75
2024-12-07 12:00:00,0.4455,0.4514,0.4443,0.4499,301702.8,1733576399999,135278.74289,917,126273.5,56630.56795,0,0.75
2024-12-07 13:00:00,0.4495,0.45,0.4469,0.4491,201253.9,1733579999999,90190.11642,531,85074.8,38123.8635,0,0.75
2024-12-07 14:00:00,0.449,0.4512,0.4443,0.4504,383067.1,1733583599999,171543.21609,1145,231271.9,103524.13698,0,0.75
2024-12-07 15:00:00,0.4506,0.4517,0.4462,0.4487,339841.9,1733587199999,152424.67815,888,130487.5,58621.97076,0,0.75
2024-12-07 16:00:00,0.4488,0.4496,0.4445,0.446,295390.6,1733590799999,132117.42036,751,113033.0,50569.70184,0,0.75
2024-12-07 17:00:00,0.4461,0.4462,0.4396,0.4415,383969.8,1733594399999,170021.55696,1551,185987.2,82332.86411,0,0.75
2024-12-07 18:00:00,0.4414,0.4475,0.4413,0.4473,252541.9,1733597999999,112316.41789,961,148179.2,65924.86187,0,0.75
2024-12-07 19:00:00,0.4475,0.4495,0.4434,0.4435,323121.5,1733601599999,144148.22315,1074,197500.1,88107.2797,0,0.75
2024-12-07 20:00:00,0.4435,0.446,0.4432,0.4445,199583.5,1733605199999,88742.25458,642,58454.5,25986.21867,0,0.75
2024-12-07 21:00:00,0.4448,0.4459,0.4428,0.4444,210648.9,1733608799999,93584.96636,740,102092.2,45381.31907,0,0.75
2024-12-07 22:00:00,0.4443,0.4454,0.4431,0.4438,217578.8,1733612399999,96670.28645,662,134839.6,59914.29668,0,0.75
2024-12-07 23:00:00,0.4436,0.448,0.4434,0.4443,321942.5,1733615999999,143514.94061,1050,201557.0,89911.36507,0,0.75
2024-12-08 00:00:00,0.4444,0.4454,0.4414,0.4446,255257.6,1733619599999,113250.49113,782,131792.1,58503.81578,0,0.79
2024-12-08 01:00:00,0.4446,0.4469,0.4433,0.4438,387133.4,1733623199999,172353.08537,1118,227271.9,101193.03679,0,0.79
2024-12-08 02:00:00,0.4437,0.4494,0.4422,0.4471,419836.7,1733626799999,187356.2898,1176,272474.6,121560.52593,0,0.79
2024-12-08 03:00:00,0.4477,0.4477,0.444,0.444,135178.0,1733630399999,60298.40018,386,70677.2,31528.19401,0,0.79
2024-12-08 04:00:00,0.4438,0.4457,0.4406,0.4406,194851.2,1733633999999,86290.14536,593,115169.5,51016.48182,0,0.79
2024-12-08 05:00:00,0.4402,0.4412,0.4356,0.4371,366186.4,1733637599999,160278.03131,1009,187014.8,81864.2817,0,0.79
2024-12-08 06:00:00,0.4371,0.4392,0.434,0.4392,250209.8,1733641199999,109197.93793,714,115774.3,50550.97444,0,0.79
2024-12-08 07:00:00,0.439,0.4415,0.4384,0.4407,134884.8,1733644799999,59315.22989,387,53361.1,23461.77693,0,0.79
2024-12-08 08:00:00,0.4405,0.4406,0.4318,0.4318,231660.8,1733648399999,100826.05903,706,100237.4,43627.6466,0,0.79
2024-12-08 09:00:00,0.4318,0.4375,0.4292,0.4312,500815.2,1733651999999,217334.45478,1346,299135.0,130003.73929,0,0.79
2024-12-08 10:00:00,0.4313,0.437,0.4313,0.435,204287.3,1733655599999,88887.99113,800,113700.9,49519.36898,0,0.79
2024-12-08 11:00:00,0.4347,0.4392,0.4335,0.4388,233393.6,1733659199999,101820.07557,688,90155.7,39457.01856,0,0.79
2024-12-08 12:00:00,0.4389,0.4399,0.4341,0.4386,273083.1,1733662799999,119314.95321,1099,156725.9,68451.81869,0,0.79
2024-12-08 13:00:00,0.4383,0.4404,0.4367,0.4402,333409.0,1733666399999,146340.07766,1029,182239.4,80007.3157,0,0.79
2024-12-08 14:00:00,0.4403,0.4404,0.4365,0.4365,289204.3,1733669999999,126993.45358,719,146536.9,64365.16256,0,0.79
2024-12-08 15:00:00,0.4367,0.4411,0.4334,0.4407,250784.6,1733673599999,109797.9579,866,121691.3,53296.30231,0,0.79
2024-12-08 16:00:00,0.4409,0.4424,0.4363,0.4376,204893.2,1733677199999,90023.54148,666,108026.6,47479.70081,0,0.79
2024-12-08 17:00:00,0.4376,0.441,0.436,0.4407,181697.2,1733680799999,79744.3136,572,105165.5,46183.83856,0,0.79
2024-12-08 18:00:00,0.4409,0.4418,0.4364,0.4369,253721.7,1733684399999,111225.64848,788,109709.5,48116.12019,0,0.79
2024-12-08 19:00:00,0.4372,0.4406,0.435,0.4404,151168.2,1733687999999,66191.74133,480,81055.0,35518.52705,0,0.79
2024-12-08 20:00:00,0.4404,0.4409,0.4378,0.4381,183083.7,1733691599999,80527.98706,798,84179.8,37019.0006,0,0.79
2024-12-08 21:00:00,0.4381,0.44,0.4362,0.4383,207288.0,1733695199999,90834.14901,632,119595.8,52441.08902,0,0.79
2024-12-08 22:00:00,0.4386,0.4427,0.4376,0.4423,127832.9,1733698799999,56210.76968,464,59160.0,26025.5369,0,0.79
2024-12-08 23:00:00,0.4426,0.4447,0.4409,0.4435,184913.8,1733702399999,81870.35723,657,90616.0,40118.75145,0,0.79
2024-12-09 00:00:00,0.4436,0.445,0.4358,0.4378,528219.7,1733705999999,232820.48666,1657,219922.7,96912.64334,0,0.78
2024-12-09 01:00:00,0.4378,0.4423,0.4343,0.4358,373252.3,1733709599999,163319.44066,1092,159542.4,69976.22819,0,0.78
2024-12-09 02:00:00,0.4354,0.4383,0.43,0.4314,344868.9,1733713199999,149562.85709,1451,189974.1,82393.55755,0,0.78
2024-12-09 03:00:00,0.4315,0.4338,0.4232,0.4281,1761591.7,1733716799999,752603.83916,4321,1030712.9,440283.02686,0,0.78
2024-12-09 04:00:00,0.4277,0.4312,0.4241,0.431,411240.5,1733720399999,176047.61079,1798,176050.7,75350.20004,0,0.78
2024-12-09 05:00:00,0.431,0.4326,0.4296,0.4315,224225.7,1733723999999,96599.35627,514,78149.0,33670.65601,0,0.78
2024-12-09 06:00:00,0.4315,0.4315,0.4226,0.4235,480715.5,1733727599999,204605.55801,1146,253455.8,107972.55788,0,0.78
2024-12-09 07:00:00,0.4231,0.4239,0.4166,0.422,532400.8,1733731199999,223558.8258,1551,264264.0,110987.04291,0,0.78
2024-12-09 08:00:00,0.422,0.422,0.4052,0.4065,941255.7,1733734799999,388187.06497,2832,356699.9,147058.61509,0,0.78
2024-12-09 09:00:00,0.4062,0.412,0.4007,0.4059,1055163.0,1733738399999,427904.75999,3534,434159.4,176200.767,0,0.78
2024-12-09 10:00:00,0.4057,0.4119,0.4052,0.4112,568991.3,1733741999999,232878.22404,1385,343513.6,140610.70853,0,0.78
2024-12-09 11:00:00,0.4111,0.4111,0.4,0.4014,808592.3,1733745599999,327191.40359,2464,370526.9,149998.08814,0,0.78
2024-12-09 12:00:00,0.4012,0.4056,0.3969,0.4045,882976.5,1733749199999,354329.49843,2289,424787.7,170479.59909,0,0.78
2024-12-09 13:00:00,0.4042,0.4134,0.4016,0.4121,557529.2,1733752799999,227402.26993,1312,214249.3,87546.86103,0,0.78
2024-12-09 14:00:00,0.4121,0.4198,0.4077,0.4183,592192.4,1733756399999,244122.80178,1531,299571.8,123600.51212,0,0.78
2024-12-09 15:00:00,0.4184,0.4196,0.4048,0.4068,668693.5,1733759999999,274113.76889,1778,291669.5,119427.0404,0,0.78
2024-12-09 16:00:00,0.4069,0.4106,0.4049,0.4069,605480.7,1733763599999,247307.06096,1101,227026.6,92681.44803,0,0.78
2024-12-09 17:00:00,0.4069,0.4105,0.4019,0.4026,247994.5,1733767199999,100523.87063,762,103519.5,42005.6119,0,0.78
2024-12-09 18:00:00,0.4023,0.4063,0.4022,0.4033,305625.5,1733770799999,123556.92191,830,132901.5,53726.32081,0,0.78
2024-12-09 19:00:00,0.403,0.4046,0.4002,0.4006,360273.8,1733774399999,144934.18334,833,175360.5,70573.15678,0,0.78
2024-12-09 20:00:00,0.4006,0.402,0.3701,0.3742,6566445.1,1733777999999,2507300.48568,15174,3129027.4,1194692.92349,0,0.78
2024-12-09 21:00:00,0.3739,0.3745,0.3216,0.3591,9451978.9,1733781599999,3335830.55833,21580,4550993.4,1609970.60469,0,0.78
2024-12-09 22:00:00,0.3588,0.3616,0.33,0.3608,9909813.9,1733785199999,3455430.97152,18234,5083573.1,1773884.71476,0,0.78
2024-12-09 23:00:00,0.3609,0.3674,0.3578,0.3624,1207530.4,1733788799999,439186.57275,2939,622191.6,226380.62968,0,0.78
2024-12-10 00:00:00,0.3622,0.3686,0.3526,0.3638,1701300.6,1733792399999,614815.41217,3520,679383.0,245279.93071,0,0.78
2024-12-10 01:00:00,0.3638,0.3658,0.3566,0.3651,767593.6,1733795999999,276819.36322,1683,371913.6,134107.86539,0,0.78
2024-12-10 02:00:00,0.3654,0.3654,0.3523,0.3528,1082533.1,1733799599999,386881.5785,2430,567433.6,202749.70224,0,0.78
2024-12-10 03:00:00,0.3521,0.3559,0.3397,0.3549,3944506.1,1733803199999,1374569.06539,7117,2165916.2,755278.10666,0,0.78
2024-12-10 04:00:00,0.3544,0.3572,0.3452,0.3568,1405864.2,1733806799999,494787.36456,2354,690053.3,242724.91456,0,0.78
2024-12-10 05:00:00,0.357,0.3593,0.3535,0.358,1245692.0,1733810399999,444144.40607,2055,586702.6,209256.34327,0,0.78
2024-12-10 06:00:00,0.3578,0.3625,0.3554,0.3612,642862.0,1733813999999,231040.6481,1335,227677.7,81816.15164,0,0.78
2024-12-10 07:00:00,0.3616,0.3617,0.3574,0.3604,453706.2,1733817599999,163222.30309,883,206666.5,74364.60539,0,0.78
2024-12-10 08:00:00,0.3604,0.3609,0.3549,0.3602,781099.8,1733821199999,279558.33692,1291,280090.9,100299.25016,0,0.78
2024-12-10 09:00:00,0.36,0.3635,0.3574,0.3593,742117.3,1733824799999,267628.46064,1309,311728.8,112367.13077,0,0.78
2024-12-10 10:00:00,0.3597,0.3661,0.3597,0.3637,654889.8,1733828399999,238341.25137,1264,320426.9,116570.4507,0,0.78
2024-12-10 11:00:00,0.364,0.3641,0.3573,0.3594,220939.8,1733831999999,79694.68294,566,100132.0,36133.32324,0,0.78
2024-12-10 12:00:00,0.3594,0.3602,0.3417,0.344,1193838.9,1733835599999,415521.46838,2176,610775.4,212724.49257,0,0.78
2024-12-10 13:00:00,0.3436,0.3513,0.3435,0.3469,862657.0,1733839199999,299541.56827,1537,444091.1,154328.28933,0,0.78
2024-12-10 14:00:00,0.3472,0.355,0.346,0.3473,943747.6,1733842799999,331172.55792,1730,501212.0,176095.13082,0,0.78
2024-12-10 15:00:00,0.3481,0.3492,0.3282,0.3285,2271328.8,1733846399999,765404.97022,4235,1101739.8,371506.12236,0,0.78
2024-12-10 16:00:00,0.3288,0.3372,0.3229,0.3357,3068498.8,1733849999999,1010686.59995,5342,1630532.2,537335.73764,0,0.78
2024-12-10 17:00:00,0.3356,0.3356,0.3197,0.3202,1594829.5,1733853599999,521719.46679,2706,624127.9,204444.50372,0,0.78
2024-12-10 18:00:00,0.3202,0.3325,0.3182,0.3301,922427.9,1733857199999,300219.58205,1740,527823.8,171895.72476,0,0.78
2024-12-10 19:00:00,0.3297,0.3419,0.3297,0.3412,445833.4,1733860799999,150066.20638,1090,224475.5,75703.41929,0,0.78
2024-12-10 20:00:00,0.3411,0.3453,0.3387,0.3447,692666.8,1733864399999,237157.99908,1564,369100.9,126408.90875,0,0.78
2024-12-10 21:00:00,0.3448,0.3535,0.3442,0.3506,601370.1,1733867999999,210185.47721,1626,278497.5,97376.7803,0,0.78
2024-12-10 22:00:00,0.3509,0.354,0.3493,0.3527,261693.3,1733871599999,92030.83227,533,134291.6,47215.48994,0,0.78
2024-12-10 23:00:00,0.3527,0.3553,0.3503,0.3514,307005.3,1733875199999,108334.60691,538,147856.6,52153.55074,0,0.78
2024-12-11 00:00:00,0.3514,0.3531,0.342,0.3468,944131.4,1733878799999,328045.95879,1716,388204.2,134978.96873,0,0.74
2024-12-11 01:00:00,0.3468,0.3472,0.3373,0.3376,1110589.8,1733882399999,380488.11614,2167,491480.4,168368.27746,0,0.74
2024-12-11 02:00:00,0.3374,0.3515,0.3363,0.3497,771432.7,1733885999999,264387.89636,1792,345974.6,118649.77796,0,0.74
2024-12-11 03:00:00,0.3497,0.3536,0.3492,0.3506,421434.1,1733889599999,148235.77312,741,251950.4,88644.28721,0,0.74
2024-12-11 04:00:00,0.3509,0.353,0.3478,0.3502,239567.5,1733893199999,83882.6319,649,79841.2,27932.87286,0,0.74
2024-12-11 05:00:00,0.3501,0.3512,0.3462,0.3483,265104.5,1733896799999,92407.1768,573,136410.1,47521.87889,0,0.74
2024-12-11 06:00:00,0.3478,0.3507,0.3465,0.3492,216059.3,1733900399999,75488.91249,461,54585.1,19057.87168,0,0.74
2024-12-11 07:00:00,0.3494,0.3511,0.3453,0.3454,420169.9,1733903999999,146388.73258,1194,121470.1,42333.68664,0,0.74
2024-12-11 08:00:00,0.3457,0.3554,0.3457,0.3539,585030.5,1733907599999,205284.28223,1477,285981.9,100151.34534,0,0.74
2024-12-11 09:00:00,0.3542,0.3549,0.3512,0.3547,262843.7,1733911199999,92824.61402,654,99484.7,35131.69802,0,0.74
2024-12-11 10:00:00,0.3544,0.3553,0.3524,0.3543,342896.3,1733914799999,121245.43457,1031,185483.0,65636.90638,0,0.74
2024-12-11 11:00:00,0.3543,0.3632,0.3539,0.3584,610486.1,1733918399999,218807.57343,2134,365246.3,130904.6044,0,0.74
2024-12-11 12:00:00,0.3584,0.365,0.3584,0.3633,430730.2,1733921999999,156137.93348,1531,191566.0,69509.94541,0,0.74
2024-12-11 13:00:00,0.3632,0.371,0.3622,0.3693,1460037.4,1733925599999,536915.45258,3829,733556.6,269767.28467,0,0.74
2024-12-11 14:00:00,0.3689,0.3723,0.3648,0.3703,329120.4,1733929199999,121244.40306,844,169540.3,62517.60909,0,0.74
2024-12-11 15:00:00,0.3702,0.3785,0.3702,0.376,804015.0,1733932799999,301375.78956,1783,507453.2,190306.44577,0,0.74
2024-12-11 16:00:00,0.3759,0.3803,0.3753,0.3771,492099.8,1733936399999,186119.09171,1835,273968.4,103657.55389,0,0.74
2024-12-11 17:00:00,0.3772,0.3791,0.3748,0.3752,363848.6,1733939999999,137167.86013,1161,168657.5,63594.10835,0,0.74
2024-12-11 18:00:00,0.3758,0.3806,0.375,0.3792,382099.4,1733943599999,144573.41986,1142,201918.4,76408.00029,0,0.74
2024-12-11 19:00:00,0.3791,0.3812,0.3788,0.3807,235144.8,1733947199999,89372.64478,798,115840.4,44033.41777,0,0.74
2024-12-11 20:00:00,0.3811,0.383,0.3803,0.3812,319429.3,1733950799999,121882.74076,1169,215920.7,82409.74583,0,0.74
2024-12-11 21:00:00,0.3809,0.3818,0.3785,0.3817,142770.1,1733954399999,54231.88089,416,63548.3,24163.96313,0,0.74
2024-12-11 22:00:00,0.3818,0.386,0.3816,0.3847,490535.3,1733957999999,188225.50854,1253,335586.8,128734.32294,0,0.74
2024-12-11 23:00:00,0.3847,0.3863,0.3835,0.3846,191339.7,1733961599999,73681.63401,861,123613.8,47617.62274,0,0.74
2024-12-12 00:00:00,0.3846,0.3858,0.3784,0.3795,621722.4,1733965199999,237095.7046,1264,252605.7,96476.3501,0,0.83
2024-12-12 01:00:00,0.3798,0.3847,0.3789,0.3813,307007.0,1733968799999,117162.52093,1009,167112.8,63808.88591,0,0.83
2024-12-12 02:00:00,0.3814,0.3901,0.3802,0.389,440756.5,1733972399999,169662.13222,1396,177015.0,68302.8239,0,0.83
2024-12-12 03:00:00,0.389,0.3956,0.3859,0.3921,786028.7,1733975999999,307915.13284,2171,392074.9,153526.27553,0,0.83
2024-12-12 04:00:00,0.3921,0.3954,0.3907,0.3923,318187.8,1733979599999,125069.14628,767,158587.7,62311.00728,0,0.83
2024-12-12 05:00:00,0.3922,0.3991,0.3917,0.3964,596075.5,1733983199999,236552.97646,1234,341572.1,135560.72464,0,0.83
2024-12-12 06:00:00,0.3966,0.399,0.3938,0.3959,457235.2,1733986799999,181062.98986,1036,205301.4,81293.13306,0,0.83
2024-12-12 07:00:00,0.3958,0.3974,0.3935,0.3937,491020.2,1733990399999,194223.7027,1434,213992.7,84626.84545,0,0.83
2024-12-12 08:00:00,0.3937,0.3993,0.3937,0.3982,346346.4,1733993999999,137648.14711,966,125440.1,49875.9211,0,0.83
2024-12-12 09:00:00,0.3984,0.3992,0.3931,0.3931,334191.1,1733997599999,132431.65822,1242,165607.7,65578.18685,0,0.83
2024-12-12 10:00:00,0.3932,0.3935,0.387,0.3884,663017.7,1734001199999,258634.66127,1817,265084.4,103355.67118,0,0.83
2024-12-12 11:00:00,0.3882,0.3921,0.3861,0.392,1701353.9,1734004799999,661753.92918,4970,956645.4,372246.79598,0,0.83
2024-12-12 12:00:00,0.3921,0.3987,0.3921,0.3967,723827.7,1734008399999,286534.18427,2332,397416.2,157286.03848,0,0.83
2024-12-12 13:00:00,0.3968,0.3994,0.3879,0.3925,2419941.2,1734011999999,952180.88325,5625,1235249.3,486123.95361,0,0.83
2024-12-12 14:00:00,0.3922,0.3982,0.3903,0.3962,809416.1,1734015599999,319616.28342,2144,435915.2,172175.36216,0,0.83
2024-12-12 15:00:00,0.3964,0.3986,0.3913,0.3948,412989.7,1734019199999,162930.80982,1106,219283.2,86482.7317,0,0.83
2024-12-12 16:00:00,0.3951,0.3999,0.3951,0.3978,647673.5,1734022799999,257736.86627,1645,384497.6,153012.99285,0,0.83
2024-12-12 17:00:00,0.3977,0.4019,0.3971,0.3992,513395.2,1734026399999,204958.52969,1456,275603.5,110110.03242,0,0.83
2024-12-12 18:00:00,0.3992,0.4,0.3944,0.3967,457543.3,1734029999999,181515.30012,943,309966.5,122947.30345,0,0.83
2024-12-12 19:00:00,0.3968,0.3992,0.3849,0.3859,1382203.9,1734033599999,539995.76132,3748,602982.1,236329.42031,0,0.83
2024-12-12 20:00:00,0.3859,0.3937,0.3856,0.3918,473081.9,1734037199999,184438.04063,1020,260488.1,101708.65726,0,0.83
2024-12-12 21:00:00,0.392,0.3934,0.388,0.3881,216359.8,1734040799999,84401.84112,622,87568.9,34176.00519,0,0.83
2024-12-12 22:00:00,0.3881,0.3895,0.3834,0.3876,520253.6,1734044399999,200946.68851,1176,245977.7,94993.00478,0,0.83
2024-12-12 23:00:00,0.3875,0.3886,0.3847,0.3879,362988.5,1734047999999,140257.8375,739,211473.0,81695.74547,0,0.83
2024-12-13 00:00:00,0.3882,0.3905,0.3856,0.3856,360081.8,1734051599999,139836.21627,914,121587.2,47200.86903,0,0.76
2024-12-13 01:00:00,0.3853,0.3853,0.3768,0.3827,709630.5,1734055199999,270132.84871,1833,275520.9,104968.46729,0,0.76
2024-12-13 02:00:00,0.3828,0.3898,0.3815,0.3859,283333.3,1734058799999,109200.53659,910,140376.2,54114.64726,0,0.76
2024-12-13 03:00:00,0.3864,0.3879,0.3849,0.3858,129755.1,1734062399999,50146.92639,418,59882.0,23147.1615,0,0.76
2024-12-13 04:00:00,0.3858,0.3868,0.3814,0.3837,417542.4,1734065999999,160495.08778,1197,155882.2,59941.14807,0,0.76
2024-12-13 05:00:00,0.3838,0.3863,0.381,0.3814,170405.7,1734069599999,65322.44039,731,81109.2,31128.03702,0,0.76
2024-12-13 06:00:00,0.3813,0.3842,0.3767,0.3767,203035.6,1734073199999,77264.93922,836,103041.2,39241.80853,0,0.76
2024-12-13 07:00:00,0.3767,0.3796,0.3737,0.3778,508814.2,1734076799999,191336.15264,1615,208714.0,78504.1741,0,0.76
2024-12-13 08:00:00,0.3776,0.3813,0.3756,0.3813,264698.8,1734080399999,100318.16882,788,152789.2,57897.21365,0,0.76
2024-12-13 09:00:00,0.3813,0.3828,0.3768,0.3781,397703.4,1734083999999,150562.25824,1214,202781.9,76745.75801,0,0.76
2024-12-13 10:00:00,0.3781,0.3799,0.3741,0.3794,243295.6,1734087599999,91878.93135,1016,76724.7,29019.48796,0,0.76
2024-12-13 11:00:00,0.3794,0.3836,0.3787,0.3787,225810.9,1734091199999,85915.31272,657,129247.6,49199.82257,0,0.76
2024-12-13 12:00:00,0.3785,0.3828,0.3785,0.3807,183533.0,1734094799999,69862.78851,717,94619.6,36011.08732,0,0.76
2024-12-13 13:00:00,0.381,0.3812,0.375,0.378,265156.1,1734098399999,100164.33309,957,101927.0,38510.62038,0,0.76
2024-12-13 14:00:00,0.3776,0.3811,0.3736,0.3807,436704.1,1734101999999,164839.68281,1139,204030.5,77048.76224,0,0.76
2024-12-13 15:00:00,0.381,0.3837,0.3724,0.3726,808978.1,1734105599999,306820.16594,1975,376734.8,142834.858,0,0.76
2024-12-13 16:00:00,0.3725,0.3813,0.3722,0.3789,508709.8,1734109199999,191664.32335,1404,261185.7,98426.73249,0,0.76
2024-12-13 17:00:00,0.3788,0.3807,0.3752,0.3794,435134.0,1734112799999,164351.43695,967,201047.6,75944.82049,0,0.76
2024-12-13 18:00:00,0.3791,0.3818,0.3768,0.3779,373613.3,1734116399999,141440.05494,840,195100.5,73874.87965,0,0.76
2024-12-13 19:00:00,0.378,0.3798,0.3774,0.3788,206141.7,1734119999999,78051.99437,679,126197.4,47795.53172,0,0.76
2024-12-13 20:00:00,0.3788,0.3834,0.3787,0.3819,430053.7,1734123599999,164225.39992,1122,306227.8,117004.15178,0,0.76
2024-12-13 21:00:00,0.3819,0.3821,0.3786,0.3786,340955.9,1734127199999,129914.8341,967,234451.2,89352.00424,0,0.76
2024-12-13 22:00:00,0.3786,0.3786,0.375,0.3759,324629.5,1734130799999,122307.19754,1074,156728.1,59048.11929,0,0.76
2024-12-13 23:00:00,0.3758,0.3822,0.3754,0.3822,146983.2,1734134399999,55719.24026,654,93462.2,35463.199,0,0.76
2024-12-14 00:00:00,0.3823,0.3838,0.3785,0.3802,257467.2,1734137999999,98214.86331,649,132438.2,50617.74206,0,0.83
2024-12-14 01:00:00,0.38,0.3878,0.38,0.3839,382792.1,1734141599999,147091.13819,1314,190840.6,73286.96869,0,0.83
2024-12-14 02:00:00,0.3841,0.3844,0.3804,0.381,147260.1,1734145199999,56215.20549,489,59556.6,22754.79878,0,0.83
2024-12-14 03:00:00,0.3809,0.3817,0.3784,0.3794,118922.0,1734148799999,45171.26078,563,76189.5,28934.68471,0,0.83
2024-12-14 04:00:00,0.3794,0.3801,0.378,0.3798,187617.9,1734152399999,71081.03564,862,135365.5,51290.8641,0,0.83
2024-12-14 05:00:00,0.3794,0.3825,0.3783,0.3813,187178.7,1734155999999,71016.16245,955,128990.5,48930.51125,0,0.83
2024-12-14 06:00:00,0.3814,0.3852,0.3812,0.3833,116538.5,1734159599999,44682.82607,448,60732.0,23287.49773,0,0.83
2024-12-14 07:00:00,0.3831,0.3832,0.3806,0.3814,706878.8,1734163199999,270045.12941,1107,148255.8,56589.70605,0,0.83
2024-12-14 08:00:00,0.3815,0.3848,0.3814,0.3843,336769.8,1734166799999,129002.14617,1029,210093.6,80464.86273,0,0.83
2024-12-14 09:00:00,0.3842,0.3846,0.3804,0.3808,210243.7,1734170399999,80413.43219,619,109260.8,41780.62163,0,0.83
2024-12-14 10:00:00,0.3804,0.3807,0.3748,0.3782,258603.1,1734173999999,97532.78674,693,112397.0,42442.58815,0,0.83
2024-12-14 11:00:00,0.3778,0.3792,0.3756,0.3763,158636.9,1734177599999,59994.54324,368,32325.0,12222.30295,0,0.83
2024-12-14 12:00:00,0.376,0.3768,0.3688,0.369,338451.8,1734181199999,125816.8383,905,137897.2,51308.56204,0,0.83
2024-12-14 13:00:00,0.3692,0.3704,0.3617,0.3643,762050.5,1734184799999,278658.35368,1396,296165.6,108256.64857,0,0.83
2024-12-14 14:00:00,0.3644,0.3697,0.3638,0.368,230677.8,1734188399999,84736.46117,734,90355.2,33190.92112,0,0.83
2024-12-14 15:00:00,0.3679,0.3684,0.3651,0.366,369890.9,1734191999999,135767.49632,960,220551.7,80982.61686,0,0.83
2024-12-14 16:00:00,0.3658,0.3663,0.3616,0.3652,394288.6,1734195599999,143469.54243,1330,241623.8,87905.31967,0,0.83
2024-12-14 17:00:00,0.3654,0.3657,0.3578,0.3592,1311823.5,1734199199999,473049.65222,2449,567423.5,204711.30157,0,0.83
2024-12-14 18:00:00,0.359,0.3608,0.3558,0.3563,445242.5,1734202799999,159603.76434,1376,195820.6,70246.2813,0,0.83
2024-12-14 19:00:00,0.3563,0.3591,0.356,0.3589,408002.7,1734206399999,145966.23241,890,206871.5,74021.02628,0,0.83
2024-12-14 20:00:00,0.359,0.361,0.3538,0.3542,223469.3,1734209999999,79706.78352,621,101144.5,36147.97011,0,0.83
2024-12-14 21:00:00,0.3541,0.3584,0.3541,0.3575,201373.2,1734213599999,71748.39632,412,96379.6,34293.11643,0,0.83
2024-12-14 22:00:00,0.3576,0.3612,0.3572,0.3599,277258.8,1734217199999,99630.67523,463,117091.5,42038.5545,0,0.83
2024-12-14 23:00:00,0.3603,0.3619,0.359,0.3601,250959.7,1734220799999,90530.90188,508,126675.0,45689.42267,0,0.83
2024-12-15 00:00:00,0.3601,0.3607,0.3552,0.3568,463374.2,1734224399999,165963.58517,635,242596.0,86889.6414,0,0.8
2024-12-15 01:00:00,0.3568,0.3645,0.3567,0.364,395844.4,1734227999999,143003.05032,717,213552.2,77162.50154,0,0.8
2024-12-15 02:00:00,0.3639,0.3641,0.3613,0.3613,90269.9,1734231599999,32749.3615,350,27324.2,9915.59677,0,0.8
2024-12-15 03:00:00,0.3615,0.3619,0.358,0.3582,178053.4,1734235199999,64141.43802,729,98462.0,35478.64914,0,0.8
2024-12-15 04:00:00,0.3574,0.3645,0.357,0.3612,422808.9,1734238799999,153030.05296,1153,248796.0,90072.36047,0,0.8
2024-12-15 05:00:00,0.3613,0.3644,0.3611,0.3621,193698.8,1734242399999,70263.88004,820,97870.4,35517.42879,0,0.8
2024-12-15 06:00:00,0.3623,0.3624,0.3565,0.3568,263892.8,1734245999999,94940.88143,998,93679.2,33663.03442,0,0.8
2024-12-15 07:00:00,0.3568,0.3581,0.3526,0.3552,408359.3,1734249599999,144911.7252,1517,206918.1,73524.72502,0,0.8
2024-12-15 08:00:00,0.3551,0.3637,0.355,0.3636,505227.5,1734253199999,181336.73704,1368,272751.2,97841.84774,0,0.8
2024-12-15 09:00:00,0.3635,0.3643,0.3607,0.3642,284456.3,1734256799999,103066.88683,975,135141.2,48972.90293,0,0.8
2024-12-15 10:00:00,0.3642,0.3647,0.3602,0.3604,217627.2,1734260399999,78938.49371,1192,95565.3,34660.20085,0,0.8
2024-12-15 11:00:00,0.3603,0.3629,0.36,0.3622,214153.6,1734263999999,77451.86301,626,84217.7,30500.08394,0,0.8
2024-12-15 12:00:00,0.3621,0.366,0.3603,0.3652,471881.3,1734267599999,171168.81683,803,235435.7,85383.49603,0,0.8
2024-12-15 13:00:00,0.3652,0.3731,0.3632,0.3715,558841.5,1734271199999,205706.16983,1525,386030.9,142074.60943,0,0.8
2024-12-15 14:00:00,0.3716,0.3768,0.3715,0.3763,435224.9,1734274799999,162755.16091,938,298290.0,111513.00904,0,0.8
2024-12-15 15:00:00,0.3762,0.3769,0.3727,0.3731,469052.4,1734278399999,175344.41658,1292,263293.7,98404.74598,0,0.8
2024-12-15 16:00:00,0.3732,0.3746,0.372,0.373,789329.0,1734281999999,294241.21375,1327,498082.3,185659.45581,0,0.8
2024-12-15 17:00:00,0.373,0.3732,0.3687,0.3692,281050.4,1734285599999,104164.79357,989,109740.0,40672.1525,0,0.8
2024-12-15 18:00:00,0.3692,0.3699,0.3673,0.3685,252466.5,1734289199999,92968.7711,659,77945.9,28717.74186,0,0.8
2024-12-15 19:00:00,0.3684,0.3714,0.3684,0.3698,124019.8,1734292799999,45951.90394,298,81270.0,30121.36562,0,0.8
2024-12-15 20:00:00,0.3696,0.3705,0.3679,0.3682,106514.2,1734296399999,39347.90474,279,75707.4,27983.11723,0,0.8
2024-12-15 21:00:00,0.368,0.3683,0.3598,0.3599,453769.7,1734299999999,164604.90967,1204,181953.9,65917.57227,0,0.8
2024-12-15 22:00:00,0.3595,0.3655,0.3574,0.3651,449863.0,1734303599999,162471.55873,1250,225853.2,81660.69328,0,0.8
2024-12-15 23:00:00,0.3646,0.3764,0.3646,0.3752,833405.3,1734307199999,310551.89776,2491,422138.3,157136.98927,0,0.8
2024-12-16 00:00:00,0.3754,0.3834,0.3739,0.3828,963371.8,1734310799999,365628.55445,2424,487931.8,185145.88045,0,0.83
2024-12-16 01:00:00,0.3825,0.3845,0.3809,0.3813,332435.1,1734314399999,127039.20329,1021,183915.1,70310.93128,0,0.83
2024-12-16 02:00:00,0.3817,0.3817,0.3732,0.3742,391899.3,1734317999999,147630.7278,994,149367.3,56249.62643,0,0.83
2024-12-16 03:00:00,0.374,0.3751,0.3683,0.3703,275698.4,1734321599999,102398.79932,777,148201.2,55070.34412,0,0.83
2024-12-16 04:00:00,0.3705,0.378,0.3691,0.3729,2479287.1,1734325199999,930900.52545,8110,1730506.1,649956.4159,0,0.83
2024-12-16 05:00:00,0.3726,0.3749,0.3699,0.3741,286612.6,1734328799999,106681.21686,502,176191.5,65584.12814,0,0.83
2024-12-16 06:00:00,0.3741,0.3757,0.3702,0.3712,351916.7,1734332399999,131551.24829,791,175612.4,65683.41053,0,0.83
2024-12-16 07:00:00,0.371,0.3746,0.3702,0.3719,303047.5,1734335999999,112923.91326,633,160818.0,59922.17986,0,0.83
2024-12-16 08:00:00,0.3722,0.3724,0.3659,0.3663,571504.5,1734339599999,210572.39261,975,307731.5,113509.4406,0,0.83
2024-12-16 09:00:00,0.3663,0.3674,0.362,0.3622,363131.6,1734343199999,132355.19106,1043,106501.5,38842.21307,0,0.83
2024-12-16 10:00:00,0.3622,0.3624,0.3582,0.3599,560191.1,1734346799999,201783.93392,1218,239582.4,86293.72364,0,0.83
2024-12-16 11:00:00,0.3597,0.3602,0.3531,0.3545,271174.2,1734350399999,96884.51392,838,97626.5,34868.80881,0,0.83
2024-12-16 12:00:00,0.354,0.3581,0.354,0.3552,346952.8,1734353999999,123573.13889,713,180605.3,64344.62351,0,0.83
2024-12-16 13:00:00,0.3551,0.3595,0.3543,0.3566,238644.0,1734357599999,85235.83694,582,108202.9,38632.71204,0,0.83
2024-12-16 14:00:00,0.3568,0.3652,0.3568,0.3601,468064.0,1734361199999,169128.67396,902,306167.3,110739.98363,0,0.83
2024-12-16 15:00:00,0.3606,0.3657,0.3594,0.3639,360498.6,1734364799999,130628.18688,758,157628.7,57183.27026,0,0.83
2024-12-16 16:00:00,0.3638,0.3697,0.3638,0.3685,369340.3,1734368399999,135720.27233,897,203409.0,74740.06938,0,0.83
2024-12-16 17:00:00,0.3687,0.3755,0.3683,0.3725,369978.9,1734371999999,137495.83142,914,242437.2,90083.43521,0,0.83
2024-12-16 18:00:00,0.3723,0.3764,0.3711,0.3763,426337.3,1734375599999,159260.028,1135,148329.8,55495.39984,0,0.83
2024-12-16 19:00:00,0.3764,0.3765,0.3695,0.3718,249213.4,1734379199999,92774.95509,843,83936.7,31244.09111,0,0.83
2024-12-16 20:00:00,0.3715,0.3763,0.3706,0.3712,336557.0,1734382799999,125577.63984,1061,179048.8,66799.54637,0,0.83
2024-12-16 21:00:00,0.3716,0.375,0.3707,0.3748,174305.8,1734386399999,65019.99792,382,122143.2,45551.7835,0,0.83
2024-12-16 22:00:00,0.3747,0.3758,0.3706,0.3716,245170.9,1734389999999,91755.99583,754,118179.6,44240.50052,0,0.83
2024-12-16 23:00:00,0.3716,0.3724,0.366,0.366,325556.6,1734393599999,119971.51224,1103,142020.6,52366.94043,0,0.83
2024-12-17 00:00:00,0.366,0.3673,0.3555,0.3556,967169.9,1734397199999,349622.5057,3808,448200.8,162038.48255,0,0.87
2024-12-17 01:00:00,0.3555,0.3601,0.3549,0.3579,570659.0,1734400799999,204322.83691,976,227575.8,81453.15043,0,0.87
2024-12-17 02:00:00,0.358,0.3608,0.3563,0.3567,179874.8,1734404399999,64553.02115,442,96023.8,34487.37196,0,0.87
2024-12-17 03:00:00,0.3573,0.36,0.3572,0.36,230504.9,1734407999999,82714.52561,759,139512.4,50056.9149,0,0.87
2024-12-17 04:00:00,0.3599,0.3599,0.3534,0.357,240319.7,1734411599999,85703.41504,769,97882.9,34870.91179,0,0.87
2024-12-17 05:00:00,0.3566,0.3597,0.3559,0.3584,297878.1,1734415199999,106539.78815,706,133698.0,47835.10788,0,0.87
2024-12-17 06:00:00,0.3584,0.3584,0.3539,0.3559,175430.0,1734418799999,62400.89096,503,84506.3,30077.3295,0,0.87
2024-12-17 07:00:00,0.356,0.3597,0.3547,0.356,168287.5,1734422399999,60248.86823,590,102969.8,36874.0127,0,0.87
2024-12-17 08:00:00,0.3563,0.3587,0.3549,0.3551,310618.3,1734425999999,110981.64188,683,175551.4,62722.92247,0,0.87
2024-12-17 09:00:00,0.3552,0.3615,0.3542,0.3607,398163.0,1734429599999,142455.55989,1253,181618.6,65025.2981,0,0.87
2024-12-17 10:00:00,0.3608,0.3624,0.3586,0.3604,274446.1,1734433199999,98896.51317,712,115764.3,41711.27368,0,0.87
2024-12-17 11:00:00,0.3606,0.3621,0.3587,0.3604,302734.8,1734436799999,109050.13672,672,169613.2,61114.74224,0,0.87
2024-12-17 12:00:00,0.3606,0.3638,0.3581,0.3625,236273.0,1734440399999,85331.51228,582,97289.4,35162.93256,0,0.87
2024-12-17 13:00:00,0.3626,0.3626,0.3598,0.3602,249376.5,1734443999999,90059.38301,601,110204.9,39808.92742,0,0.87
2024-12-17 14:00:00,0.3602,0.3602,0.3525,0.358,829841.3,1734447599999,296319.63504,1709,471939.2,168788.82188,0,0.87
2024-12-17 15:00:00,0.358,0.358,0.3467,0.349,794009.0,1734451199999,278439.83133,2085,377791.8,132453.99317,0,0.87
2024-12-17 16:00:00,0.3488,0.3544,0.3462,0.3534,526018.3,1734454799999,184702.57653,1859,310273.6,109139.05969,0,0.87
2024-12-17 17:00:00,0.3537,0.3592,0.3526,0.3585,246580.7,1734458399999,87903.19159,773,108187.3,38555.50168,0,0.87
2024-12-17 18:00:00,0.3587,0.3588,0.3522,0.3525,108060.7,1734461999999,38378.20524,535,46768.7,16579.94622,0,0.87
2024-12-17 19:00:00,0.3525,0.3555,0.3504,0.3551,168403.9,1734465599999,59534.87378,480,87923.5,31071.10138,0,0.87
2024-12-17 20:00:00,0.3553,0.3569,0.3542,0.3553,141587.4,1734469199999,50316.11835,534,61767.6,21955.8102,0,0.87
2024-12-17 21:00:00,0.3552,0.3556,0.352,0.3522,147994.3,1734472799999,52313.1664,457,69628.2,24591.77965,0,0.87
2024-12-17 22:00:00,0.352,0.3527,0.3444,0.3463,277462.2,1734476399999,96219.76072,1027,140885.7,48837.6643,0,0.87
2024-12-17 23:00:00,0.346,0.3466,0.3418,0.3454,564760.3,1734479999999,194723.45309,1364,367572.0,126817.40866,0,0.87
2024-12-18 00:00:00,0.3456,0.3471,0.3401,0.3443,388809.0,1734483599999,133647.66746,1033,183015.4,62806.95089,0,0.81
2024-12-18 01:00:00,0.3443,0.3472,0.3393,0.3409,426106.7,1734487199999,146016.35503,806,193455.1,66311.74541,0,0.81
2024-12-18 02:00:00,0.3403,0.3444,0.3389,0.342,362699.2,1734490799999,124076.2033,1282,169985.1,58147.0972,0,0.81
2024-12-18 03:00:00,0.3419,0.3428,0.3379,0.3391,400114.9,1734494399999,136168.3031,1126,196866.2,67020.72053,0,0.81
2024-12-18 04:00:00,0.3387,0.3391,0.3331,0.3371,624567.2,1734497999999,209903.40837,1553,348809.2,117275.13213,0,0.81
2024-12-18 05:00:00,0.3371,0.3397,0.3353,0.3368,317141.2,1734501599999,107082.0895,717,178666.5,60328.29108,0,0.81
2024-12-18 06:00:00,0.337,0.3385,0.3325,0.335,220075.9,1734505199999,73943.28971,454,107795.2,36208.53706,0,0.81
2024-12-18 07:00:00,0.3354,0.3381,0.3345,0.3365,190342.7,1734508799999,64125.8899,477,98405.5,33161.08943,0,0.81
2024-12-18 08:00:00,0.3365,0.3371,0.3329,0.3349,177732.3,1734512399999,59503.14352,446,89282.4,29894.90691,0,0.81
2024-12-18 09:00:00,0.3348,0.3408,0.3347,0.3392,513339.0,1734515999999,174222.38422,859,191805.0,65040.38214,0,0.81
2024-12-18 10:00:00,0.339,0.3403,0.3371,0.3397,351580.9,1734519599999,119047.96526,795,174949.4,59272.5604,0,0.81
2024-12-18 11:00:00,0.3397,0.3422,0.3393,0.3411,249051.7,1734523199999,84843.62311,479,127445.0,43459.11914,0,0.81
2024-12-18 12:00:00,0.3409,0.3415,0.3326,0.3343,329604.4,1734526799999,110494.41357,1228,198200.6,66425.4056,0,0.81
2024-12-18 13:00:00,0.3344,0.3373,0.3324,0.3344,171166.3,1734530399999,57441.72309,635,102792.4,34521.607,0,0.81
2024-12-18 14:00:00,0.3347,0.3373,0.3331,0.3334,270023.0,1734533999999,90594.49079,598,129830.6,43608.30675,0,0.81
2024-12-18 15:00:00,0.3334,0.3382,0.331,0.3348,358601.9,1734537599999,119934.11925,842,218092.9,72961.97406,0,0.81
2024-12-18 16:00:00,0.3347,0.3378,0.3327,0.3368,157427.7,1734541199999,52752.671,357,69334.0,23279.53184,0,0.81
2024-12-18 17:00:00,0.3365,0.339,0.3318,0.3377,254616.3,1734544799999,85505.89978,566,101247.9,34014.31872,0,0.81
2024-12-18 18:00:00,0.3379,0.3428,0.3365,0.3425,200095.2,1734548399999,67912.04646,567,117103.5,39754.52638,0,0.81
2024-12-18 19:00:00,0.3426,0.3434,0.3287,0.3287,806556.0,1734551999999,271530.39821,2538,378995.1,127635.78121,0,0.81
2024-12-18 20:00:00,0.3286,0.3311,0.3065,0.317,6356482.5,1734555599999,2028309.52811,13937,3148932.0,1005494.54059,0,0.81
2024-12-18 21:00:00,0.3164,0.3223,0.3139,0.3179,713180.7,1734559199999,226602.30132,1257,434620.8,138043.9826,0,0.81
2024-12-18 22:00:00,0.3182,0.3221,0.3149,0.3175,915705.1,1734562799999,291567.35628,1278,568534.1,181014.25753,0,0.81
2024-12-18 23:00:00,0.3178,0.3194,0.3123,0.3133,994915.9,1734566399999,313514.49838,1457,595179.0,187661.65542,0,0.81
2024-12-19 00:00:00,0.3131,0.3144,0.3077,0.3135,2665045.5,1734569999999,827065.58629,3436,1535913.6,476452.32753,0,0.75
2024-12-19 01:00:00,0.3134,0.3138,0.303,0.3048,599743.4,1734573599999,185516.63536,1298,314767.1,97390.39804,0,0.75
2024-12-19 02:00:00,0.305,0.3095,0.2941,0.3092,2649906.2,1734577199999,795308.78315,4524,1472197.3,442293.0677,0,0.75
2024-12-19 03:00:00,0.3096,0.3182,0.3092,0.3179,1405240.6,1734580799999,440521.36552,1546,529418.7,165944.15128,0,0.75
2024-12-19 04:00:00,0.3172,0.3203,0.3166,0.3172,197433.1,1734584399999,62898.95182,449,106289.4,33867.77483,0,0.75
2024-12-19 05:00:00,0.3172,0.3186,0.3156,0.3173,160182.8,1734587999999,50791.44366,297,70793.7,22457.10283,0,0.75
2024-12-19 06:00:00,0.3174,0.3175,0.3145,0.3148,212384.4,1734591599999,67132.7175,425,79141.1,25001.46131,0,0.75
2024-12-19 07:00:00,0.3152,0.3166,0.3143,0.3159,444661.6,1734595199999,140413.22907,647,121571.6,38352.43181,0,0.75
2024-12-19 08:00:00,0.316,0.316,0.3126,0.3135,292172.6,1734598799999,91702.86053,553,109127.1,34266.13066,0,0.75
2024-12-19 09:00:00,0.3137,0.3177,0.3135,0.317,161025.0,1734602399999,50842.14256,385,95277.9,30096.31562,0,0.75
2024-12-19 10:00:00,0.3171,0.3231,0.3145,0.3215,600858.5,1734605999999,192209.66611,824,426390.1,136492.57893,0,0.75
2024-12-19 11:00:00,0.3214,0.3219,0.3181,0.3192,288306.0,1734609599999,92134.86609,448,148901.5,47621.90829,0,0.75
2024-12-19 12:00:00,0.319,0.3198,0.314,0.3143,341104.3,1734613199999,108331.21613,675,216437.2,68698.42526,0,0.75
2024-12-19 13:00:00,0.314,0.3179,0.313,0.3146,257290.4,1734616799999,81205.74364,458,136878.6,43223.72635,0,0.75
2024-12-19 14:00:00,0.3153,0.3207,0.313,0.3141,373611.3,1734620399999,118362.86399,732,192212.6,60920.59478,0,0.75
2024-12-19 15:00:00,0.3135,0.3135,0.3019,0.3075,3226974.1,1734623999999,984383.88197,3554,2061194.0,628784.32284,0,0.75
2024-12-19 16:00:00,0.3071,0.3095,0.3036,0.3093,487386.0,1734627599999,149540.6011,910,212022.2,64997.9995,0,0.75
2024-12-19 17:00:00,0.3095,0.3098,0.2869,0.293,2746251.6,1734631199999,809068.96072,5033,1230961.8,362617.75595,0,0.75
2024-12-19 18:00:00,0.293,0.2945,0.2828,0.2938,4791140.2,1734634799999,1381888.02636,8379,2468152.1,712064.70199,0,0.75
2024-12-19 19:00:00,0.2936,0.2953,0.2818,0.2868,1680465.2,1734638399999,482136.71326,2931,904375.4,259461.7625,0,0.75
2024-12-19 20:00:00,0.2873,0.2903,0.28,0.2878,2278952.0,1734641999999,644892.86471,2902,1137048.6,321835.41596,0,0.75
2024-12-19 21:00:00,0.2875,0.2953,0.286,0.2922,1174291.2,1734645599999,343185.39276,1418,721676.7,211099.85919,0,0.75
2024-12-19 22:00:00,0.2918,0.2946,0.2906,0.2932,707011.9,1734649199999,206659.53263,1210,357801.2,104556.70266,0,0.75
2024-12-19 23:00:00,0.2935,0.2935,0.2879,0.2879,509565.2,1734652799999,147968.6625,802,260044.0,75588.13437,0,0.75
2024-12-20 00:00:00,0.288,0.294,0.2836,0.2925,825301.0,1734656399999,238217.10501,1366,440541.6,127230.68288,0,0.74
2024-12-20 01:00:00,0.2926,0.2942,0.2896,0.2916,593067.1,1734659999999,173430.66949,1183,291794.0,85330.51309,0,0.74
2024-12-20 02:00:00,0.2915,0.3031,0.291,0.301,1858103.1,1734663599999,551484.10861,1856,984276.8,291925.43284,0,0.74
2024-12-20 03:00:00,0.3012,0.3014,0.2961,0.2967,263592.4,1734667199999,78861.56437,513,103999.6,31132.47947,0,0.74
2024-12-20 04:00:00,0.2968,0.2994,0.296,0.2961,333172.8,1734670799999,99304.39575,669,170078.8,50689.9467,0,0.74
2024-12-20 05:00:00,0.2964,0.2973,0.2909,0.2909,560985.6,1734674399999,165566.54787,671,228164.6,67333.12302,0,0.74
2024-12-20 06:00:00,0.291,0.2944,0.2848,0.2875,669376.4,1734677999999,193280.31666,954,372224.4,107539.49538,0,0.74
2024-12-20 07:00:00,0.2878,0.3003,0.2878,0.2952,1375483.5,1734681599999,406989.54916,2170,846471.4,250507.92952,0,0.74
2024-12-20 08:00:00,0.2959,0.2961,0.2755,0.2779,2070225.8,1734685199999,586224.34889,3088,1068130.0,302210.37547,0,0.74
2024-12-20 09:00:00,0.2775,0.2821,0.274,0.2757,4707400.2,1734688799999,1306165.90903,5050,2802715.5,777446.96658,0,0.74
2024-12-20 10:00:00,0.2755,0.2774,0.2672,0.2706,5958360.4,1734692399999,1625278.26989,6812,2960839.7,807069.35061,0,0.74
2024-12-20 11:00:00,0.2707,0.2745,0.2611,0.2621,4020353.5,1734695999999,1071139.25576,5604,2256991.4,601710.58143,0,0.74
2024-12-20 12:00:00,0.2621,0.2777,0.2616,0.2759,1946416.3,1734699599999,523554.53625,2952,1004242.9,270658.28723,0,0.74
2024-12-20 13:00:00,0.2759,0.2824,0.2719,0.2811,1682611.7,1734703199999,468499.76998,2062,847861.1,236021.44624,0,0.74
2024-12-20 14:00:00,0.2813,0.2849,0.279,0.2829,542072.0,1734706799999,152992.06506,876,327226.1,92364.81084,0,0.74
2024-12-20 15:00:00,0.2829,0.2933,0.2829,0.2913,757544.4,1734710399999,218450.82323,1179,419611.2,121063.25148,0,0.74
2024-12-20 16:00:00,0.2912,0.2953,0.289,0.292,874328.9,1734713999999,255062.33483,1052,487387.1,142277.12065,0,0.74
2024-12-20 17:00:00,0.2919,0.298,0.2911,0.2973,332528.3,1734717599999,97777.30622,665,151572.4,44638.90636,0,0.74
2024-12-20 18:00:00,0.2973,0.2983,0.296,0.2975,337399.4,1734721199999,100320.80601,641,163757.8,48679.29276,0,0.74
2024-12-20 19:00:00,0.2975,0.3047,0.2973,0.3024,416656.9,1734724799999,126169.81972,933,211777.5,64274.20517,0,0.74
2024-12-20 20:00:00,0.3023,0.3032,0.2996,0.3013,259191.0,1734728399999,78148.9592,779,107618.2,32441.11256,0,0.74
2024-12-20 21:00:00,0.3009,0.3022,0.2958,0.3019,615302.5,1734731999999,183982.36724,1007,307184.8,91817.90787,0,0.74
2024-12-20 22:00:00,0.302,0.3065,0.3006,0.3056,437370.8,1734735599999,133048.98538,711,259896.5,79093.7691,0,0.74
2024-12-20 23:00:00,0.3058,0.3072,0.3046,0.3054,230211.6,1734739199999,70456.65436,584,115514.5,35348.47718,0,0.74
2024-12-21 00:00:00,0.305,0.3073,0.3034,0.3068,351258.9,1734742799999,107344.46621,958,156225.3,47717.17902,0,0.73
2024-12-21 01:00:00,0.3064,0.312,0.3064,0.309,161033.5,1734746399999,49891.36362,490,88586.7,27431.52679,0,0.73
2024-12-21 02:00:00,0.3086,0.3103,0.3072,0.3082,190644.5,1734749999999,58821.19008,573,72324.8,22318.49969,0,0.73
2024-12-21 03:00:00,0.3081,0.3092,0.3057,0.3073,192484.1,1734753599999,59063.40085,502,71307.8,21895.07862,0,0.73
2024-12-21 04:00:00,0.3074,0.3104,0.3072,0.3103,91673.6,1734757199999,28336.35917,302,52127.0,16102.34899,0,0.73
2024-12-21 05:00:00,0.3105,0.3194,0.3104,0.3193,458494.8,1734760799999,144464.35258,1360,179197.8,56555.06464,0,0.73
2024-12-21 06:00:00,0.3193,0.322,0.3182,0.3213,325870.2,1734764399999,104262.92665,807,144486.8,46243.66815,0,0.73
2024-12-21 07:00:00,0.3219,0.3281,0.3211,0.3257,1151031.6,1734767999999,374676.30256,2664,690878.7,224997.68501,0,0.73
2024-12-21 08:00:00,0.3257,0.3275,0.3201,0.3212,640774.0,1734771599999,207079.47721,1259,279643.6,90457.01847,0,0.73
2024-12-21 09:00:00,0.3214,0.322,0.3186,0.321,427234.3,1734775199999,136776.16759,830,157022.8,50324.08528,0,0.73
2024-12-21 10:00:00,0.3211,0.3234,0.3199,0.3212,256014.1,1734778799999,82245.04629,1142,144950.6,46586.55654,0,0.73
2024-12-21 11:00:00,0.3213,0.3237,0.3175,0.3232,329063.3,1734782399999,105559.81325,1445,209473.2,67230.48899,0,0.73
2024-12-21 12:00:00,0.3231,0.3232,0.3127,0.313,570371.4,1734785999999,180598.03972,1409,226933.2,71886.12286,0,0.73
2024-12-21 13:00:00,0.3131,0.3151,0.3024,0.3083,776168.4,1734789599999,239671.96708,1520,433169.6,133916.86562,0,0.73
2024-12-21 14:00:00,0.3083,0.312,0.3058,0.3062,405906.8,1734793199999,125780.01527,869,197212.3,61108.59157,0,0.73
2024-12-21 15:00:00,0.3063,0.311,0.3063,0.3096,473839.1,1734796799999,146473.34457,1021,321996.1,99544.45649,0,0.73
2024-12-21 16:00:00,0.3096,0.3106,0.3039,0.3055,501640.8,1734800399999,153817.70409,913,273322.4,83831.63193,0,0.73
2024-12-21 17:00:00,0.305,0.3079,0.3022,0.307,590204.7,1734803999999,179790.70827,1032,379622.1,115638.96651,0,0.73
2024-12-21 18:00:00,0.307,0.3082,0.3009,0.3021,374371.1,1734807599999,114076.7533,880,183397.7,55868.55331,0,0.73
2024-12-21 19:00:00,0.3022,0.3024,0.2974,0.3013,688673.3,1734811199999,206359.83377,1330,380282.1,113945.76881,0,0.73
2024-12-21 20:00:00,0.3015,0.3055,0.2999,0.3023,544784.2,1734814799999,165037.45612,1047,287049.4,86995.09743,0,0.73
2024-12-21 21:00:00,0.3021,0.3041,0.2985,0.2999,305432.5,1734818399999,92008.8163,572,171126.8,51538.52197,0,0.73
2024-12-21 22:00:00,0.299,0.3022,0.2972,0.301,221398.9,1734821999999,66426.98724,446,114014.2,34165.58977,0,0.73
2024-12-21 23:00:00,0.3008,0.3043,0.2979,0.3043,552367.5,1734825599999,166430.43842,1041,371873.9,112075.73469,0,0.73
2024-12-22 00:00:00,0.3043,0.3146,0.3,0.3115,1764728.9,1734829199999,544327.65046,2989,1207867.2,372802.64937,0,0.73
2024-12-22 01:00:00,0.3116,0.3167,0.3092,0.3143,3016582.8,1734832799999,945166.60522,4410,2110467.9,661390.25209,0,0.73
2024-12-22 02:00:00,0.3142,0.315,0.3058,0.3073,737268.6,1734836399999,229412.146,1437,321429.9,100143.62861,0,0.73
2024-12-22 03:00:00,0.3073,0.3101,0.3035,0.3081,812807.9,1734839999999,249823.52448,1586,321831.8,98999.01371,0,0.73
2024-12-22 04:00:00,0.308,0.3088,0.3001,0.3001,637552.1,1734843599999,194161.11409,1184,249823.8,76335.33158,0,0.73
2024-12-22 05:00:00,0.3004,0.3017,0.2968,0.2979,1017819.1,1734847199999,304486.76374,1577,463347.9,138636.51822,0,0.73
2024-12-22 06:00:00,0.2982,0.3014,0.2967,0.3009,535390.8,1734850799999,160070.8058,937,204230.3,61091.88261,0,0.73
2024-12-22 07:00:00,0.3009,0.3018,0.2967,0.298,262191.7,1734854399999,78396.78726,548,157706.5,47169.6668,0,0.73
2024-12-22 08:00:00,0.2979,0.3033,0.2978,0.3013,378710.7,1734857999999,114281.48667,694,237082.6,71559.50978,0,0.73
2024-12-22 09:00:00,0.3012,0.3088,0.2993,0.3056,374465.2,1734861599999,114419.11749,1131,213287.7,65164.95861,0,0.73
2024-12-22 10:00:00,0.3052,0.3083,0.3051,0.3072,307784.4,1734865199999,94437.93701,759,128144.8,39345.46708,0,0.73
2024-12-22 11:00:00,0.3067,0.3076,0.304,0.3041,337656.7,1734868799999,103087.30877,614,152494.4,46592.99352,0,0.73
2024-12-22 12:00:00,0.3043,0.3127,0.3018,0.3106,777322.5,1734872399999,239951.18174,1513,365661.1,112788.99263,0,0.73
2024-12-22 13:00:00,0.3106,0.3185,0.3102,0.314,1322960.3,1734875999999,415237.51429,2286,688689.5,216172.39222,0,0.73
2024-12-22 14:00:00,0.314,0.3149,0.3019,0.302,1131801.8,1734879599999,347062.25676,1643,540549.7,165716.47375,0,0.73
2024-12-22 15:00:00,0.3024,0.3051,0.3014,0.3036,420505.5,1734883199999,127476.21362,726,257204.5,77962.21691,0,0.73
2024-12-22 16:00:00,0.3034,0.3075,0.3,0.3053,366971.6,1734886799999,111491.13866,681,171786.6,52250.90924,0,0.73
2024-12-22 17:00:00,0.3061,0.3065,0.3039,0.3046,124954.3,1734890399999,38133.12088,251,71508.8,21825.94419,0,0.73
2024-12-22 18:00:00,0.3046,0.309,0.3027,0.3063,235542.1,1734893999999,71970.53866,489,113444.2,34648.25018,0,0.73
2024-12-22 19:00:00,0.3064,0.3065,0.2967,0.2975,281756.8,1734897599999,84743.23665,490,135367.5,40730.50662,0,0.73
2024-12-22 20:00:00,0.2977,0.3029,0.2942,0.3029,449000.3,1734901199999,133703.19897,836,274341.4,81649.41244,0,0.73
2024-12-22 21:00:00,0.3029,0.3065,0.3017,0.3046,218420.9,1734904799999,66437.04256,504,110014.1,33485.46475,0,0.73
2024-12-22 22:00:00,0.3047,0.3047,0.299,0.3038,735619.5,1734908399999,222262.61496,1105,361956.4,109369.12087,0,0.73
2024-12-22 23:00:00,0.3037,0.3076,0.302,0.3039,307966.2,1734911999999,93612.86623,475,163388.2,49656.88316,0,0.73
2024-12-23 00:00:00,0.3039,0.3039,0.2966,0.2986,425647.9,1734915599999,127674.58882,754,201835.4,60568.91195,0,0.7
2024-12-23 01:00:00,0.2986,0.304,0.2943,0.2989,595997.7,1734919199999,178338.64534,1048,304223.1,91021.29358,0,0.7
2024-12-23 02:00:00,0.2994,0.3032,0.2959,0.3026,580671.1,1734922799999,173358.56891,950,283937.6,84796.74707,0,0.7
2024-12-23 03:00:00,0.3027,0.3123,0.3013,0.3115,677488.5,1734926399999,209867.21565,1399,306415.0,94868.16461,0,0.7
2024-12-23 04:00:00,0.3115,0.3142,0.3091,0.3101,437742.9,1734929999999,136376.13036,989,217274.8,67709.42197,0,0.7
2024-12-23 05:00:00,0.3101,0.3105,0.3057,0.3069,220946.0,1734933599999,68121.25527,355,84531.9,26089.46008,0,0.7
2024-12-23 06:00:00,0.3073,0.3078,0.3003,0.3013,245808.5,1734937199999,74383.00245,551,106399.2,32253.51529,0,0.7
2024-12-23 07:00:00,0.3014,0.3056,0.3012,0.3045,110395.1,1734940799999,33485.53047,294,50010.6,15179.21809,0,0.7
2024-12-23 08:00:00,0.3046,0.3069,0.3033,0.3068,235252.7,1734944399999,71790.96433,440,136355.3,41638.08053,0,0.7
2024-12-23 09:00:00,0.3068,0.3113,0.306,0.3069,257352.4,1734947999999,79489.59761,529,125695.6,38874.59775,0,0.7
2024-12-23 10:00:00,0.3067,0.3094,0.3064,0.3086,151421.9,1734951599999,46565.87785,426,66022.8,20313.33474,0,0.7
2024-12-23 11:00:00,0.3088,0.3101,0.3056,0.3067,153855.4,1734955199999,47398.80109,321,76469.2,23547.77877,0,0.7
2024-12-23 12:00:00,0.3069,0.3119,0.3069,0.3111,265325.6,1734958799999,82109.42396,486,147504.0,45651.02929,0,0.7
2024-12-23 13:00:00,0.3111,0.3122,0.3041,0.3054,474916.5,1734962399999,146342.78115,984,147281.8,45226.26103,0,0.7
2024-12-23 14:00:00,0.3054,0.3098,0.301,0.3042,314526.4,1734965999999,95987.64367,694,141895.8,43297.68806,0,0.7
2024-12-23 15:00:00,0.3038,0.3049,0.3014,0.302,427515.5,1734969599999,129468.84578,829,230763.7,69867.94509,0,0.7
2024-12-23 16:00:00,0.3017,0.311,0.3013,0.3093,320943.1,1734973199999,98164.2904,728,138471.6,42309.22406,0,0.7
2024-12-23 17:00:00,0.3091,0.3113,0.3065,0.3074,276576.1,1734976799999,85477.93026,596,157952.0,48823.72551,0,0.7
2024-12-23 18:00:00,0.3073,0.3097,0.3051,0.3057,154566.6,1734980399999,47557.8323,389,94294.1,29020.87958,0,0.7
2024-12-23 19:00:00,0.3059,0.3131,0.3059,0.3115,253901.1,1734983999999,78774.17298,525,123301.8,38222.44961,0,0.7
2024-12-23 20:00:00,0.3113,0.3208,0.3111,0.3203,354731.0,1734987599999,112111.95342,937,197351.5,62338.1497,0,0.7
2024-12-23 21:00:00,0.3204,0.3266,0.3204,0.3207,671859.2,1734991199999,217410.50437,2289,272435.0,88218.77032,0,0.7
2024-12-23 22:00:00,0.3207,0.3241,0.3189,0.324,414861.3,1734994799999,133371.64513,1508,172764.5,55556.89864,0,0.7
2024-12-23 23:00:00,0.324,0.3245,0.3207,0.3213,206801.6,1734998399999,66609.28257,868,88750.1,28589.19888,0,0.7
2024-12-24 00:00:00,0.3214,0.3289,0.3203,0.3266,1857010.1,1735001999999,605525.41366,5298,1098262.0,358271.83278,0,0.73
2024-12-24 01:00:00,0.3266,0.3277,0.317,0.3171,862545.0,1735005599999,277765.51857,1960,468024.8,150956.14239,0,0.73
2024-12-24 02:00:00,0.3172,0.3191,0.314,0.3159,340774.4,1735009199999,107673.33343,747,175378.0,55392.70551,0,0.73
2024-12-24 03:00:00,0.316,0.3191,0.3155,0.3191,172378.0,1735012799999,54716.26863,375,92865.9,29499.49686,0,0.73
2024-12-24 04:00:00,0.3189,0.3207,0.3171,0.3201,106100.8,1735016399999,33838.44976,350,34732.1,11094.2486,0,0.73
2024-12-24 05:00:00,0.3205,0.3225,0.3197,0.3215,196805.6,1735019999999,63136.90115,427,117095.0,37564.53048,0,0.73
2024-12-24 06:00:00,0.3215,0.3217,0.3167,0.3171,235308.5,1735023599999,75125.20954,545,121072.5,38620.14697,0,0.73
2024-12-24 07:00:00,0.3173,0.3197,0.3156,0.3185,234703.0,1735027199999,74506.40574,526,124892.6,39657.60582,0,0.73
2024-12-24 08:00:00,0.3186,0.3242,0.3175,0.3237,426343.4,1735030799999,136868.66087,1555,274012.1,87997.55413,0,0.73
2024-12-24 09:00:00,0.3237,0.3242,0.3185,0.3185,403349.7,1735034399999,129691.53932,1559,206918.5,66500.56131,0,0.73
2024-12-24 10:00:00,0.3187,0.3192,0.3165,0.3169,189981.1,1735037999999,60417.02665,949,91483.4,29111.23155,0,0.73
2024-12-24 11:00:00,0.3171,0.3204,0.317,0.3204,136524.1,1735041599999,43509.76134,385,70212.0,22378.57404,0,0.73
2024-12-24 12:00:00,0.3203,0.3219,0.3183,0.3211,179117.1,1735045199999,57392.84941,452,107746.1,34534.10168,0,0.73
2024-12-24 13:00:00,0.3212,0.3317,0.3206,0.3316,718041.7,1735048799999,235166.18628,1645,340541.2,111590.95535,0,0.73
2024-12-24 14:00:00,0.3316,0.3326,0.3284,0.331,826633.7,1735052399999,273058.11478,2103,313567.5,103575.98108,0,0.73
2024-12-24 15:00:00,0.331,0.3338,0.3297,0.3321,319902.4,1735055999999,106191.12467,788,150513.0,49937.34851,0,0.73
2024-12-24 16:00:00,0.3327,0.3348,0.3313,0.3325,319305.9,1735059599999,106301.24339,868,163990.9,54584.86538,0,0.73
2024-12-24 17:00:00,0.3325,0.3336,0.3285,0.3294,711455.1,1735063199999,235147.28859,1620,175163.8,57831.14539,0,0.73
2024-12-24 18:00:00,0.3295,0.3323,0.3292,0.3298,217712.1,1735066799999,71928.87939,467,95069.8,31420.55173,0,0.73
2024-12-24 19:00:00,0.3295,0.3296,0.3256,0.3256,524056.4,1735070399999,171769.16094,822,123775.8,40485.28981,0,0.73
2024-12-24 20:00:00,0.3256,0.3258,0.3214,0.3229,288257.8,1735073999999,93214.97649,786,145677.4,47104.16797,0,0.73
2024-12-24 21:00:00,0.3224,0.3264,0.3222,0.3261,185695.1,1735077599999,60307.13004,431,119527.4,38804.87019,0,0.73
2024-12-24 22:00:00,0.326,0.3285,0.3253,0.3277,118644.2,1735081199999,38825.23252,349,60522.7,19811.22351,0,0.73
2024-12-24 23:00:00,0.3277,0.3286,0.3271,0.3276,124334.6,1735084799999,40779.91985,297,62737.2,20575.8268,0,0.73
2024-12-25 00:00:00,0.3276,0.3278,0.3244,0.3252,315380.3,1735088399999,102743.09984,852,122388.9,39872.82797,0,0.73
2024-12-25 01:00:00,0.325,0.3277,0.325,0.3267,174480.4,1735091999999,56950.66934,546,98044.2,32026.24485,0,0.73
2024-12-25 02:00:00,0.3269,0.3271,0.3242,0.3251,207952.2,1735095599999,67661.59992,511,85756.9,27910.94355,0,0.73
2024-12-25 03:00:00,0.325,0.3261,0.3225,0.3255,223460.1,1735099199999,72559.22929,829,112052.1,36385.6951,0,0.73
2024-12-25 04:00:00,0.3257,0.3277,0.3248,0.3275,140258.5,1735102799999,45772.4423,440,66475.9,21684.67639,0,0.73
2024-12-25 05:00:00,0.3274,0.3301,0.327,0.3289,188274.0,1735106399999,61905.40734,507,81146.2,26692.73691,0,0.73
2024-12-25 06:00:00,0.329,0.3304,0.3259,0.3261,201190.4,1735109999999,65916.76874,620,82234.9,26924.67382,0,0.73
2024-12-25 07:00:00,0.3263,0.329,0.3253,0.326,189458.7,1735113599999,61930.24461,777,59382.9,19417.21139,0,0.73
2024-12-25 08:00:00,0.3264,0.3279,0.3253,0.3266,128022.2,1735117199999,41804.5601,310,87149.5,28452.34495,0,0.73
2024-12-25 09:00:00,0.3267,0.3274,0.325,0.3263,72876.2,1735120799999,23779.96457,203,29230.5,9544.76298,0,0.73
2024-12-25 10:00:00,0.3265,0.3315,0.3255,0.3262,257584.2,1735124399999,84865.30805,672,117306.7,38671.92323,0,0.73
2024-12-25 11:00:00,0.3264,0.3284,0.3224,0.3224,199168.3,1735127999999,64903.71082,519,73510.4,23927.03274,0,0.73
2024-12-25 12:00:00,0.3233,0.3246,0.3201,0.323,452626.4,1735131599999,146118.01057,998,251649.3,81265.77742,0,0.73
2024-12-25 13:00:00,0.3234,0.3258,0.322,0.3227,218169.2,1735135199999,70560.36616,425,125395.5,40562.96344,0,0.73
2024-12-25 14:00:00,0.323,0.3252,0.322,0.3229,911347.2,1735138799999,294642.99411,1527,329433.1,106446.74675,0,0.73
2024-12-25 15:00:00,0.323,0.3233,0.3186,0.3196,347479.1,1735142399999,111377.91367,1240,107700.1,34559.29926,0,0.73
2024-12-25 16:00:00,0.3197,0.3207,0.3158,0.3176,266515.9,1735145999999,84767.52291,738,103168.8,32796.24904,0,0.73
2024-12-25 17:00:00,0.3175,0.3196,0.3164,0.3196,143510.8,1735149599999,45639.21532,261,102101.7,32493.19476,0,0.73
2024-12-25 18:00:00,0.3197,0.3208,0.3187,0.32,166948.5,1735153199999,53413.88425,330,72605.3,23235.77823,0,0.73
2024-12-25 19:00:00,0.3197,0.3209,0.3187,0.3198,142001.6,1735156799999,45379.04378,302,37465.6,11983.11082,0,0.73
2024-12-25 20:00:00,0.3199,0.3214,0.3157,0.3166,115809.9,1735160399999,36948.58405,376,74311.8,23723.95367,0,0.73
2024-12-25 21:00:00,0.317,0.3182,0.3143,0.3165,194137.8,1735163999999,61381.24348,316,112752.2,35673.83937,0,0.73
2024-12-25 22:00:00,0.3165,0.318,0.3148,0.3165,156771.1,1735167599999,49641.50031,346,60815.3,19264.18749,0,0.73
2024-12-25 23:00:00,0.3163,0.3196,0.3163,0.319,134478.7,1735171199999,42884.1007,252,114890.2,36642.46394,0,0.73
2024-12-26 00:00:00,0.3194,0.3212,0.3126,0.3143,417091.9,1735174799999,131943.74639,1081,159800.3,50547.75582,0,0.79
2024-12-26 01:00:00,0.3146,0.3165,0.3114,0.3128,266403.7,1735178399999,83428.81752,916,113778.9,35631.12912,0,0.79
2024-12-26 02:00:00,0.3128,0.314,0.3096,0.3098,582977.0,1735181999999,182101.57932,1118,336862.8,105331.14909,0,0.79
2024-12-26 03:00:00,0.3101,0.3108,0.3077,0.3083,273755.4,1735185599999,84619.6135,555,94594.0,29257.15146,0,0.79
2024-12-26 04:00:00,0.308,0.308,0.305,0.3058,470062.5,1735189199999,143852.06612,823,232341.1,71100.6448,0,0.79
2024-12-26 05:00:00,0.3059,0.3067,0.3047,0.3056,87027.4,1735192799999,26627.26093,189,62345.8,19081.24901,0,0.79
2024-12-26 06:00:00,0.3054,0.306,0.303,0.305,578456.2,1735196399999,175894.09258,960,260927.3,79372.42373,0,0.79
2024-12-26 07:00:00,0.3048,0.3058,0.3027,0.3032,140775.5,1735199999999,42843.37326,296,77072.0,23489.82279,0,0.79
2024-12-26 08:00:00,0.3034,0.3043,0.295,0.2988,785445.2,1735203599999,234753.25254,1262,379018.8,113463.64917,0,0.79
2024-12-26 09:00:00,0.2982,0.3,0.2975,0.2996,242252.4,1735207199999,72405.52606,441,113009.4,33773.14484,0,0.79
2024-12-26 10:00:00,0.2993,0.3003,0.2979,0.2997,196966.3,1735210799999,58917.32724,390,105447.7,31574.21551,0,0.79
2024-12-26 11:00:00,0.2996,0.3027,0.2996,0.3006,264269.3,1735214399999,79638.91245,349,92585.4,27880.64515,0,0.79
2024-12-26 12:00:00,0.3005,0.3005,0.2981,0.2984,234082.1,1735217999999,70098.59733,296,94763.3,28346.47287,0,0.79
2024-12-26 13:00:00,0.2985,0.2988,0.2957,0.2979,188241.4,1735221599999,56039.98496,385,90120.2,26845.82167,0,0.79
2024-12-26 14:00:00,0.2978,0.3007,0.2955,0.2965,213958.0,1735225199999,63721.32342,566,150695.7,44890.02007,0,0.79
2024-12-26 15:00:00,0.2964,0.2978,0.2945,0.2955,454378.8,1735228799999,134471.35263,1084,241552.0,71501.71354,0,0.79
2024-12-26 16:00:00,0.2955,0.2982,0.2954,0.2979,204904.6,1735232399999,60786.15842,355,142791.7,42354.894,0,0.79
2024-12-26 17:00:00,0.2979,0.2979,0.2917,0.2944,290803.4,1735235999999,85551.64289,575,88571.5,26038.88512,0,0.79
2024-12-26 18:00:00,0.2944,0.2963,0.293,0.2963,120702.8,1735239599999,35580.32566,359,64309.0,18963.81439,0,0.79
2024-12-26 19:00:00,0.2962,0.2964,0.2932,0.2958,158140.2,1735243199999,46601.51328,358,72785.4,21486.73182,0,0.79
2024-12-26 20:00:00,0.2958,0.2963,0.2926,0.2933,159124.4,1735246799999,46773.00283,414,80617.9,23687.23484,0,0.79
2024-12-26 21:00:00,0.2937,0.2953,0.2914,0.2953,184758.0,1735250399999,54162.86941,406,88973.6,26112.5206,0,0.79
2024-12-26 22:00:00,0.2952,0.2976,0.2952,0.2973,140372.5,1735253999999,41632.29422,256,96527.9,28640.7207,0,0.79
2024-12-26 23:00:00,0.2965,0.2966,0.2936,0.2955,141727.1,1735257599999,41836.10165,288,56823.7,16765.99794,0,0.79
2024-12-27 00:00:00,0.2958,0.2972,0.2924,0.2947,193604.3,1735261199999,57024.61313,479,94501.6,27829.78697,0,0.74
2024-12-27 01:00:00,0.2946,0.2986,0.2935,0.2966,168418.7,1735264799999,49879.04087,348,106744.2,31597.78319,0,0.74
2024-12-27 02:00:00,0.2965,0.2994,0.2953,0.2958,246351.2,1735268399999,73304.22024,661,126377.4,37588.64091,0,0.74
2024-12-27 03:00:00,0.296,0.2992,0.2953,0.2984,240204.9,1735271999999,71364.38218,853,138894.9,41241.54401,0,0.74
2024-12-27 04:00:00,0.2985,0.3004,0.297,0.2974,179636.4,1735275599999,53702.94441,391,70399.0,21045.00477,0,0.74
2024-12-27 05:00:00,0.2976,0.298,0.2946,0.2969,270272.7,1735279199999,79954.83708,640,149335.6,44192.33977,0,0.74
2024-12-27 06:00:00,0.2972,0.305,0.2968,0.3043,547553.8,1735282799999,164492.77504,1408,354539.3,106588.66952,0,0.74
2024-12-27 07:00:00,0.3043,0.3043,0.2941,0.2969,503570.9,1735286399999,149983.52912,1040,245170.3,72986.82612,0,0.74
2024-12-27 08:00:00,0.2973,0.3029,0.2973,0.3004,323314.1,1735289999999,97408.50308,626,200328.9,60432.88191,0,0.74
2024-12-27 09:00:00,0.3004,0.3121,0.3003,0.3103,826078.2,1735293599999,255388.56321,2122,321849.1,99441.95217,0,0.74
2024-12-27 10:00:00,0.3103,0.3105,0.305,0.3084,364590.6,1735297199999,112102.20223,920,220166.8,67680.12383,0,0.74
2024-12-27 11:00:00,0.3081,0.3095,0.3069,0.3084,231572.5,1735300799999,71369.07042,526,127236.1,39227.27357,0,0.74
2024-12-27 12:00:00,0.3085,0.3092,0.3074,0.308,199809.1,1735304399999,61520.43256,496,83872.6,25821.69203,0,0.74
2024-12-27 13:00:00,0.308,0.3086,0.304,0.3052,105461.1,1735307999999,32238.06132,316,58375.2,17841.93795,0,0.74
2024-12-27 14:00:00,0.3049,0.3051,0.299,0.3025,421866.6,1735311599999,127489.06783,856,250873.9,75775.44049,0,0.74
2024-12-27 15:00:00,0.3024,0.3024,0.2967,0.2987,340565.3,1735315199999,101874.55857,726,189367.8,56671.36805,0,0.74
2024-12-27 16:00:00,0.2991,0.2997,0.2959,0.2984,188258.4,1735318799999,56061.39755,459,79020.4,23528.29101,0,0.74
2024-12-27 17:00:00,0.2984,0.3041,0.2963,0.3039,365663.6,1735322399999,109273.58995,497,162518.7,48541.34257,0,0.74
2024-12-27 18:00:00,0.3036,0.3039,0.3022,0.3036,73923.9,1735325999999,22413.46754,231,33204.9,10072.58989,0,0.74
2024-12-27 19:00:00,0.3035,0.3037,0.3017,0.303,61106.4,1735329599999,18497.14742,292,29236.9,8849.25961,0,0.74
2024-12-27 20:00:00,0.3032,0.304,0.301,0.302,79361.6,1735333199999,23973.97332,352,31265.2,9439.62698,0,0.74
2024-12-27 21:00:00,0.3021,0.3023,0.2981,0.2983,157501.9,1735336799999,47255.04446,278,77107.5,23172.12211,0,0.74
2024-12-27 22:00:00,0.298,0.3005,0.2966,0.2982,178643.8,1735340399999,53336.59483,446,120744.8,36041.81248,0,0.74
2024-12-27 23:00:00,0.2981,0.2995,0.2966,0.2995,156478.8,1735343999999,46644.63551,425,116209.7,34639.84456,0,0.74
2024-12-28 00:00:00,0.2993,0.3022,0.2981,0.3015,295203.8,1735347599999,88636.87921,822,169937.6,51042.76504,0,0.72
2024-12-28 01:00:00,0.3018,0.3025,0.299,0.3016,482028.6,1735351199999,144855.13223,1654,363633.9,109260.2939,0,0.72
2024-12-28 02:00:00,0.3015,0.3075,0.3013,0.3037,670362.6,1735354799999,204609.27428,2416,451496.9,137774.97901,0,0.72
2024-12-28 03:00:00,0.3037,0.3061,0.3028,0.3051,503033.0,1735358399999,153281.8911,1580,193337.6,58886.14696,0,0.72
2024-12-28 04:00:00,0.305,0.305,0.3027,0.3042,221753.0,1735361999999,67332.18231,1329,146895.6,44607.23207,0,0.72
2024-12-28 05:00:00,0.3041,0.3053,0.3038,0.3042,253242.5,1735365599999,77121.29558,615,100571.8,30624.15188,0,0.72
2024-12-28 06:00:00,0.3042,0.3052,0.3009,0.3013,397556.8,1735369199999,120694.65574,1278,220832.4,67105.08911,0,0.72
2024-12-28 07:00:00,0.3012,0.3031,0.3,0.3006,313926.8,1735372799999,94569.45185,558,115097.0,34693.84667,0,0.72
2024-12-28 08:00:00,0.3007,0.3033,0.3006,0.3033,133958.9,1735376399999,40424.89714,451,80813.8,24387.87937,0,0.72
2024-12-28 09:00:00,0.3031,0.3043,0.3022,0.3025,119078.9,1735379999999,36109.59717,496,45087.6,13673.68261,0,0.72
2024-12-28 10:00:00,0.3024,0.3027,0.3001,0.3004,136344.1,1735383599999,41008.9013,488,61025.1,18355.69032,0,0.72
2024-12-28 11:00:00,0.3004,0.3026,0.3002,0.3025,86641.7,1735387199999,26162.75049,285,50652.8,15293.05367,0,0.72
2024-12-28 12:00:00,0.3025,0.3029,0.3008,0.3013,91784.6,1735390799999,27726.18158,303,36155.0,10923.74259,0,0.72
2024-12-28 13:00:00,0.3013,0.3091,0.3013,0.3084,542124.6,1735394399999,166342.76857,1009,291690.4,89519.32483,0,0.72
2024-12-28 14:00:00,0.3087,0.3114,0.3071,0.3076,459138.7,1735397999999,142142.89354,923,250700.8,77712.15499,0,0.72
2024-12-28 15:00:00,0.3078,0.3102,0.3064,0.3068,185904.4,1735401599999,57343.00143,549,79288.5,24459.18466,0,0.72
2024-12-28 16:00:00,0.3068,0.3097,0.306,0.3097,179329.4,1735405199999,55167.0964,395,79540.6,24473.00987,0,0.72
2024-12-28 17:00:00,0.3098,0.3126,0.3092,0.3097,296210.0,1735408799999,91998.88842,593,191967.2,59597.83335,0,0.72
2024-12-28 18:00:00,0.3101,0.3108,0.308,0.3086,136546.3,1735412399999,42198.62288,357,56399.7,17426.6235,0,0.72
2024-12-28 19:00:00,0.3092,0.3098,0.3087,0.3092,57507.6,1735415999999,17787.16045,209,39371.3,12178.46415,0,0.72
2024-12-28 20:00:00,0.3098,0.3098,0.3087,0.3094,75558.1,1735419599999,23352.69176,177,57363.1,17730.41255,0,0.72
2024-12-28 21:00:00,0.3093,0.3108,0.3086,0.3106,175515.7,1735423199999,54349.2205,255,97111.3,30086.7748,0,0.72
2024-12-28 22:00:00,0.3107,0.3143,0.3101,0.313,108479.9,1735426799999,33810.9836,466,51717.7,16118.11789,0,0.72
2024-12-28 23:00:00,0.3129,0.316,0.3115,0.3158,227854.0,1735430399999,71549.2639,577,128235.4,40294.14762,0,0.72
2024-12-29 00:00:00,0.3157,0.3157,0.3113,0.3144,335407.0,1735433999999,105072.52385,971,175620.5,55040.1071,0,0.73
2024-12-29 01:00:00,0.3146,0.3168,0.3106,0.3107,445581.0,1735437599999,139766.91815,1490,233105.7,73193.75486,0,0.73
2024-12-29 02:00:00,0.3109,0.3138,0.3101,0.3135,293651.3,1735441199999,91676.29394,518,141534.3,44215.86793,0,0.73
2024-12-29 03:00:00,0.3135,0.314,0.3108,0.3138,381433.7,1735444799999,118955.3082,606,117925.7,36823.53163,0,0.73
2024-12-29 04:00:00,0.314,0.3142,0.3115,0.3118,105782.7,1735448399999,33077.02225,402,49377.0,15441.57638,0,0.73
2024-12-29 05:00:00,0.3119,0.312,0.3106,0.3109,80475.2,1735451999999,25032.24197,305,36646.4,11402.8138,0,0.73
2024-12-29 06:00:00,0.3112,0.313,0.3095,0.3124,241688.1,1735455599999,75114.73002,457,98595.6,30694.59851,0,0.73
2024-12-29 07:00:00,0.3124,0.313,0.3108,0.3128,128721.9,1735459199999,40145.95559,349,53988.2,16853.2741,0,0.73
2024-12-29 08:00:00,0.3129,0.3135,0.3104,0.3108,145978.8,1735462799999,45481.19231,361,58401.2,18185.8997,0,0.73
2024-12-29 09:00:00,0.3108,0.3115,0.3097,0.3113,174007.9,1735466399999,54062.36116,415,97906.6,30425.07171,0,0.73
2024-12-29 10:00:00,0.3113,0.3123,0.3109,0.3112,154969.3,1735469999999,48269.99238,352,83020.6,25868.27069,0,0.73
2024-12-29 11:00:00,0.3114,0.3115,0.3086,0.3086,360941.5,1735473599999,111760.49308,510,158187.1,48971.54044,0,0.73
2024-12-29 12:00:00,0.3087,0.3093,0.3043,0.3048,1421290.0,1735477199999,435127.35271,1579,775541.8,237443.03617,0,0.73
2024-12-29 13:00:00,0.3051,0.3073,0.3042,0.3067,219149.9,1735480799999,66951.20841,482,99524.3,30406.53735,0,0.73
2024-12-29 14:00:00,0.3069,0.3094,0.3024,0.3044,504952.5,1735484399999,154177.56761,1449,289420.3,88415.14916,0,0.73
2024-12-29 15:00:00,0.3042,0.3049,0.3027,0.3034,280660.0,1735487999999,85139.8375,603,72407.7,22003.2856,0,0.73
2024-12-29 16:00:00,0.3034,0.304,0.3001,0.3004,175232.0,1735491599999,52784.73007,516,100142.2,30166.91086,0,0.73
2024-12-29 17:00:00,0.3005,0.3021,0.3,0.3006,213010.5,1735495199999,64015.07192,709,153848.3,46228.04812,0,0.73
2024-12-29 18:00:00,0.3006,0.3006,0.298,0.2991,652147.9,1735498799999,194734.8973,696,217136.4,64870.91922,0,0.73
2024-12-29 19:00:00,0.2992,0.3001,0.2982,0.2986,241957.0,1735502399999,72394.18311,483,153271.4,45871.93602,0,0.73
2024-12-29 20:00:00,0.2987,0.2992,0.2958,0.299,177852.9,1735505999999,52860.27602,409,72695.8,21619.21628,0,0.73
2024-12-29 21:00:00,0.2991,0.3,0.2965,0.2974,206194.6,1735509599999,61500.12842,656,123842.6,36954.05025,0,0.73
2024-12-29 22:00:00,0.2974,0.2982,0.295,0.2962,327086.6,1735513199999,96986.41932,1514,216313.4,64119.22916,0,0.73
2024-12-29 23:00:00,0.2962,0.2983,0.2951,0.2977,138925.4,1735516799999,41214.27384,416,88923.6,26376.64317,0,0.73
2024-12-30 00:00:00,0.2979,0.3009,0.2959,0.2993,255125.0,1735520399999,76174.315,598,116008.4,34637.84384,0,0.65
2024-12-30 01:00:00,0.2998,0.3055,0.2992,0.3029,221228.0,1735523999999,66991.96312,516,108976.1,33003.59145,0,0.65
2024-12-30 02:00:00,0.303,0.3087,0.3014,0.308,1089138.5,1735527599999,332121.79818,2313,615549.8,187740.83576,0,0.65
2024-12-30 03:00:00,0.3081,0.382,0.307,0.3775,36723875.8,1735531199999,12797934.57166,74356,18880503.8,6558968.56391,0,0.65
2024-12-30 04:00:00,0.3775,0.3782,0.3597,0.3658,13224315.8,1735534799999,4880101.34764,27572,6413384.6,2365702.37212,0,0.65
2024-12-30 05:00:00,0.3654,0.4122,0.3625,0.4064,26696731.1,1735538399999,10434130.72532,47073,14177965.0,5542684.54919,0,0.65
2024-12-30 06:00:00,0.4066,0.407,0.3779,0.3836,14830365.6,1735541999999,5773954.11581,27451,6583117.9,2565186.00236,0,0.65
2024-12-30 07:00:00,0.3837,0.3929,0.3758,0.381,8174559.1,1735545599999,3142624.79506,18623,4142596.4,1594399.30588,0,0.65
2024-12-30 08:00:00,0.3808,0.39,0.3753,0.3892,6858337.1,1735549199999,2613113.57321,14249,3588062.0,1367357.27568,0,0.65
2024-12-30 09:00:00,0.3891,0.3998,0.38,0.3822,8920150.7,1735552799999,3475350.33555,17794,4145729.2,1614707.81525,0,0.65
2024-12-30 10:00:00,0.3822,0.3896,0.3737,0.3807,8191102.0,1735556399999,3121472.50408,16776,4236402.2,1614156.78624,0,0.65
2024-12-30 11:00:00,0.3807,0.3941,0.3803,0.382,8152542.0,1735559999999,3157725.2607,15752,3813766.3,1477188.91857,0,0.65
2024-12-30 12:00:00,0.3826,0.3879,0.3641,0.3656,9106180.1,1735563599999,3409037.14614,18295,3963509.3,1485193.51199,0,0.65
2024-12-30 13:00:00,0.3655,0.3793,0.3612,0.363,10051151.1,1735567199999,3710454.27273,21705,4878337.8,1802167.91953,0,0.65
2024-12-30 14:00:00,0.363,0.3686,0.3504,0.3522,10731745.0,1735570799999,3842586.77616,20979,5183453.1,1855161.86862,0,0.65
2024-12-30 15:00:00,0.3529,0.3612,0.35,0.3604,5027937.0,1735574399999,1789081.03869,11310,2727183.2,970920.87701,0,0.65
2024-12-30 16:00:00,0.3601,0.3603,0.3373,0.3377,7842531.2,1735577999999,2722050.39973,14732,3533859.3,1226545.51096,0,0.65
2024-12-30 17:00:00,0.3378,0.352,0.3378,0.3511,3490142.5,1735581599999,1201790.34126,7556,1633140.1,562418.38488,0,0.65
2024-12-30 18:00:00,0.3509,0.3687,0.3498,0.3675,5263457.5,1735585199999,1893132.76298,10932,2662007.2,957142.91298,0,0.65
2024-12-30 19:00:00,0.3673,0.3733,0.3623,0.3644,4332336.7,1735588799999,1598448.58087,8724,1938883.2,715907.89492,0,0.65
2024-12-30 20:00:00,0.3644,0.3658,0.3586,0.3604,2331496.5,1735592399999,843496.77975,5763,1395347.2,504972.35796,0,0.65
2024-12-30 21:00:00,0.3604,0.3626,0.3485,0.3507,2525937.6,1735595999999,898404.42368,5107,1414590.2,503644.57641,0,0.65
2024-12-30 22:00:00,0.3506,0.39,0.3502,0.3833,8285732.1,1735599599999,3084405.446,19359,4447583.0,1656160.31524,0,0.65
2024-12-30 23:00:00,0.3831,0.403,0.353,0.3588,17188162.5,1735603199999,6506832.44987,31577,8185721.0,3108709.94974,0,0.65
2024-12-31 00:00:00,0.3587,0.3822,0.3464,0.3691,17727386.1,1735606799999,6407058.68179,37768,8979644.9,3242853.57138,0,0.64
2024-12-31 01:00:00,0.3691,0.3905,0.3588,0.3769,12187806.8,1735610399999,4593185.70836,26938,6419187.1,2419942.62603,0,0.64
2024-12-31 02:00:00,0.3768,0.379,0.3688,0.3719,3930778.1,1735613999999,1469971.5952,8391,1952673.3,730054.61739,0,0.64
2024-12-31 03:00:00,0.3723,0.375,0.3572,0.3701,4611728.3,1735617599999,1688348.43125,8943,2283992.6,835756.22165,0,0.64
2024-12-31 04:00:00,0.3695,0.3728,0.3656,0.369,2196101.2,1735621199999,811126.78447,4487,1086176.8,401273.00217,0,0.64
2024-12-31 05:00:00,0.3688,0.3727,0.3642,0.3681,2668215.8,1735624799999,980866.79322,4211,1462871.9,537823.65269,0,0.64
2024-12-31 06:00:00,0.3681,0.3718,0.3585,0.3611,2219012.9,1735628399999,810122.93022,4340,1246029.7,454903.15994,0,0.64
2024-12-31 07:00:00,0.3608,0.3634,0.3471,0.3536,4170021.6,1735631999999,1468545.48301,9245,2136606.9,752093.30039,0,0.64
2024-12-31 08:00:00,0.3535,0.354,0.3418,0.3425,8548750.4,1735635599999,2969334.94449,19255,4311557.1,1497725.50943,0,0.64
2024-12-31 09:00:00,0.3425,0.3455,0.3393,0.3454,3687452.0,1735639199999,1259483.95867,7762,1649533.1,563841.96494,0,0.64
2024-12-31 10:00:00,0.3455,0.3458,0.3373,0.3385,1652904.7,1735642799999,562672.80537,2988,667214.8,227246.9794,0,0.64
2024-12-31 11:00:00,0.3385,0.3413,0.3323,0.3338,2586478.0,1735646399999,873399.17176,4029,1000453.6,337704.81348,0,0.64
2024-12-31 12:00:00,0.3338,0.3349,0.3297,0.3316,2217990.2,1735649999999,737491.22936,4065,1191735.3,396184.68565,0,0.64
2024-12-31 13:00:00,0.3316,0.3375,0.3313,0.3353,3287855.1,1735653599999,1101164.04411,5034,1788041.3,598669.19398,0,0.64
2024-12-31 14:00:00,0.3355,0.3379,0.3332,0.3344,1647495.4,1735657199999,553302.01785,2581,728207.4,244638.30678,0,0.64
2024-12-31 15:00:00,0.3344,0.3348,0.3318,0.3339,1032246.5,1735660799999,344212.15987,1891,469968.3,156701.3651,0,0.64
2024-12-31 16:00:00,0.3338,0.336,0.3316,0.3338,1495495.3,1735664399999,499824.34606,2320,670617.6,224243.11355,0,0.64
2024-12-31 17:00:00,0.3335,0.3354,0.327,0.3275,1198043.2,1735667999999,395981.80046,2308,459212.9,151710.46094,0,0.64
2024-12-31 18:00:00,0.3276,0.3307,0.327,0.3287,527363.6,1735671599999,173447.97229,1011,189850.1,62479.98992,0,0.64
2024-12-31 19:00:00,0.3288,0.3304,0.3276,0.3276,743704.9,1735675199999,244824.47383,1162,249189.8,82082.58178,0,0.64
2024-12-31 20:00:00,0.3276,0.33,0.327,0.3285,445420.3,1735678799999,146310.2375,1080,216892.5,71265.33311,0,0.64
2024-12-31 21:00:00,0.3284,0.3309,0.3283,0.3287,699118.5,1735682399999,230555.91385,1269,336990.6,111144.76251,0,0.64
2024-12-31 22:00:00,0.3287,0.3295,0.324,0.3254,2062961.5,1735685999999,674354.33869,3246,930838.9,304313.5904,0,0.64
2024-12-31 23:00:00,0.3255,0.3362,0.3248,0.336,3102639.2,1735689599999,1020371.63035,5542,1419400.4,466682.16396,0,0.64
2025-01-01 00:00:00,0.3359,0.34,0.3276,0.329,6152391.0,1735693199999,2049982.56911,10245,2776020.0,925996.63972,0,0.66
2025-01-01 01:00:00,0.3287,0.3287,0.32,0.3202,2080901.4,1735696799999,674950.36997,3960,797861.0,258833.4846,0,0.66
2025-01-01 02:00:00,0.3202,0.322,0.3195,0.3214,997052.4,1735700399999,320087.55991,1973,470710.9,151152.48224,0,0.66
2025-01-01 03:00:00,0.3214,0.3225,0.318,0.3214,936622.6,1735703999999,299940.44132,1794,448593.5,143758.60362,0,0.66
2025-01-01 04:00:00,0.3213,0.3215,0.3191,0.3203,723423.6,1735707599999,231660.83735,1263,419036.3,134169.02664,0,0.66
2025-01-01 05:00:00,0.3203,0.3212,0.3198,0.3201,974382.2,1735711199999,312137.97503,1178,405420.8,129968.87057,0,0.66
2025-01-01 06:00:00,0.3201,0.321,0.3187,0.3199,877538.4,1735714799999,280879.58959,1196,344280.0,110233.24678,0,0.66
2025-01-01 07:00:00,0.3199,0.3208,0.3177,0.3208,1071372.1,1735718399999,342024.6252,2550,475036.5,151692.86762,0,0.66
2025-01-01 08:00:00,0.3206,0.3209,0.317,0.3172,1122463.4,1735721999999,357703.66038,3496,566132.0,180494.0201,0,0.66
2025-01-01 09:00:00,0.3174,0.3175,0.3079,0.3096,1898702.9,1735725599999,593705.07862,3499,729428.9,227988.89604,0,0.66
2025-01-01 10:00:00,0.3095,0.3132,0.3092,0.3115,702683.5,1735729199999,218774.56944,1252,400205.6,124602.96235,0,0.66
2025-01-01 11:00:00,0.3116,0.3146,0.3111,0.3137,784754.6,1735732799999,245041.8236,1649,435705.5,136058.01351,0,0.66
2025-01-01 12:00:00,0.3135,0.3171,0.3133,0.3159,818515.4,1735736399999,258325.55961,1501,457531.7,144398.01173,0,0.66
2025-01-01 13:00:00,0.3158,0.3167,0.3125,0.3167,636531.4,1735739999999,200114.65434,1266,317467.5,99760.66327,0,0.66
2025-01-01 14:00:00,0.3168,0.32,0.3152,0.3179,1118725.4,1735743599999,355892.35565,2692,650102.2,206863.47708,0,0.66
2025-01-01 15:00:00,0.3181,0.3261,0.3178,0.323,2216622.4,1735747199999,713931.97526,3539,1394963.3,449193.26131,0,0.66
2025-01-01 16:00:00,0.323,0.3237,0.3166,0.3173,1306546.3,1735750799999,416738.94073,3695,585970.5,186791.39574,0,0.66
2025-01-01 17:00:00,0.3173,0.3191,0.3152,0.3181,662869.0,1735754399999,210406.79597,1418,372057.2,118124.95649,0,0.66
2025-01-01 18:00:00,0.3182,0.3234,0.316,0.3232,873877.2,1735757999999,279401.09655,1830,442877.4,141348.05001,0,0.66
2025-01-01 19:00:00,0.3229,0.3253,0.3211,0.3252,1006256.3,1735761599999,325183.90646,2120,357825.8,115647.00281,0,0.66
2025-01-01 20:00:00,0.3253,0.3272,0.3239,0.3263,1348174.8,1735765199999,439118.88292,2600,884650.2,288335.62333,0,0.66
2025-01-01 21:00:00,0.3262,0.3263,0.3233,0.3239,817870.6,1735768799999,265450.79985,1396,322696.0,104706.43159,0,0.66
2025-01-01 22:00:00,0.3239,0.3241,0.3219,0.3225,777675.0,1735772399999,251093.34338,1875,447264.1,144433.25878,0,0.66
2025-01-01 23:00:00,0.3224,0.3246,0.3219,0.3235,994390.9,1735775999999,321579.79575,1944,542537.1,175507.75597,0,0.66
2025-01-02 00:00:00,0.3235,0.3246,0.3174,0.3218,3074819.1,1735779599999,985081.11487,6029,1299547.7,416733.98285,0,0.7
2025-01-02 01:00:00,0.3221,0.3241,0.3174,0.3188,1138567.6,1735783199999,364721.2038,2528,471157.1,150952.45156,0,0.7
2025-01-02 02:00:00,0.3189,0.3244,0.3186,0.3212,2840665.3,1735786799999,915306.35325,3308,1168991.7,376451.14767,0,0.7
2025-01-02 03:00:00,0.3212,0.3258,0.3212,0.3225,1543196.2,1735790399999,499225.30351,2372,692062.2,223930.17774,0,0.7
2025-01-02 04:00:00,0.3226,0.3253,0.3208,0.3244,680111.0,1735793999999,220050.66926,1446,265301.9,85826.7732,0,0.7
2025-01-02 05:00:00,0.3244,0.3268,0.3218,0.3256,1589387.1,1735797599999,516348.43639,2215,725495.6,235611.41396,0,0.7
2025-01-02 06:00:00,0.3258,0.3264,0.3212,0.3225,552954.0,1735801199999,178866.97513,1181,235499.7,76160.96832,0,0.7
2025-01-02 07:00:00,0.3227,0.325,0.322,0.3241,416797.1,1735804799999,134860.30939,993,201248.3,65164.44921,0,0.7
2025-01-02 08:00:00,0.324,0.3292,0.3237,0.3292,1141165.3,1735808399999,371718.65972,1857,487412.0,158881.86406,0,0.7
2025-01-02 09:00:00,0.329,0.3292,0.3255,0.3276,1044378.5,1735811999999,341872.94723,1498,350224.3,114580.31222,0,0.7
2025-01-02 10:00:00,0.3278,0.3298,0.3264,0.3284,1133217.0,1735815599999,371956.57085,1853,617269.9,202714.26612,0,0.7
2025-01-02 11:00:00,0.3287,0.3306,0.3273,0.33,944593.8,1735819199999,310788.17334,1517,658269.2,216622.83687,0,0.7
2025-01-02 12:00:00,0.33,0.3308,0.3278,0.3292,784947.3,1735822799999,258271.40612,1207,332845.1,109546.95474,0,0.7
2025-01-02 13:00:00,0.3291,0.3307,0.3267,0.3269,1212748.1,1735826399999,398284.04146,1884,431149.6,141609.56627,0,0.7
2025-01-02 14:00:00,0.3272,0.333,0.3244,0.3296,1397304.1,1735829999999,458989.47847,2947,641519.9,210891.70092,0,0.7
2025-01-02 15:00:00,0.3295,0.3322,0.3282,0.3322,1103811.8,1735833599999,364546.6892,2445,592563.1,195707.87296,0,0.7
2025-01-02 16:00:00,0.3319,0.3343,0.3291,0.3314,782085.7,1735837199999,259988.76504,1765,417615.2,138770.94575,0,0.7
2025-01-02 17:00:00,0.3312,0.333,0.3275,0.3304,1017633.8,1735840799999,336456.60004,1671,598592.4,198134.046,0,0.7
2025-01-02 18:00:00,0.3304,0.3311,0.328,0.3291,697280.7,1735844399999,229903.83948,1253,282591.4,93121.98957,0,0.7
2025-01-02 19:00:00,0.329,0.3315,0.3278,0.3278,609755.8,1735847999999,200944.23442,893,396345.0,130719.51331,0,0.7
2025-01-02 20:00:00,0.328,0.3293,0.3257,0.3271,537664.5,1735851599999,176171.3225,1044,208980.1,68493.61598,0,0.7
2025-01-02 21:00:00,0.3272,0.3281,0.3262,0.3274,568469.9,1735855199999,186007.34039,1104,362142.7,118505.58194,0,0.7
2025-01-02 22:00:00,0.3274,0.3283,0.3247,0.3274,271083.8,1735858799999,88595.06491,498,107127.4,34994.57876,0,0.7
2025-01-02 23:00:00,0.3272,0.3301,0.3265,0.3294,619760.2,1735862399999,203803.04829,1616,333222.5,109630.5323,0,0.7
2025-01-03 00:00:00,0.3293,0.3333,0.3258,0.327,3343095.6,1735865999999,1099047.28916,8193,1757645.9,578008.06941,0,0.74
2025-01-03 01:00:00,0.3273,0.3278,0.3242,0.3267,641510.4,1735869599999,209105.42281,964,234590.7,76491.89426,0,0.74
2025-01-03 02:00:00,0.3268,0.3294,0.3257,0.3262,417798.8,1735873199999,136972.99745,889,138448.1,45383.74736,0,0.74
2025-01-03 03:00:00,0.3264,0.3272,0.3248,0.3272,258113.1,1735876799999,84134.78374,592,125517.1,40934.47044,0,0.74
2025-01-03 04:00:00,0.3264,0.3267,0.3238,0.3242,385083.1,1735880399999,125240.43402,565,131185.3,42646.18436,0,0.74
2025-01-03 05:00:00,0.3246,0.3246,0.3227,0.3237,164979.8,1735883999999,53355.59462,453,77898.2,25198.29448,0,0.74
2025-01-03 06:00:00,0.3237,0.3265,0.3237,0.3243,525767.9,1735887599999,170791.02651,1167,361892.6,117568.95634,0,0.74
2025-01-03 07:00:00,0.3244,0.3248,0.3213,0.3231,675470.5,1735891199999,218146.57898,2685,318569.2,102890.67681,0,0.74
2025-01-03 08:00:00,0.3231,0.3273,0.3231,0.3253,407770.9,1735894799999,132712.39988,1999,199899.1,65106.59984,0,0.74
2025-01-03 09:00:00,0.3256,0.33,0.3255,0.3283,625618.7,1735898399999,205758.06667,2968,299904.4,98620.18023,0,0.74
2025-01-03 10:00:00,0.3285,0.3338,0.3275,0.3318,1307335.5,1735901999999,432409.79104,4006,565713.2,186987.08642,0,0.74
2025-01-03 11:00:00,0.3319,0.3346,0.3316,0.334,586293.5,1735905599999,195307.49199,2421,290062.0,96666.55818,0,0.74
2025-01-03 12:00:00,0.334,0.3357,0.3324,0.3331,900076.9,1735909199999,300810.09634,3773,485589.5,162330.91563,0,0.74
2025-01-03 13:00:00,0.333,0.335,0.3313,0.334,955512.1,1735912799999,318445.69881,2934,394381.6,131514.56365,0,0.74
2025-01-03 14:00:00,0.3341,0.3396,0.3341,0.339,742728.4,1735916399999,250861.47114,2735,428369.8,144773.08891,0,0.74
2025-01-03 15:00:00,0.3388,0.3416,0.3376,0.3409,873364.2,1735919999999,296886.69136,2069,399569.3,135815.72021,0,0.74
2025-01-03 16:00:00,0.3409,0.3453,0.34,0.3445,790836.6,1735923599999,271102.01196,2422,400988.8,137553.58785,0,0.74
2025-01-03 17:00:00,0.3444,0.346,0.343,0.3436,627188.2,1735927199999,216041.683,2019,255934.6,88193.01653,0,0.74
2025-01-03 18:00:00,0.3435,0.345,0.343,0.3432,372293.1,1735930799999,128040.37564,1415,234039.7,80489.61837,0,0.74
2025-01-03 19:00:00,0.3433,0.3435,0.3407,0.3423,646488.7,1735934399999,221162.62105,1501,184328.8,63054.68535,0,0.74
2025-01-03 20:00:00,0.3424,0.343,0.3402,0.3417,413293.7,1735937999999,141340.28684,1393,190103.8,65037.89401,0,0.74
2025-01-03 21:00:00,0.3416,0.3428,0.3404,0.3407,344853.7,1735941599999,117672.61505,994,140358.6,47899.66498,0,0.74
2025-01-03 22:00:00,0.3407,0.3427,0.3403,0.3419,345138.7,1735945199999,117823.52275,802,221048.7,75455.35929,0,0.74
2025-01-03 23:00:00,0.3419,0.3425,0.3391,0.3402,382977.3,1735948799999,130345.56704,961,116529.5,39659.44847,0,0.74
2025-01-04 00:00:00,0.3403,0.3412,0.335,0.3367,1104286.9,1735952399999,373065.27798,2981,266960.7,90360.2115,0,0.73
2025-01-04 01:00:00,0.3369,0.3391,0.335,0.339,433423.8,1735955999999,146078.26291,823,163668.1,55174.17846,0,0.73
2025-01-04 02:00:00,0.339,0.344,0.3387,0.3436,473063.2,1735959599999,161556.48999,1560,339179.0,115844.95056,0,0.73
2025-01-04 03:00:00,0.3436,0.3464,0.3421,0.3456,419874.0,1735963199999,144577.75686,1959,269275.5,92719.81848,0,0.73
2025-01-04 04:00:00,0.3455,0.3455,0.3417,0.3433,692068.8,1735966799999,237526.54078,1957,316135.6,108515.83704,0,0.73
2025-01-04 05:00:00,0.3434,0.3458,0.3421,0.3452,748426.5,1735970399999,257142.05008,2168,404813.4,139216.29133,0,0.73
2025-01-04 06:00:00,0.3451,0.3484,0.3439,0.3461,754277.3,1735973999999,261395.9912,2435,470483.3,163079.73362,0,0.73
2025-01-04 07:00:00,0.3461,0.3463,0.3442,0.3445,472194.6,1735977599999,163033.04758,1042,194865.7,67272.64511,0,0.73
2025-01-04 08:00:00,0.3446,0.3447,0.3393,0.3401,470721.5,1735981199999,160819.50675,1255,238763.9,81584.15884,0,0.73
2025-01-04 09:00:00,0.3398,0.343,0.3398,0.3415,452316.9,1735984799999,154600.71849,1130,239684.3,81954.76429,0,0.73
2025-01-04 10:00:00,0.3415,0.3419,0.339,0.3409,315488.2,1735988399999,107335.30179,1390,177770.1,60468.14877,0,0.73
2025-01-04 11:00:00,0.3409,0.3421,0.34,0.342,304107.0,1735991999999,103755.72438,1164,139053.9,47446.79422,0,0.73
2025-01-04 12:00:00,0.3422,0.3454,0.3415,0.3449,538791.3,1735995599999,184914.43322,1695,326205.1,111925.72959,0,0.73
2025-01-04 13:00:00,0.3449,0.3467,0.3434,0.3457,427604.5,1735999199999,147494.67435,1328,214692.4,74050.1428,0,0.73
2025-01-04 14:00:00,0.3457,0.3464,0.3442,0.346,260210.1,1736002799999,89853.56835,595,144279.8,49831.24658,0,0.73
2025-01-04 15:00:00,0.3461,0.3462,0.3369,0.3393,654405.7,1736006399999,222726.03424,2075,344559.7,117182.32674,0,0.73
2025-01-04 16:00:00,0.3389,0.3413,0.3385,0.3403,168891.8,1736009999999,57423.72488,630,92453.3,31447.45519,0,0.73
2025-01-04 17:00:00,0.3403,0.3421,0.3397,0.3421,166669.5,1736013599999,56837.57521,780,73367.0,25027.78696,0,0.73
2025-01-04 18:00:00,0.3422,0.3429,0.3408,0.3421,182498.2,1736017199999,62392.04463,644,78175.0,26741.04772,0,0.73
2025-01-04 19:00:00,0.3422,0.3429,0.341,0.3412,108269.6,1736020799999,36997.80148,389,52933.4,18087.47532,0,0.73
2025-01-04 20:00:00,0.3412,0.343,0.3412,0.3424,183346.0,1736024399999,62729.79765,589,74242.9,25383.05265,0,0.73
2025-01-04 21:00:00,0.3423,0.3435,0.341,0.3412,169704.5,1736027999999,58092.66376,558,63830.4,21858.58849,0,0.73
2025-01-04 22:00:00,0.3412,0.3413,0.3396,0.3413,146136.1,1736031599999,49726.20655,350,46565.5,15847.1168,0,0.73
2025-01-04 23:00:00,0.3413,0.3415,0.3398,0.3402,141260.9,1736035199999,48126.39925,439,62799.8,21393.66387,0,0.73
2025-01-05 00:00:00,0.34,0.3403,0.3374,0.3378,525703.3,1736038799999,178077.16314,1451,243410.1,82467.58983,0,0.72
2025-01-05 01:00:00,0.3379,0.3382,0.3345,0.3362,391351.7,1736042399999,131713.02358,1098,180534.1,60752.99413,0,0.72
2025-01-05 02:00:00,0.3365,0.3373,0.3355,0.3371,183236.6,1736045999999,61673.17991,766,89728.8,30197.41996,0,0.72
2025-01-05 03:00:00,0.3371,0.3374,0.3355,0.3362,112310.6,1736049599999,37786.73795,545,60345.9,20297.35848,0,0.72
2025-01-05 04:00:00,0.3366,0.3388,0.3366,0.338,144737.0,1736053199999,48943.37778,698,73430.6,24829.84737,0,0.72
2025-01-05 05:00:00,0.338,0.338,0.3357,0.3369,201121.2,1736056799999,67650.06576,957,98159.7,33031.01081,0,0.72
2025-01-05 06:00:00,0.3368,0.3416,0.3357,0.341,263691.5,1736060399999,89444.65832,1056,141786.3,48105.18892,0,0.72
2025-01-05 07:00:00,0.3412,0.3557,0.3404,0.3497,2627133.3,1736063999999,919122.77017,6950,1708007.4,598244.14004,0,0.72
2025-01-05 08:00:00,0.3496,0.3811,0.3455,0.3626,15238775.2,1736067599999,5528960.21498,44306,8099997.1,2928693.51363,0,0.72
2025-01-05 09:00:00,0.3624,0.3629,0.3552,0.3599,3690267.9,1736071199999,1323660.64164,7087,1726964.7,619486.49267,0,0.72
2025-01-05 10:00:00,0.3597,0.379,0.3595,0.367,9679037.1,1736074799999,3574174.13438,21679,4933273.4,1822305.64766,0,0.72
2025-01-05 11:00:00,0.367,0.3699,0.3625,0.3651,2570120.3,1736078399999,940508.04096,5550,1332140.7,487601.69642,0,0.72
2025-01-05 12:00:00,0.365,0.3748,0.3594,0.3606,3714682.9,1736081999999,1364360.02899,7290,1866248.8,686365.49858,0,0.72
2025-01-05 13:00:00,0.3605,0.3636,0.3541,0.3559,3493342.9,1736085599999,1254243.07424,6599,1784646.8,640995.59353,0,0.72
2025-01-05 14:00:00,0.3557,0.3571,0.3522,0.3555,1678139.8,1736089199999,594616.93894,2520,808371.3,286433.81899,0,0.72
2025-01-05 15:00:00,0.3552,0.3581,0.3532,0.3559,824266.3,1736092799999,293221.04348,1431,387085.5,137723.9894,0,0.72
2025-01-05 16:00:00,0.3559,0.3589,0.3544,0.3573,968131.3,1736096399999,345693.7378,2484,468528.8,167335.34281,0,0.72
2025-01-05 17:00:00,0.3575,0.366,0.3573,0.3638,3039611.8,1736099999999,1102413.15516,5601,1386493.8,502236.09032,0,0.72
2025-01-05 18:00:00,0.3637,0.3686,0.3633,0.3675,1491870.7,1736103599999,545842.81824,3338,659635.9,241468.09121,0,0.72
2025-01-05 19:00:00,0.3675,0.3675,0.3626,0.3631,1287393.9,1736107199999,469056.5983,2145,496851.9,181021.22465,0,0.72
2025-01-05 20:00:00,0.3631,0.3656,0.3608,0.3633,1079755.6,1736110799999,391965.95094,2441,509941.4,185187.07881,0,0.72
2025-01-05 21:00:00,0.3635,0.3688,0.362,0.367,866031.5,1736114399999,317197.45082,1787,551177.5,201881.78141,0,0.72
2025-01-05 22:00:00,0.3666,0.3681,0.3632,0.3633,882170.5,1736117999999,322120.38397,1487,422190.5,154189.60061,0,0.72
2025-01-05 23:00:00,0.3633,0.3691,0.3625,0.368,1050960.7,1736121599999,384676.00238,1994,647914.4,237099.12558,0,0.72
2025-01-06 00:00:00,0.3681,0.3681,0.3569,0.3576,1697819.7,1736125199999,612667.53889,4052,852661.7,307574.93279,0,0.76
2025-01-06 01:00:00,0.3575,0.3609,0.3537,0.3584,701652.0,1736128799999,250367.47842,1697,367262.2,131127.14944,0,0.76
2025-01-06 02:00:00,0.3582,0.362,0.3571,0.36,868076.1,1736132399999,312175.75342,1933,417684.8,150336.35552,0,0.76
2025-01-06 03:00:00,0.36,0.3606,0.3575,0.3583,248699.1,1736135999999,89251.68306,690,116334.1,41763.84914,0,0.76
2025-01-06 04:00:00,0.3586,0.3603,0.3572,0.3581,346800.5,1736139599999,124360.93037,767,195498.3,70085.30323,0,0.76
2025-01-06 05:00:00,0.3585,0.3612,0.3575,0.3598,486995.5,1736143199999,174901.4857,1039,234679.0,84363.4545,0,0.76
2025-01-06 06:00:00,0.3601,0.3629,0.3581,0.3599,588302.0,1736146799999,212155.90015,1295,320875.1,115787.82807,0,0.76
2025-01-06 07:00:00,0.3599,0.3752,0.3579,0.37,4297455.9,1736150399999,1570839.47617,9366,2125387.3,777079.45207,0,0.76
2025-01-06 08:00:00,0.3698,0.3768,0.3672,0.3678,2821325.4,1736153999999,1047681.34513,6988,1297284.8,481838.44854,0,0.76
2025-01-06 09:00:00,0.3679,0.3732,0.3597,0.3615,2099544.2,1736157599999,765887.37115,3084,1036371.1,377882.84018,0,0.76
2025-01-06 10:00:00,0.3619,0.3637,0.3594,0.3631,692000.5,1736161199999,249935.62362,1252,372177.7,134439.47232,0,0.76
2025-01-06 11:00:00,0.3629,0.367,0.3629,0.3658,448846.4,1736164799999,163692.9714,1175,296189.0,108003.56192,0,0.76
2025-01-06 12:00:00,0.3659,0.3704,0.3626,0.3629,1503445.7,1736168399999,551028.33544,3201,828445.1,303956.84126,0,0.76
2025-01-06 13:00:00,0.3631,0.3658,0.3599,0.3656,771571.0,1736171999999,279974.31197,1567,380755.1,138221.79521,0,0.76
2025-01-06 14:00:00,0.3657,0.3674,0.361,0.3656,1102759.3,1736175599999,402072.76255,1802,603810.5,220105.09101,0,0.76
2025-01-06 15:00:00,0.3659,0.3712,0.3656,0.371,824948.8,1736179199999,304455.69619,1537,368687.9,136049.51927,0,0.76
2025-01-06 16:00:00,0.3711,0.3767,0.3707,0.3754,1393817.3,1736182799999,520859.09598,2491,920159.0,344011.135,0,0.76
2025-01-06 17:00:00,0.3755,0.3782,0.3726,0.3771,997662.1,1736186399999,374412.67998,1895,499778.8,187535.31871,0,0.76
2025-01-06 18:00:00,0.3773,0.3804,0.3736,0.3784,569474.7,1736189999999,215044.42445,1525,316760.6,119681.92015,0,0.76
2025-01-06 19:00:00,0.3782,0.3795,0.3749,0.3755,685661.2,1736193599999,258873.05224,1137,384687.7,145370.28066,0,0.76
2025-01-06 20:00:00,0.3752,0.3758,0.3715,0.3727,377472.8,1736197199999,141150.63407,827,182752.7,68333.02614,0,0.76
2025-01-06 21:00:00,0.3726,0.3734,0.3685,0.3703,646953.6,1736200799999,239959.32818,1158,389215.7,144334.86096,0,0.76
2025-01-06 22:00:00,0.3708,0.3711,0.3679,0.3697,204000.9,1736204399999,75334.85191,562,105869.1,39117.03499,0,0.76
2025-01-06 23:00:00,0.3697,0.3712,0.3674,0.3712,289427.6,1736207999999,106825.54699,597,131551.2,48558.15296,0,0.76
2025-01-07 00:00:00,0.3713,0.3908,0.3665,0.3861,10517856.0,1736211599999,3984718.25689,22911,4979406.8,1887788.98352,0,0.78
2025-01-07 01:00:00,0.3861,0.3862,0.3797,0.3829,1627962.9,1736215199999,623712.3836,3318,807326.0,309272.81197,0,0.78
2025-01-07 02:00:00,0.3831,0.3845,0.3745,0.3759,1102630.2,1736218799999,418530.48145,2159,544226.6,206574.32504,0,0.78
2025-01-07 03:00:00,0.3759,0.3762,0.3693,0.3718,1275082.9,1736222399999,474898.80451,2542,675901.8,251889.53045,0,0.78
2025-01-07 04:00:00,0.3716,0.3737,0.3683,0.3684,891936.0,1736225999999,331140.87633,1423,561881.6,208620.49601,0,0.78
2025-01-07 05:00:00,0.3688,0.3698,0.3676,0.3691,498840.9,1736229599999,184018.15183,1000,225087.6,82988.77333,0,0.78
2025-01-07 06:00:00,0.369,0.3731,0.3684,0.3717,501528.2,1736233199999,186310.39114,1165,231343.8,85912.514,0,0.78
2025-01-07 07:00:00,0.3715,0.3722,0.363,0.3631,1100087.2,1736236799999,403581.63109,1924,578078.7,211934.11401,0,0.78
2025-01-07 08:00:00,0.3631,0.3667,0.362,0.365,673001.9,1736240399999,244992.0173,1543,338006.1,123077.25436,0,0.78
2025-01-07 09:00:00,0.365,0.3656,0.3627,0.3637,447742.5,1736243999999,162859.8451,1044,261826.3,95236.89227,0,0.78
2025-01-07 10:00:00,0.3637,0.3645,0.3616,0.3632,297093.4,1736247599999,107814.63881,781,170993.4,62047.48289,0,0.78
2025-01-07 11:00:00,0.3633,0.3645,0.3575,0.3596,1115721.5,1736251199999,401577.7053,2536,403850.8,145365.3529,0,0.78
2025-01-07 12:00:00,0.3598,0.3607,0.3575,0.3594,533039.1,1736254799999,191453.97042,1121,247905.8,89014.7771,0,0.78
2025-01-07 13:00:00,0.3594,0.3634,0.3593,0.363,743413.0,1736258399999,269252.5914,1921,357197.9,129324.01794,0,0.78
2025-01-07 14:00:00,0.3631,0.3652,0.3566,0.3584,559682.3,1736261999999,202403.84384,1405,319650.7,115721.51934,0,0.78
2025-01-07 15:00:00,0.3583,0.3593,0.3421,0.3465,4944372.0,1736265599999,1732936.47542,13147,2428410.6,851498.29534,0,0.78
2025-01-07 16:00:00,0.3463,0.3519,0.3438,0.3486,604881.7,1736269199999,210105.28268,1374,356666.0,123876.14133,0,0.78
2025-01-07 17:00:00,0.3486,0.3528,0.347,0.3486,605607.1,1736272799999,211683.69693,1861,312591.4,109299.70238,0,0.78
2025-01-07 18:00:00,0.3484,0.3502,0.3425,0.3428,1183337.7,1736276399999,407897.31524,1486,353348.7,121774.90856,0,0.78
2025-01-07 19:00:00,0.3427,0.344,0.3378,0.3391,1057383.0,1736279999999,360181.25119,2679,386793.8,131800.69931,0,0.78
2025-01-07 20:00:00,0.3392,0.3402,0.3348,0.3376,445007.7,1736283599999,150396.58489,1216,218835.6,74019.82121,0,0.78
2025-01-07 21:00:00,0.3373,0.3397,0.3329,0.3329,410148.5,1736287199999,137701.15944,1021,192430.9,64655.84446,0,0.78
2025-01-07 22:00:00,0.3328,0.3375,0.332,0.3368,382921.6,1736290799999,128240.2546,1053,191526.6,64148.69484,0,0.78
2025-01-07 23:00:00,0.3367,0.3367,0.3332,0.3338,271960.4,1736294399999,91069.38792,862,141655.7,47415.79059,0,0.78
2025-01-08 00:00:00,0.3339,0.3376,0.3322,0.337,782427.0,1736297999999,262303.14335,1645,398642.2,133666.66497,0,0.7
2025-01-08 01:00:00,0.3368,0.3368,0.3308,0.3337,488710.4,1736301599999,163130.30897,1200,208932.7,69664.37628,0,0.7
2025-01-08 02:00:00,0.3337,0.3371,0.3325,0.3327,301977.2,1736305199999,101288.54337,609,182601.3,61261.11927,0,0.7
2025-01-08 03:00:00,0.3329,0.3334,0.3287,0.3319,688239.4,1736308799999,227820.1346,1286,378038.0,125190.15751,0,0.7
2025-01-08 04:00:00,0.3319,0.332,0.3242,0.3249,1819342.7,1736312399999,596161.87187,2071,723976.8,237292.3335,0,0.7
2025-01-08 05:00:00,0.325,0.3287,0.3237,0.3262,336024.3,1736315999999,109584.06755,1022,174105.9,56775.39669,0,0.7
2025-01-08 06:00:00,0.3262,0.3284,0.3197,0.3197,1083848.9,1736319599999,350780.5856,1813,566558.2,183387.15405,0,0.7
2025-01-08 07:00:00,0.3197,0.3245,0.3196,0.3231,839628.1,1736323199999,269945.42766,2158,288864.7,92880.23941,0,0.7
2025-01-08 08:00:00,0.3231,0.3281,0.3231,0.3265,381216.5,1736326799999,124432.40389,699,148703.8,48524.29977,0,0.7
2025-01-08 09:00:00,0.3264,0.3272,0.3238,0.3238,209880.3,1736330399999,68358.44911,584,59089.8,19273.78637,0,0.7
2025-01-08 10:00:00,0.324,0.3273,0.324,0.3249,201610.7,1736333999999,65664.73959,531,123680.6,40285.53937,0,0.7
2025-01-08 11:00:00,0.3248,0.3251,0.3192,0.3208,522526.7,1736337599999,167812.11471,1234,248791.3,79911.65328,0,0.7
2025-01-08 12:00:00,0.3209,0.3241,0.3194,0.3198,642250.1,1736341199999,206417.58276,1282,420577.6,135165.7915,0,0.7
2025-01-08 13:00:00,0.3203,0.3266,0.3203,0.3266,256769.6,1736344799999,83146.99476,682,127341.1,41226.82519,0,0.7
2025-01-08 14:00:00,0.3265,0.33,0.3256,0.3286,799229.0,1736348399999,261946.6168,1854,377544.7,123724.64395,0,0.7
2025-01-08 15:00:00,0.328,0.3351,0.328,0.335,1477006.9,1736351999999,490363.05584,5058,874200.3,290292.70416,0,0.7
2025-01-08 16:00:00,0.335,0.3391,0.3296,0.3305,1588448.0,1736355599999,531870.18943,4078,777063.1,260348.86371,0,0.7
2025-01-08 17:00:00,0.3303,0.3364,0.3229,0.3363,2811894.9,1736359199999,926913.19723,4954,1396634.4,461029.84086,0,0.7
2025-01-08 18:00:00,0.3363,0.3494,0.3347,0.3437,3641401.6,1736362799999,1243674.77069,5400,1731903.2,590850.02761,0,0.7
2025-01-08 19:00:00,0.3439,0.346,0.3407,0.342,398878.9,1736366399999,136736.07035,966,188589.9,64647.09512,0,0.7
2025-01-08 20:00:00,0.3412,0.3469,0.3409,0.3444,415767.2,1736369999999,143194.65957,1048,208129.7,71724.17769,0,0.7
2025-01-08 21:00:00,0.3443,0.349,0.3393,0.3489,757699.1,1736373599999,260711.6913,1546,379368.6,130696.39165,0,0.7
2025-01-08 22:00:00,0.3487,0.3548,0.3482,0.3519,1047440.4,1736377199999,367690.91205,2161,363231.5,127687.33283,0,0.7
2025-01-08 23:00:00,0.3517,0.3546,0.3487,0.3502,478007.8,1736380799999,168003.41119,1155,265060.6,93157.0125,0,0.7
2025-01-09 00:00:00,0.3501,0.3563,0.3456,0.3524,1844848.0,1736384399999,645806.31899,3951,847296.3,296788.28309,0,0.69
2025-01-09 01:00:00,0.3523,0.3586,0.3511,0.3544,1338412.0,1736387999999,474417.43104,3204,717344.8,254340.36812,0,0.69
2025-01-09 02:00:00,0.3543,0.3577,0.3485,0.3548,904003.9,1736391599999,318430.04294,2502,462676.9,162968.88238,0,0.69
2025-01-09 03:00:00,0.3549,0.3555,0.3496,0.3499,901585.6,1736395199999,318290.94629,2186,509270.8,179911.28576,0,0.69
2025-01-09 04:00:00,0.35,0.3507,0.3459,0.3482,767998.2,1736398799999,267552.58601,1639,374218.2,130446.90221,0,0.69
2025-01-09 05:00:00,0.3483,0.3499,0.3463,0.3483,401051.7,1736402399999,139648.9744,938,222947.1,77676.8558,0,0.69
2025-01-09 06:00:00,0.3484,0.3488,0.3444,0.346,374884.7,1736405999999,129940.25761,1280,133791.3,46410.41313,0,0.69
2025-01-09 07:00:00,0.3459,0.3473,0.3379,0.3386,1055296.0,1736409599999,360793.94359,4535,465072.2,159182.66249,0,0.69
2025-01-09 08:00:00,0.3384,0.3449,0.3382,0.3436,971996.9,1736413199999,331406.73991,3652,420391.7,143321.31248,0,0.69
2025-01-09 09:00:00,0.3435,0.3497,0.3433,0.3481,601351.9,1736416799999,209060.71978,1444,288725.4,100361.59328,0,0.69
2025-01-09 10:00:00,0.3483,0.3537,0.3463,0.3532,1169277.5,1736420399999,409292.47857,3675,610870.5,213919.82433,0,0.69
2025-01-09 11:00:00,0.3532,0.3612,0.3528,0.3603,1969641.6,1736423999999,702481.49812,7268,1139466.4,406528.45096,0,0.69
2025-01-09 12:00:00,0.3599,0.3609,0.3537,0.3556,2401044.0,1736427599999,858963.18812,8425,1320513.6,472881.48019,0,0.69
2025-01-09 13:00:00,0.3556,0.3617,0.3466,0.3468,2104437.0,1736431199999,742931.74843,5908,968729.3,342422.85102,0,0.69
2025-01-09 14:00:00,0.3468,0.3525,0.3442,0.3498,1409243.8,1736434799999,490730.05133,3680,644162.9,224203.59861,0,0.69
2025-01-09 15:00:00,0.3494,0.3592,0.3481,0.3569,1808343.3,1736438399999,641503.96845,3224,1047112.0,371465.66087,0,0.69
2025-01-09 16:00:00,0.3571,0.3622,0.3569,0.3617,982471.5,1736441999999,352876.55821,2812,489433.9,175822.14526,0,0.69
2025-01-09 17:00:00,0.3617,0.3619,0.3484,0.3513,890516.9,1736445599999,315575.28947,2891,369030.5,130612.75561,0,0.69
2025-01-09 18:00:00,0.3514,0.3554,0.3503,0.3536,345285.8,1736449199999,121750.22501,1315,173379.4,61203.67581,0,0.69
2025-01-09 19:00:00,0.3535,0.3541,0.346,0.3467,421754.4,1736452799999,146959.05553,1304,168597.3,58804.43286,0,0.69
2025-01-09 20:00:00,0.3465,0.3477,0.3393,0.3454,1301423.0,1736456399999,446992.64385,3342,609165.1,209566.17675,0,0.69
2025-01-09 21:00:00,0.3454,0.3508,0.3447,0.3461,556100.1,1736459999999,193251.92757,1518,212747.1,73961.86881,0,0.69
2025-01-09 22:00:00,0.3459,0.3563,0.3449,0.3535,439818.3,1736463599999,154634.73309,1466,251139.6,88361.11606,0,0.69
2025-01-09 23:00:00,0.3536,0.3575,0.3519,0.3564,368044.1,1736467199999,130919.95245,1012,221054.2,78634.55392,0,0.69
2025-01-10 00:00:00,0.3564,0.3566,0.3432,0.3443,1678657.5,1736470799999,583702.53256,4309,646130.7,224741.05544,0,0.5
2025-01-10 01:00:00,0.3447,0.3497,0.3372,0.3419,1164974.9,1736474399999,399167.57025,2911,627734.5,215245.45177,0,0.5
2025-01-10 02:00:00,0.3417,0.3458,0.3384,0.3437,599316.7,1736477999999,205287.0479,1701,280604.8,96093.30937,0,0.5
2025-01-10 03:00:00,0.3436,0.3474,0.3404,0.3429,831711.1,1736481599999,285724.31093,2117,365941.7,125826.4386,0,0.5
2025-01-10 04:00:00,0.3428,0.3483,0.339,0.3399,1095592.2,1736485199999,375187.46998,2409,301922.1,103632.86796,0,0.5
2025-01-10 05:00:00,0.3399,0.3437,0.3372,0.3397,1585424.9,1736488799999,537693.99678,3233,532579.3,180779.83549,0,0.5
2025-01-10 06:00:00,0.3399,0.3425,0.3362,0.3423,617331.9,1736492399999,209010.09963,1876,312853.5,106068.16695,0,0.5
2025-01-10 07:00:00,0.3426,0.3483,0.3419,0.3446,1042421.0,1736495999999,360897.15785,2636,496184.8,171733.09444,0,0.5
2025-01-10 08:00:00,0.3443,0.3474,0.3437,0.346,540025.9,1736499599999,186481.58499,1148,302179.3,104337.36595,0,0.5
2025-01-10 09:00:00,0.3462,0.3486,0.3449,0.3461,382678.2,1736503199999,132772.20106,1206,180235.5,62525.88499,0,0.5
2025-01-10 10:00:00,0.3463,0.3473,0.3434,0.3472,362596.8,1736506799999,125307.9351,1262,173006.5,59775.16107,0,0.5
2025-01-10 11:00:00,0.3469,0.3502,0.3436,0.3493,586891.8,1736510399999,203978.19123,2151,281732.4,97911.0017,0,0.5
2025-01-10 12:00:00,0.3494,0.3528,0.347,0.3519,471343.0,1736513999999,164584.74905,1719,243808.8,85126.01406,0,0.5
2025-01-10 13:00:00,0.3517,0.3517,0.3335,0.3385,3020342.7,1736517599999,1024926.00862,8933,1356704.3,459820.53796,0,0.5
2025-01-10 14:00:00,0.338,0.3466,0.3376,0.3428,497692.9,1736521199999,170841.94136,1393,290892.3,99814.37978,0,0.5
2025-01-10 15:00:00,0.3427,0.3438,0.3353,0.3406,531558.4,1736524799999,180301.40223,1818,256788.8,87128.4351,0,0.5
2025-01-10 16:00:00,0.3407,0.3411,0.3334,0.3335,359246.5,1736528399999,121069.7836,1176,165917.1,55936.90539,0,0.5
2025-01-10 17:00:00,0.3335,0.3497,0.3331,0.3494,661120.9,1736531999999,226079.17342,1816,299061.1,102755.36907,0,0.5
2025-01-10 18:00:00,0.3493,0.3497,0.3436,0.3457,454873.4,1736535599999,157641.70736,1128,212965.6,73784.08177,0,0.5
2025-01-10 19:00:00,0.3459,0.3492,0.3432,0.3491,410209.1,1736539199999,142249.98231,933,194380.7,67394.91235,0,0.5
2025-01-10 20:00:00,0.3483,0.3487,0.3428,0.3449,250703.5,1736542799999,86472.72248,811,109776.4,37884.44087,0,0.5
2025-01-10 21:00:00,0.345,0.3456,0.3432,0.3433,144739.8,1736546399999,49837.36555,380,62223.8,21436.9456,0,0.5
2025-01-10 22:00:00,0.3434,0.3441,0.3405,0.3436,395852.7,1736549999999,135433.2135,783,237166.1,81134.46751,0,0.5
2025-01-10 23:00:00,0.3437,0.3454,0.3425,0.3432,311553.8,1736553599999,107179.99697,986,190114.9,65378.06153,0,0.5
2025-01-11 00:00:00,0.3431,0.3539,0.3381,0.3528,2892561.9,1736557199999,1005920.40867,8019,1681650.8,585391.87469,0,0.69
2025-01-11 01:00:00,0.3526,0.3536,0.34,0.3415,1420587.4,1736560799999,490765.99654,3493,577342.4,199833.47298,0,0.69
2025-01-11 02:00:00,0.3416,0.3484,0.3406,0.3475,554832.5,1736564399999,190382.20914,1702,312172.0,107125.2691,0,0.69
2025-01-11 03:00:00,0.3476,0.3476,0.3417,0.3424,347054.4,1736567999999,119461.75016,1145,198047.4,68193.73885,0,0.69
2025-01-11 04:00:00,0.3424,0.3458,0.3406,0.3427,226317.1,1736571599999,77598.05168,819,108944.0,37373.60668,0,0.69
2025-01-11 05:00:00,0.3429,0.3471,0.3422,0.3455,133102.4,1736575199999,45938.43569,498,68940.8,23801.22167,0,0.69
2025-01-11 06:00:00,0.3453,0.3465,0.3443,0.346,172288.1,1736578799999,59491.86838,700,84924.1,29312.90643,0,0.69
2025-01-11 07:00:00,0.3459,0.3504,0.3459,0.3473,434364.6,1736582399999,151194.48899,1224,208589.1,72587.06289,0,0.69
2025-01-11 08:00:00,0.3473,0.3497,0.3425,0.3438,620552.5,1736585999999,214342.93084,1672,286088.0,98814.69413,0,0.69
2025-01-11 09:00:00,0.3438,0.3452,0.3421,0.3434,574571.0,1736589599999,197462.90366,2460,324526.4,111550.47663,0,0.69
2025-01-11 10:00:00,0.3436,0.3459,0.3433,0.3453,531962.0,1736593199999,183331.84227,2186,310655.3,107066.97556,0,0.69
2025-01-11 11:00:00,0.3456,0.3479,0.3442,0.3444,492969.2,1736596799999,170683.64734,1906,288558.8,99902.74948,0,0.69
2025-01-11 12:00:00,0.3442,0.346,0.3429,0.346,294105.6,1736600399999,101210.16479,997,167303.7,57566.69407,0,0.69
2025-01-11 13:00:00,0.346,0.3483,0.3436,0.3445,221585.1,1736603999999,76577.70057,711,111801.8,38642.51865,0,0.69
2025-01-11 14:00:00,0.3446,0.3475,0.3423,0.3475,321055.9,1736607599999,110571.69768,1292,179240.6,61687.62618,0,0.69
2025-01-11 15:00:00,0.3474,0.3474,0.3428,0.3431,251585.5,1736611199999,86655.04198,1254,152514.4,52495.68496,0,0.69
2025-01-11 16:00:00,0.3439,0.3446,0.3408,0.3435,423569.5,1736614799999,144978.20075,1800,241343.0,82618.7692,0,0.69
2025-01-11 17:00:00,0.3431,0.3431,0.3393,0.3405,352857.6,1736618399999,120143.42843,1286,166542.7,56679.11153,0,0.69
2025-01-11 18:00:00,0.3408,0.3418,0.3394,0.3407,137005.8,1736621999999,46681.92819,589,78384.9,26695.09094,0,0.69
2025-01-11 19:00:00,0.3407,0.3415,0.3394,0.3409,140795.4,1736625599999,47912.53849,684,98401.2,33479.63316,0,0.69
2025-01-11 20:00:00,0.3409,0.3498,0.3405,0.3486,230905.7,1736629199999,79993.9277,696,117174.5,40582.62199,0,0.69
2025-01-11 21:00:00,0.3488,0.3546,0.3487,0.3528,651492.5,1736632799999,229338.33409,2447,312971.8,110170.57323,0,0.69
2025-01-11 22:00:00,0.3532,0.3539,0.3497,0.3513,388033.9,1736636399999,136747.24085,1531,196868.3,69360.69352,0,0.69
2025-01-11 23:00:00,0.3514,0.3523,0.3477,0.3479,484483.2,1736639999999,169048.87803,1087,235189.1,82045.10433,0,0.69
2025-01-12 00:00:00,0.348,0.3535,0.3448,0.3511,1006446.0,1736643599999,351398.20652,3844,485202.9,169373.78578,0,0.62
2025-01-12 01:00:00,0.3512,0.3566,0.3501,0.3546,986486.2,1736647199999,349353.03951,3027,649873.2,230251.07474,0,0.62
2025-01-12 02:00:00,0.3546,0.358,0.3529,0.354,719220.7,1736650799999,255580.92562,3044,431058.3,153245.87875,0,0.62
2025-01-12 03:00:00,0.3543,0.3557,0.3519,0.3533,326446.1,1736654399999,115487.96481,724,192745.4,68160.56563,0,0.62
2025-01-12 04:00:00,0.3535,0.3541,0.3506,0.3515,244785.0,1736657999999,86276.4903,931,111359.6,39256.71435,0,0.62
2025-01-12 05:00:00,0.3517,0.3528,0.3486,0.3494,255441.4,1736661599999,89503.54298,1092,90505.0,31747.39963,0,0.62
2025-01-12 06:00:00,0.3495,0.3502,0.3423,0.3424,371135.3,1736665199999,128026.31884,986,96118.7,33218.22984,0,0.62
2025-01-12 07:00:00,0.3424,0.3428,0.3404,0.3428,318063.2,1736668799999,108647.20647,837,136485.4,46621.46698,0,0.62
2025-01-12 08:00:00,0.3428,0.3432,0.3362,0.3379,748522.7,1736672399999,254080.76261,1564,205052.8,69497.0032,0,0.62
2025-01-12 09:00:00,0.3381,0.3395,0.3364,0.3371,423490.8,1736675999999,143134.95835,1285,177675.8,60074.42145,0,0.62
2025-01-12 10:00:00,0.3371,0.3381,0.3352,0.3381,206987.3,1736679599999,69691.28843,776,85054.4,28647.83385,0,0.62
2025-01-12 11:00:00,0.3381,0.3395,0.3368,0.339,116368.6,1736683199999,39360.17973,561,58458.2,19768.23555,0,0.62
2025-01-12 12:00:00,0.3391,0.3422,0.3375,0.3378,320129.4,1736686799999,108930.07028,976,113730.6,38697.65078,0,0.62
2025-01-12 13:00:00,0.3379,0.3393,0.337,0.3383,357895.6,1736690399999,120941.00147,1125,129129.0,43657.92601,0,0.62
2025-01-12 14:00:00,0.3386,0.3405,0.3357,0.336,215733.1,1736693999999,73030.68755,746,72820.4,24650.75135,0,0.62
2025-01-12 15:00:00,0.3365,0.3413,0.336,0.3404,129891.4,1736697599999,44036.7619,511,66875.1,22645.88493,0,0.62
2025-01-12 16:00:00,0.3404,0.3449,0.3376,0.343,448372.7,1736701199999,153181.39317,1376,185370.5,63300.92838,0,0.62
2025-01-12 17:00:00,0.3432,0.3432,0.3394,0.3409,152089.8,1736704799999,51923.41815,655,65986.8,22518.815,0,0.62
2025-01-12 18:00:00,0.3409,0.3462,0.3385,0.3387,536015.1,1736708399999,184029.59611,1491,263147.4,90298.85054,0,0.62
2025-01-12 19:00:00,0.3393,0.34,0.3376,0.3388,139829.6,1736711999999,47338.61877,434,80412.4,27222.16359,0,0.62
2025-01-12 20:00:00,0.3389,0.3397,0.336,0.3371,169876.0,1736715599999,57368.17095,386,77158.0,26073.75311,0,0.62
2025-01-12 21:00:00,0.3373,0.3379,0.3342,0.3347,197538.8,1736719199999,66311.57753,615,115025.4,38604.45886,0,0.62
2025-01-12 22:00:00,0.3346,0.3348,0.3311,0.3321,462550.9,1736722799999,153762.89461,1132,183751.9,61050.49439,0,0.62
2025-01-12 23:00:00,0.3323,0.3355,0.3323,0.3352,118936.2,1736726399999,39681.27962,482,75668.1,25247.73913,0,0.62
2025-01-13 00:00:00,0.335,0.3429,0.3328,0.34,1178313.5,1736729999999,398993.51593,4000,411985.6,139239.5015,0,0.61
2025-01-13 01:00:00,0.34,0.3407,0.3324,0.3328,286849.8,1736733599999,96437.16302,1301,159186.2,53491.00311,0,0.61
2025-01-13 02:00:00,0.3331,0.3342,0.3235,0.3254,583738.2,1736737199999,191368.65487,1609,233827.0,76770.70153,0,0.61
2025-01-13 03:00:00,0.3254,0.3278,0.321,0.3221,340782.8,1736740799999,110344.36575,1006,114834.2,37215.21044,0,0.61
2025-01-13 04:00:00,0.3219,0.3268,0.3213,0.3245,291291.3,1736744399999,94341.34282,739,161786.0,52421.61975,0,0.61
2025-01-13 05:00:00,0.324,0.3247,0.3195,0.3204,337796.4,1736747999999,108533.1614,721,135648.5,43582.12863,0,0.61
2025-01-13 06:00:00,0.3205,0.3219,0.315,0.3165,387485.8,1736751599999,123128.35712,992,192731.2,61288.50982,0,0.61
2025-01-13 07:00:00,0.3167,0.3192,0.3155,0.3175,251359.8,1736755199999,79769.19597,525,161540.4,51289.71142,0,0.61
2025-01-13 08:00:00,0.3178,0.3179,0.3114,0.3126,413075.3,1736758799999,129622.80284,975,210181.4,66050.80577,0,0.61
2025-01-13 09:00:00,0.3125,0.3135,0.3075,0.3103,770878.7,1736762399999,239261.60199,1298,347157.1,107759.04494,0,0.61
2025-01-13 10:00:00,0.3103,0.3103,0.3048,0.3062,898970.5,1736765999999,276295.87962,2826,349494.2,107459.83014,0,0.61
2025-01-13 11:00:00,0.306,0.3071,0.3013,0.3014,778085.0,1736769599999,236457.02112,1827,260175.7,79254.61416,0,0.61
2025-01-13 12:00:00,0.3017,0.3047,0.2999,0.3031,632612.5,1736773199999,191212.23989,1307,209170.0,63228.45858,0,0.61
2025-01-13 13:00:00,0.3032,0.3087,0.3015,0.3024,486832.1,1736776799999,148901.39923,1287,309726.8,94741.05879,0,0.61
2025-01-13 14:00:00,0.3024,0.3076,0.2939,0.3047,2176143.6,1736780399999,653476.84462,5158,924318.1,277759.13132,0,0.61
2025-01-13 15:00:00,0.3048,0.3125,0.3038,0.3093,1040463.3,1736783999999,322654.48419,2414,681192.5,211261.81194,0,0.61
2025-01-13 16:00:00,0.3094,0.31,0.3031,0.3031,320244.7,1736787599999,98312.43425,672,169763.3,52126.79307,0,0.61
2025-01-13 17:00:00,0.303,0.3066,0.3015,0.3024,256007.6,1736791199999,77931.12284,514,176527.2,53749.28284,0,0.61
2025-01-13 18:00:00,0.3026,0.3052,0.2978,0.3027,583753.8,1736794799999,175560.13879,901,164913.3,49617.80262,0,0.61
2025-01-13 19:00:00,0.3022,0.3065,0.3001,0.3051,914853.0,1736798399999,278225.61333,1653,665729.4,202467.86037,0,0.61
2025-01-13 20:00:00,0.3051,0.3176,0.3029,0.317,613458.2,1736801999999,190555.90136,1589,374308.8,116028.48659,0,0.61
2025-01-13 21:00:00,0.3171,0.3244,0.3144,0.3243,538791.4,1736805599999,171434.29613,1292,268244.6,85283.14165,0,0.61
2025-01-13 22:00:00,0.3244,0.3271,0.3207,0.3211,488081.1,1736809199999,158297.83109,1582,207269.2,67253.71459,0,0.61
2025-01-13 23:00:00,0.3213,0.3227,0.3202,0.3203,358292.2,1736812799999,115201.93657,781,152783.2,49122.91649,0,0.61
2025-01-14 00:00:00,0.3205,0.3206,0.3162,0.3168,483855.7,1736816399999,153899.89479,1629,178375.0,56721.12454,0,0.63
2025-01-14 01:00:00,0.3168,0.3211,0.3152,0.3158,182818.5,1736819999999,58235.97992,602,87446.7,27855.9233,0,0.63
2025-01-14 02:00:00,0.3161,0.3215,0.3158,0.3174,350153.5,1736823599999,112053.1129,512,239799.7,76790.03545,0,0.63
2025-01-14 03:00:00,0.3178,0.3196,0.3169,0.3171,361213.3,1736827199999,115064.36033,457,226773.9,72258.45931,0,0.63
2025-01-14 04:00:00,0.3176,0.3208,0.3176,0.3203,140755.7,1736830799999,44918.86123,343,65651.4,20929.43925,0,0.63
2025-01-14 05:00:00,0.3203,0.3232,0.3174,0.3178,315448.7,1736834399999,101244.41368,864,178779.7,57437.04132,0,0.63
2025-01-14 06:00:00,0.3179,0.3212,0.3176,0.3206,122819.6,1736837999999,39220.60519,347,72358.4,23108.48132,0,0.63
2025-01-14 07:00:00,0.3209,0.3217,0.3183,0.3187,112096.5,1736841599999,35885.37915,279,56202.7,17998.45151,0,0.63
2025-01-14 08:00:00,0.3193,0.3234,0.3193,0.3228,232544.4,1736845199999,74903.43991,592,96258.0,31004.49719,0,0.63
2025-01-14 09:00:00,0.3225,0.3318,0.3223,0.3302,464177.3,1736848799999,152172.06924,1834,266362.7,87301.9803,0,0.63
2025-01-14 10:00:00,0.3301,0.3327,0.3285,0.331,404684.4,1736852399999,133806.35147,1433,174188.5,57618.71841,0,0.63
2025-01-14 11:00:00,0.3314,0.3314,0.3269,0.3301,304293.9,1736855999999,100022.51709,859,158326.2,52040.55457,0,0.63
2025-01-14 12:00:00,0.3303,0.3307,0.326,0.3263,201748.5,1736859599999,66086.23648,529,93689.5,30651.30108,0,0.63
2025-01-14 13:00:00,0.3264,0.3336,0.3252,0.3289,1158598.6,1736863199999,382795.05937,3148,639270.5,211045.45676,0,0.63
2025-01-14 14:00:00,0.3291,0.3326,0.327,0.3297,315262.8,1736866799999,104058.28724,724,181238.6,59820.05691,0,0.63
2025-01-14 15:00:00,0.3294,0.332,0.3289,0.3296,153336.0,1736870399999,50681.49005,337,61445.4,20309.84752,0,0.63
2025-01-14 16:00:00,0.3292,0.3314,0.326,0.3304,626968.4,1736873999999,206465.116,1373,326421.1,107513.00747,0,0.63
2025-01-14 17:00:00,0.33,0.3332,0.3296,0.3315,221445.8,1736877599999,73315.13921,553,98656.5,32678.9416,0,0.63
2025-01-14 18:00:00,0.3315,0.3326,0.3301,0.3317,323466.2,1736881199999,107269.52963,628,207891.0,68927.28202,0,0.63
2025-01-14 19:00:00,0.3317,0.3335,0.3306,0.3312,169660.6,1736884799999,56363.56429,409,81835.0,27187.15335,0,0.63
2025-01-14 20:00:00,0.3316,0.3319,0.3286,0.3314,153368.1,1736888399999,50643.35034,372,60347.6,19935.6735,0,0.63
2025-01-14 21:00:00,0.3314,0.3328,0.3303,0.3309,106772.1,1736891999999,35395.25761,299,53222.2,17649.59589,0,0.63
2025-01-14 22:00:00,0.3309,0.3339,0.3309,0.3335,108274.9,1736895599999,36030.36741,287,64016.2,21291.90989,0,0.63
2025-01-14 23:00:00,0.3333,0.3334,0.3314,0.3321,112470.6,1736899199999,37392.98466,379,42936.2,14270.92573,0,0.63
2025-01-15 00:00:00,0.3321,0.3341,0.3302,0.3323,259260.3,1736902799999,86160.88893,823,127357.6,42352.21132,0,0.7
2025-01-15 01:00:00,0.3316,0.3327,0.3277,0.3283,520527.9,1736906399999,171604.18485,1082,272538.3,89841.13004,0,0.7
2025-01-15 02:00:00,0.3287,0.3297,0.3252,0.3255,373306.5,1736909999999,122152.36499,859,210412.6,68851.2754,0,0.7
2025-01-15 03:00:00,0.3255,0.3277,0.3248,0.3277,82906.8,1736913599999,27014.26352,295,36116.5,11770.58146,0,0.7
2025-01-15 04:00:00,0.3278,0.3288,0.3254,0.3272,123591.3,1736917199999,40452.65918,250,63667.0,20830.22236,0,0.7
2025-01-15 05:00:00,0.327,0.3291,0.3255,0.3286,65063.7,1736920799999,21278.83267,213,39531.1,12935.40532,0,0.7
2025-01-15 06:00:00,0.3286,0.3288,0.3266,0.3287,66082.8,1736924399999,21679.15163,203,24194.4,7931.49159,0,0.7
2025-01-15 07:00:00,0.3288,0.3312,0.3282,0.3283,162800.4,1736927999999,53708.28681,473,70142.5,23129.36312,0,0.7
2025-01-15 08:00:00,0.3289,0.3307,0.328,0.3282,157642.6,1736931599999,51928.89321,345,91142.9,30031.37533,0,0.7
2025-01-15 09:00:00,0.3279,0.3283,0.3215,0.3222,303173.4,1736935199999,98203.71767,820,144606.2,46722.45852,0,0.7
2025-01-15 10:00:00,0.3222,0.3246,0.3222,0.3228,201000.4,1736938799999,65049.26068,795,102952.2,33333.99482,0,0.7
2025-01-15 11:00:00,0.3231,0.3231,0.3197,0.3221,284544.3,1736942399999,91297.74198,727,140260.3,45003.09192,0,0.7
2025-01-15 12:00:00,0.3226,0.3241,0.3208,0.323,306806.3,1736945999999,98980.74229,746,167227.6,53964.50775,0,0.7
2025-01-15 13:00:00,0.3229,0.335,0.3229,0.335,1386283.9,1736949599999,458943.13484,4200,702984.5,232713.31515,0,0.7
2025-01-15 14:00:00,0.3347,0.3385,0.3324,0.3382,1194556.7,1736953199999,400464.97505,1938,589238.3,197661.56389,0,0.7
2025-01-15 15:00:00,0.3382,0.3415,0.3368,0.339,781360.6,1736956799999,265038.87282,1552,353820.7,120061.3536,0,0.7
2025-01-15 16:00:00,0.3393,0.3414,0.3381,0.3381,432445.5,1736960399999,146895.84849,803,223591.4,75949.29006,0,0.7
2025-01-15 17:00:00,0.3381,0.3395,0.3359,0.3363,230435.8,1736963999999,77867.9371,474,78161.1,26420.91606,0,0.7
2025-01-15 18:00:00,0.3365,0.3421,0.3365,0.3417,272403.5,1736967599999,92595.2008,435,121381.0,41230.90586,0,0.7
2025-01-15 19:00:00,0.3419,0.344,0.3404,0.3434,315073.7,1736971199999,107938.43899,696,180529.3,61897.73813,0,0.7
2025-01-15 20:00:00,0.3435,0.3458,0.341,0.3422,432289.6,1736974799999,148752.24308,750,147569.0,50756.14045,0,0.7
2025-01-15 21:00:00,0.3424,0.3444,0.3415,0.343,448391.4,1736978399999,153605.4927,1196,181929.6,62348.0694,0,0.7
2025-01-15 22:00:00,0.3429,0.3448,0.3418,0.3444,252549.8,1736981999999,86569.42034,729,107018.0,36718.147,0,0.7
2025-01-15 23:00:00,0.3449,0.346,0.3438,0.3459,368517.5,1736985599999,127068.03992,814,204025.2,70382.67793,0,0.7
2025-01-16 00:00:00,0.3459,0.3462,0.3377,0.3402,642329.3,1736989199999,219513.75395,1333,348566.8,119150.16021,0,0.75
2025-01-16 01:00:00,0.3403,0.3444,0.3401,0.3433,221023.5,1736992799999,75724.27863,590,142997.8,49019.02091,0,0.75
2025-01-16 02:00:00,0.343,0.3435,0.3414,0.3424,217618.8,1736996399999,74522.55654,567,97000.1,33224.89585,0,0.75
2025-01-16 03:00:00,0.3427,0.3433,0.3392,0.3413,333147.1,1736999999999,113772.4496,575,190133.8,64989.46903,0,0.75
2025-01-16 04:00:00,0.3413,0.343,0.3408,0.3423,202657.0,1737003599999,69254.80583,468,118693.8,40561.87093,0,0.75
2025-01-16 05:00:00,0.342,0.3424,0.3399,0.3415,110655.3,1737007199999,37782.01429,273,41087.2,14037.96868,0,0.75
2025-01-16 06:00:00,0.3413,0.3451,0.3403,0.3436,429198.5,1737010799999,147570.04228,600,212223.8,72971.24551,0,0.75
2025-01-16 07:00:00,0.3436,0.344,0.342,0.3424,211934.8,1737014399999,72702.8232,440,74871.0,25696.03804,0,0.75
2025-01-16 08:00:00,0.3425,0.3433,0.3342,0.3359,490629.8,1737017999999,165855.99085,1646,198938.3,67205.69424,0,0.75
2025-01-16 09:00:00,0.3362,0.3374,0.334,0.337,246652.4,1737021599999,82706.12179,822,84463.9,28347.08707,0,0.75
2025-01-16 10:00:00,0.3371,0.3373,0.3357,0.3372,130842.0,1737025199999,44034.46135,364,87189.4,29345.63258,0,0.75
2025-01-16 11:00:00,0.3368,0.3409,0.3353,0.3406,464876.5,1737028799999,157040.70372,905,293524.2,99085.0907,0,0.75
2025-01-16 12:00:00,0.3406,0.3438,0.3385,0.3438,642785.5,1737032399999,219877.97484,1198,285321.1,97623.47814,0,0.75
2025-01-16 13:00:00,0.3438,0.3448,0.3382,0.3409,723104.8,1737035999999,246395.33496,1860,342240.5,116662.53286,0,0.75
2025-01-16 14:00:00,0.3411,0.3425,0.3307,0.3339,1219829.7,1737039599999,409626.36096,2909,559899.0,188089.84421,0,0.75
2025-01-16 15:00:00,0.3339,0.3412,0.3328,0.3412,491012.0,1737043199999,165342.65364,1001,264469.4,89112.13437,0,0.75
2025-01-16 16:00:00,0.3411,0.345,0.3409,0.3428,467989.8,1737046799999,160733.52216,813,257062.4,88256.8267,0,0.75
2025-01-16 17:00:00,0.3427,0.3457,0.3411,0.3443,320998.0,1737050399999,110350.73735,628,190247.4,65406.52613,0,0.75
2025-01-16 18:00:00,0.3444,0.3455,0.3406,0.3416,198929.1,1737053999999,68217.14823,429,101307.1,34781.61687,0,0.75
2025-01-16 19:00:00,0.3415,0.3447,0.3407,0.3447,174443.7,1737057599999,59887.72876,357,101841.9,34958.60963,0,0.75
2025-01-16 20:00:00,0.3446,0.3455,0.3416,0.3424,128102.9,1737061199999,43989.12943,352,60845.6,20902.2228,0,0.75
2025-01-16 21:00:00,0.3424,0.3426,0.3386,0.3406,190495.0,1737064799999,64945.69444,548,100172.7,34143.03901,0,0.75
2025-01-16 22:00:00,0.3408,0.3412,0.3355,0.3356,273290.5,1737068399999,92202.70715,430,93827.1,31635.46752,0,0.75
2025-01-16 23:00:00,0.3362,0.3374,0.334,0.3367,121709.2,1737071999999,40899.66954,321,49393.0,16606.81231,0,0.75
2025-01-17 00:00:00,0.3369,0.3396,0.3366,0.3395,230035.5,1737075599999,77758.38196,578,93139.9,31487.12477,0,0.75
2025-01-17 01:00:00,0.3394,0.3455,0.3388,0.3451,598637.3,1737079199999,205191.10916,1490,303103.1,103870.12555,0,0.75
2025-01-17 02:00:00,0.3452,0.3472,0.343,0.3446,437450.5,1737082799999,151055.27452,1076,194249.8,67106.19244,0,0.75
2025-01-17 03:00:00,0.3446,0.347,0.344,0.3455,226600.4,1737086399999,78246.6043,587,132909.9,45891.46122,0,0.75
2025-01-17 04:00:00,0.3457,0.3475,0.3439,0.3472,449028.9,1737089999999,155166.92417,698,279438.6,96632.32156,0,0.75
2025-01-17 05:00:00,0.3469,0.3473,0.3455,0.3467,177803.2,1737093599999,61548.52243,416,88159.6,30513.88826,0,0.75
2025-01-17 06:00:00,0.3467,0.3476,0.345,0.3457,263774.1,1737097199999,91238.2061,377,158842.2,54944.38236,0,0.75
2025-01-17 07:00:00,0.3457,0.3467,0.3437,0.3441,335045.8,1737100799999,115910.08236,669,141454.2,48952.65007,0,0.75
2025-01-17 08:00:00,0.3441,0.3469,0.3433,0.3465,688414.4,1737104399999,237870.72696,2239,375938.5,129988.68162,0,0.75
2025-01-17 09:00:00,0.3465,0.3477,0.3458,0.3471,341686.0,1737107999999,118519.31096,793,220749.8,76590.12608,0,0.75
2025-01-17 10:00:00,0.3471,0.3503,0.3464,0.3498,421833.0,1737111599999,147316.58354,830,226265.2,79010.82704,0,0.75
2025-01-17 11:00:00,0.35,0.3511,0.3487,0.3488,205654.2,1737115199999,71930.88572,505,100651.4,35224.50015,0,0.75
2025-01-17 12:00:00,0.349,0.3498,0.3461,0.347,241957.0,1737118799999,84174.26147,622,88045.5,30647.77678,0,0.75
2025-01-17 13:00:00,0.3474,0.3501,0.3458,0.3464,305476.1,1737122399999,106318.25559,810,163700.0,56963.54664,0,0.75
2025-01-17 14:00:00,0.3466,0.3518,0.3464,0.351,785156.0,1737125999999,274898.1092,1387,357502.2,125216.51779,0,0.75
2025-01-17 15:00:00,0.3512,0.3539,0.3483,0.3492,692645.4,1737129599999,242707.75553,1110,309491.0,108552.35989,0,0.75
2025-01-17 16:00:00,0.3493,0.3534,0.3485,0.3519,521637.5,1737133199999,183309.76268,814,330554.1,116106.19112,0,0.75
2025-01-17 17:00:00,0.352,0.3524,0.3473,0.3478,348365.3,1737136799999,121802.10629,598,68983.9,24148.09292,0,0.75
2025-01-17 18:00:00,0.3478,0.3493,0.3467,0.3472,172815.2,1737140399999,60145.1016,328,52563.5,18303.9823,0,0.75
2025-01-17 19:00:00,0.3473,0.3512,0.3471,0.3496,185272.4,1737143999999,64652.80531,369,116957.7,40818.12341,0,0.75
2025-01-17 20:00:00,0.3495,0.3562,0.3494,0.3556,427885.4,1737147599999,151430.51574,959,261363.9,92547.81519,0,0.75
2025-01-17 21:00:00,0.3555,0.3564,0.3526,0.3541,243810.1,1737151199999,86621.41431,369,81801.0,29068.94581,0,0.75
2025-01-17 22:00:00,0.3543,0.3569,0.3542,0.3557,338913.1,1737154799999,120565.2767,587,112875.0,40135.10419,0,0.75
2025-01-17 23:00:00,0.3556,0.3563,0.3545,0.3547,184241.9,1737158399999,65458.32744,284,120331.9,42743.78128,0,0.75
2025-01-18 00:00:00,0.3541,0.3565,0.354,0.3552,312833.6,1737161999999,111168.32411,525,172464.8,61318.22785,0,0.77
2025-01-18 01:00:00,0.3548,0.355,0.3511,0.3515,302728.4,1737165599999,106672.3511,812,155828.0,54951.90775,0,0.77
2025-01-18 02:00:00,0.3518,0.3533,0.3501,0.3506,286922.2,1737169199999,100919.70623,651,165875.7,58354.77659,0,0.77
2025-01-18 03:00:00,0.3506,0.3519,0.3414,0.3429,872102.7,1737172799999,301392.89814,1738,449137.4,155336.90745,0,0.77
2025-01-18 04:00:00,0.3426,0.3443,0.3391,0.3416,617600.0,1737176399999,210990.18104,1327,373390.4,127643.95469,0,0.77
2025-01-18 05:00:00,0.3417,0.3428,0.33,0.33,1266051.8,1737179999999,424716.29893,2385,537588.9,180662.12461,0,0.77
2025-01-18 06:00:00,0.33,0.3361,0.3299,0.3349,656980.4,1737183599999,219314.84942,1843,435618.6,145383.54366,0,0.77
2025-01-18 07:00:00,0.3349,0.3351,0.3301,0.3308,258404.4,1737187199999,85814.26159,556,107107.6,35579.41187,0,0.77
2025-01-18 08:00:00,0.3309,0.3314,0.3256,0.33,1198036.3,1737190799999,392978.95682,1733,654099.7,214561.02302,0,0.77
2025-01-18 09:00:00,0.3301,0.3308,0.3275,0.3296,159664.1,1737194399999,52532.35898,396,79950.2,26324.56627,0,0.77
2025-01-18 10:00:00,0.3297,0.3307,0.3246,0.3281,885879.2,1737197999999,289249.38502,1268,509673.0,166349.32995,0,0.77
2025-01-18 11:00:00,0.3279,0.3316,0.3256,0.3303,679696.5,1737201599999,222553.03407,1138,411838.9,134784.99182,0,0.77
2025-01-18 12:00:00,0.33,0.3316,0.327,0.3283,340955.3,1737205199999,112186.17711,509,149599.3,49275.17693,0,0.77
2025-01-18 13:00:00,0.3284,0.333,0.3272,0.3329,544251.5,1737208799999,180080.6723,1033,304846.0,100900.90641,0,0.77
2025-01-18 14:00:00,0.333,0.333,0.3275,0.3281,287092.7,1737212399999,94765.73254,638,141301.2,46648.36118,0,0.77
2025-01-18 15:00:00,0.3279,0.3322,0.3259,0.3282,440412.7,1737215999999,145259.83983,766,181068.2,59714.83844,0,0.77
2025-01-18 16:00:00,0.3284,0.3305,0.3237,0.3239,930883.0,1737219599999,304985.8623,1924,441950.9,144767.17121,0,0.77
2025-01-18 17:00:00,0.3241,0.3276,0.3238,0.324,382567.5,1737223199999,124613.39742,885,169908.0,55365.33713,0,0.77
2025-01-18 18:00:00,0.3239,0.3263,0.3226,0.3233,226591.3,1737226799999,73626.45729,460,80962.0,26319.66073,0,0.77
2025-01-18 19:00:00,0.3235,0.327,0.3235,0.327,141484.8,1737230399999,46088.18312,302,49519.0,16133.18444,0,0.77
2025-01-18 20:00:00,0.3272,0.3278,0.3224,0.3231,180273.2,1737233999999,58594.45796,309,98457.8,32002.76704,0,0.77
2025-01-18 21:00:00,0.3233,0.3259,0.3233,0.3237,206013.1,1737237599999,66882.28245,373,108567.2,35254.10385,0,0.77
2025-01-18 22:00:00,0.3234,0.3277,0.3232,0.3261,114915.6,1737241199999,37490.82473,353,38251.3,12463.94148,0,0.77
2025-01-18 23:00:00,0.3261,0.3306,0.3255,0.3294,230321.9,1737244799999,75577.37687,505,105724.8,34687.99089,0,0.77
2025-01-19 00:00:00,0.329,0.3313,0.3279,0.3298,264746.8,1737248399999,87309.79454,565,123359.5,40685.03576,0,0.77
2025-01-19 01:00:00,0.3297,0.3344,0.3294,0.3337,343164.0,1737251999999,114081.47523,580,234768.4,78024.6092,0,0.77
2025-01-19 02:00:00,0.334,0.3363,0.3326,0.3331,205508.9,1737255599999,68643.76648,483,115148.3,38464.48112,0,0.77
2025-01-19 03:00:00,0.3331,0.3336,0.329,0.3297,207493.4,1737259199999,68629.93322,422,89645.3,29645.03426,0,0.77
2025-01-19 04:00:00,0.3292,0.33,0.3256,0.327,642192.3,1737262799999,210467.85691,1297,316125.2,103570.05422,0,0.77
2025-01-19 05:00:00,0.3267,0.3274,0.3228,0.326,729325.1,1737266399999,236589.62045,983,371545.3,120504.08099,0,0.77
2025-01-19 06:00:00,0.3259,0.3259,0.322,0.3222,254782.7,1737269999999,82578.12853,398,143660.5,46509.2292,0,0.77
2025-01-19 07:00:00,0.3222,0.3232,0.3176,0.3186,1152489.2,1737273599999,367592.49742,1622,510326.0,162688.90953,0,0.77
2025-01-19 08:00:00,0.3184,0.3185,0.3085,0.3088,1866372.0,1737277199999,584023.10164,2748,666680.2,208695.16763,0,0.77
2025-01-19 09:00:00,0.3087,0.3107,0.3027,0.3105,3965620.6,1737280799999,1213408.1042,11028,1686555.3,516311.34595,0,0.77
2025-01-19 10:00:00,0.3105,0.3105,0.3053,0.3068,1264344.8,1737284399999,388940.87485,3829,590060.1,181573.36969,0,0.77
2025-01-19 11:00:00,0.3068,0.3081,0.2993,0.3014,891543.9,1737287999999,270194.946,1590,392422.3,119034.47701,0,0.77
2025-01-19 12:00:00,0.3015,0.3153,0.301,0.3139,1415976.6,1737291599999,434015.97235,2845,741220.9,227278.46785,0,0.77
2025-01-19 13:00:00,0.3136,0.3176,0.3112,0.3176,896515.8,1737295199999,281240.05009,1436,546476.5,171385.81194,0,0.77
2025-01-19 14:00:00,0.3176,0.3271,0.3161,0.3262,2009788.5,1737298799999,648384.08213,3624,1123333.1,361888.50628,0,0.77
2025-01-19 15:00:00,0.3264,0.3282,0.3236,0.3256,807189.1,1737302399999,263277.79962,1805,370988.9,121031.37355,0,0.77
2025-01-19 16:00:00,0.3253,0.3268,0.3231,0.3238,281897.6,1737305999999,91529.11368,783,119631.5,38834.12573,0,0.77
2025-01-19 17:00:00,0.3239,0.328,0.3217,0.328,316363.4,1737309599999,102662.93195,980,136439.4,44349.14751,0,0.77
2025-01-19 18:00:00,0.328,0.3288,0.325,0.3267,452635.0,1737313199999,147931.73859,1244,133750.0,43732.1068,0,0.77
2025-01-19 19:00:00,0.3264,0.3278,0.3249,0.3267,120626.7,1737316799999,39317.41907,270,54949.9,17910.39493,0,0.77
2025-01-19 20:00:00,0.3267,0.3287,0.3223,0.3237,392100.6,1737320399999,127744.43889,1433,194316.5,63332.38308,0,0.77
2025-01-19 21:00:00,0.324,0.324,0.3064,0.3069,3751745.4,1737323999999,1172766.61896,9016,1650254.5,516445.71544,0,0.77
2025-01-19 22:00:00,0.3067,0.3124,0.295,0.3047,3864137.1,1737327599999,1180694.97283,7345,1732509.5,530724.42623,0,0.77
2025-01-19 23:00:00,0.3046,0.3049,0.293,0.3001,3763466.6,1737331199999,1120246.99422,11981,1982934.6,590371.42187,0,0.77
2025-01-20 00:00:00,0.2994,0.2996,0.2899,0.2906,3891038.4,1737334799999,1146691.1033,10862,1697086.3,500375.19331,0,0.76
2025-01-20 01:00:00,0.2908,0.2961,0.2904,0.2935,1377412.1,1737338399999,404103.76721,3372,785889.5,230708.69442,0,0.76
2025-01-20 02:00:00,0.293,0.3051,0.2928,0.3003,717939.6,1737341999999,215364.79773,1655,379794.1,113946.6978,0,0.76
2025-01-20 03:00:00,0.3001,0.3033,0.2986,0.3015,568949.8,1737345599999,171320.14097,926,214527.8,64542.42371,0,0.76
2025-01-20 04:00:00,0.301,0.3045,0.2982,0.3014,388437.8,1737349199999,116832.06492,756,122824.9,36934.56442,0,0.76
2025-01-20 05:00:00,0.3013,0.3053,0.2992,0.3019,570190.4,1737352799999,172533.93464,872,244838.5,74078.23957,0,0.76
2025-01-20 06:00:00,0.3021,0.3191,0.3014,0.3174,1578638.2,1737356399999,494152.3376,4243,801415.3,250775.31246,0,0.76
2025-01-20 07:00:00,0.3177,0.327,0.3164,0.3197,3073216.8,1737359999999,990397.64669,7972,1510285.8,487087.89577,0,0.76
2025-01-20 08:00:00,0.3208,0.3243,0.319,0.3212,422450.7,1737363599999,136292.42739,1213,270740.9,87380.74583,0,0.76
2025-01-20 09:00:00,0.3217,0.3231,0.3172,0.318,388605.3,1737367199999,124466.06632,1102,164686.7,52730.01608,0,0.76
2025-01-20 10:00:00,0.3182,0.3199,0.3154,0.3165,567365.1,1737370799999,180228.29429,1174,235214.4,74723.681,0,0.76
2025-01-20 11:00:00,0.3168,0.3189,0.3141,0.3189,380523.5,1737374399999,120310.25296,643,182937.2,57848.55388,0,0.76
2025-01-20 12:00:00,0.3189,0.3191,0.3062,0.3105,1232337.4,1737377999999,382386.23124,3098,607521.1,188515.58934,0,0.76
2025-01-20 13:00:00,0.3106,0.3144,0.3094,0.3124,466247.9,1737381599999,145314.8069,836,292920.9,91246.89217,0,0.76
2025-01-20 14:00:00,0.3126,0.3159,0.3109,0.3152,459177.1,1737385199999,144039.93501,669,278662.0,87502.97112,0,0.76
2025-01-20 15:00:00,0.3152,0.3163,0.3104,0.3117,557352.5,1737388799999,174685.21765,1104,228686.1,71623.18159,0,0.76
2025-01-20 16:00:00,0.3115,0.3166,0.305,0.3164,779666.1,1737392399999,242727.09965,1640,298387.7,92751.36055,0,0.76
2025-01-20 17:00:00,0.3165,0.3167,0.2952,0.3037,4849416.1,1737395999999,1481395.4446,13961,2237181.6,683332.85191,0,0.76
2025-01-20 18:00:00,0.3038,0.3111,0.3033,0.31,562211.7,1737399599999,172804.84056,1207,364835.2,112117.9322,0,0.76
2025-01-20 19:00:00,0.3104,0.3107,0.3067,0.3087,294843.1,1737403199999,91090.57048,507,143653.8,44379.48792,0,0.76
2025-01-20 20:00:00,0.3086,0.311,0.3062,0.3088,205109.9,1737406799999,63357.18684,355,107779.1,33293.46753,0,0.76
2025-01-20 21:00:00,0.3085,0.3098,0.3023,0.3024,203643.7,1737410399999,62175.38281,371,79450.7,24334.48791,0,0.76
2025-01-20 22:00:00,0.3024,0.3092,0.2999,0.3078,738000.2,1737413999999,223785.0558,1239,318286.6,96643.5664,0,0.76
2025-01-20 23:00:00,0.3081,0.3081,0.3033,0.3048,205653.7,1737417599999,62951.06754,394,87168.6,26666.24084,0,0.76
2025-01-21 00:00:00,0.3044,0.3058,0.2989,0.2989,616379.0,1737421199999,187053.20582,1456,360631.2,109487.82154,0,0.76
2025-01-21 01:00:00,0.2992,0.3029,0.296,0.2996,645809.3,1737424799999,193470.2236,1422,333698.7,100074.7644,0,0.76
2025-01-21 02:00:00,0.2996,0.3013,0.2964,0.3004,340726.8,1737428399999,101775.27512,786,197335.7,58900.02563,0,0.76
2025-01-21 03:00:00,0.3006,0.3017,0.297,0.2977,179271.9,1737431999999,53654.64404,606,94582.3,28325.80871,0,0.76
2025-01-21 04:00:00,0.2981,0.2981,0.2919,0.2971,364457.8,1737435599999,107405.78023,1143,150235.2,44363.30655,0,0.76
2025-01-21 05:00:00,0.297,0.2983,0.2938,0.294,147042.8,1737439199999,43575.43534,460,75296.4,22322.48074,0,0.76
2025-01-21 06:00:00,0.2935,0.2982,0.2922,0.2967,220511.4,1737442799999,65102.83057,556,79174.6,23392.98043,0,0.76
2025-01-21 07:00:00,0.2964,0.3008,0.2955,0.299,257049.2,1737446399999,76817.23403,796,83153.6,24826.79803,0,0.76
2025-01-21 08:00:00,0.299,0.3016,0.2965,0.2986,344487.5,1737449999999,102924.53708,1381,105695.9,31597.36147,0,0.76
2025-01-21 09:00:00,0.2992,0.3018,0.2981,0.3005,215635.8,1737453599999,64622.89905,638,97109.4,29109.44553,0,0.76
2025-01-21 10:00:00,0.3006,0.305,0.3006,0.3045,467287.1,1737457199999,141676.04476,1226,254522.7,77277.95693,0,0.76
2025-01-21 11:00:00,0.3043,0.3075,0.3037,0.307,381732.9,1737460799999,116503.29631,1401,178269.5,54401.98153,0,0.76
2025-01-21 12:00:00,0.307,0.3092,0.3053,0.3073,329116.3,1737464399999,101138.89745,832,179031.2,55030.98405,0,0.76
2025-01-21 13:00:00,0.3075,0.3087,0.305,0.307,155710.0,1737467999999,47737.8678,415,71275.6,21859.7069,0,0.76
2025-01-21 14:00:00,0.3072,0.3105,0.3045,0.3052,361323.3,1737471599999,111016.08567,826,157719.2,48450.7175,0,0.76
2025-01-21 15:00:00,0.306,0.3076,0.3035,0.307,188696.7,1737475199999,57665.38786,423,79447.3,24291.38375,0,0.76
2025-01-21 16:00:00,0.3069,0.3129,0.3064,0.3105,503676.2,1737478799999,156224.12532,951,260439.8,80819.55471,0,0.76
2025-01-21 17:00:00,0.3104,0.3174,0.3103,0.3174,198898.1,1737482399999,62487.2859,646,104838.5,32936.23436,0,0.76
2025-01-21 18:00:00,0.3174,0.3185,0.315,0.3177,223897.3,1737485999999,70969.64795,638,142426.5,45163.22676,0,0.76
2025-01-21 19:00:00,0.3177,0.3177,0.3142,0.3159,151976.5,1737489599999,47934.53279,389,73701.0,23261.05549,0,0.76
2025-01-21 20:00:00,0.3163,0.3167,0.3122,0.3139,108735.3,1737493199999,34163.9454,284,54432.2,17102.73937,0,0.76
2025-01-21 21:00:00,0.314,0.3162,0.312,0.3158,478081.6,1737496799999,150104.45247,692,412244.6,129438.95262,0,0.76
2025-01-21 22:00:00,0.3158,0.317,0.3139,0.3141,178622.3,1737500399999,56394.76329,415,99453.9,31417.03604,0,0.76
2025-01-21 23:00:00,0.3142,0.3145,0.3111,0.3144,168868.0,1737503999999,52823.72965,448,86809.5,27156.25722,0,0.76
2025-01-22 00:00:00,0.3143,0.3158,0.3119,0.3155,145434.9,1737507599999,45696.18774,409,63255.2,19868.41014,0,0.84
2025-01-22 01:00:00,0.3151,0.3156,0.3115,0.3121,160229.8,1737511199999,50278.14422,476,65315.4,20503.39274,0,0.84
2025-01-22 02:00:00,0.3123,0.3148,0.3109,0.3146,239486.8,1737514799999,74827.70554,397,136496.8,42588.3264,0,0.84
2025-01-22 03:00:00,0.3147,0.3161,0.3139,0.3148,73502.7,1737518399999,23164.14151,213,39313.7,12389.38931,0,0.84
2025-01-22 04:00:00,0.3148,0.3161,0.3125,0.3131,291278.9,1737521999999,91527.97497,744,101139.6,31789.2253,0,0.84
2025-01-22 05:00:00,0.3132,0.3152,0.313,0.3134,178809.7,1737525599999,56134.3019,551,90941.0,28560.84529,0,0.84
2025-01-22 06:00:00,0.3132,0.3146,0.3125,0.314,147215.1,1737529199999,46176.0472,596,105692.1,33147.10428,0,0.84
2025-01-22 07:00:00,0.314,0.3142,0.3121,0.3132,223950.5,1737532799999,70168.88876,449,127284.6,39878.02534,0,0.84
2025-01-22 08:00:00,0.3131,0.3155,0.3115,0.3155,200167.4,1737536399999,62609.61992,494,99535.5,31118.05299,0,0.84
2025-01-22 09:00:00,0.3153,0.3181,0.3141,0.3162,198060.6,1737539999999,62614.51255,470,78652.6,24862.39403,0,0.84
2025-01-22 10:00:00,0.3163,0.3163,0.3139,0.3156,73164.0,1737543599999,23044.39939,220,40574.5,12782.78728,0,0.84
2025-01-22 11:00:00,0.3157,0.3181,0.3146,0.3171,142544.7,1737547199999,45073.44155,327,81194.2,25674.54245,0,0.84
2025-01-22 12:00:00,0.3177,0.3188,0.3162,0.3171,155852.2,1737550799999,49494.83962,420,65979.6,20970.67922,0,0.84
2025-01-22 13:00:00,0.317,0.317,0.3124,0.3136,220806.8,1737554399999,69481.93713,556,81182.2,25556.86213,0,0.84
2025-01-22 14:00:00,0.3132,0.3157,0.3108,0.3136,189264.8,1737557999999,59228.94635,470,99761.3,31219.20006,0,0.84
2025-01-22 15:00:00,0.3127,0.3144,0.3097,0.3114,212765.9,1737561599999,66296.22802,496,93244.7,29024.54083,0,0.84
2025-01-22 16:00:00,0.3116,0.3136,0.3089,0.3131,176591.0,1737565199999,54986.40276,485,97761.4,30435.36101,0,0.84
2025-01-22 17:00:00,0.3132,0.3151,0.3128,0.315,107659.0,1737568799999,33805.83096,366,65780.6,20653.16714,0,0.84
2025-01-22 18:00:00,0.3149,0.3158,0.3107,0.3117,248697.9,1737572399999,78006.76539,1220,61562.9,19340.74861,0,0.84
2025-01-22 19:00:00,0.3111,0.315,0.3111,0.3124,240833.1,1737575999999,75340.85749,838,97369.0,30490.5046,0,0.84
2025-01-22 20:00:00,0.313,0.3145,0.3119,0.3119,74494.0,1737579599999,23307.30627,252,29300.0,9174.26067,0,0.84
2025-01-22 21:00:00,0.3118,0.3121,0.3094,0.3108,130596.2,1737583199999,40540.25901,432,67256.8,20889.6547,0,0.84
2025-01-22 22:00:00,0.3105,0.311,0.3073,0.3073,103379.7,1737586799999,32007.41866,296,34254.4,10624.09913,0,0.84
2025-01-22 23:00:00,0.3074,0.3083,0.3058,0.3074,126175.8,1737590399999,38762.10481,396,68490.2,21049.61145,0,0.84
2025-01-23 00:00:00,0.3074,0.3078,0.3047,0.3054,277827.8,1737593999999,85252.59374,553,82564.8,25338.4799,0,0.75
2025-01-23 01:00:00,0.3052,0.3065,0.3022,0.3028,262167.6,1737597599999,79794.34362,646,33590.5,10220.22676,0,0.75
2025-01-23 02:00:00,0.3032,0.3032,0.2998,0.3013,256334.8,1737601199999,77257.55294,542,109081.0,32927.88681,0,0.75
2025-01-23 03:00:00,0.3009,0.3028,0.3002,0.3012,100793.9,1737604799999,30364.39385,255,39619.8,11941.10262,0,0.75
2025-01-23 04:00:00,0.3012,0.3021,0.2977,0.2981,962824.2,1737608399999,287698.88855,873,556017.9,166094.28859,0,0.75
2025-01-23 05:00:00,0.2984,0.3004,0.298,0.2996,141407.4,1737611999999,42269.05517,277,40458.1,12104.85464,0,0.75
2025-01-23 06:00:00,0.2997,0.3003,0.2982,0.2987,68551.1,1737615599999,20529.74558,246,25550.3,7651.4793,0,0.75
2025-01-23 07:00:00,0.2989,0.3021,0.2979,0.302,152089.8,1737619199999,45663.05601,417,92611.7,27800.7145,0,0.75
2025-01-23 08:00:00,0.3019,0.3021,0.2989,0.2991,71302.9,1737622799999,21463.22448,259,33271.0,10014.86206,0,0.75
2025-01-23 09:00:00,0.2988,0.3009,0.2973,0.2982,121003.7,1737626399999,36239.93523,297,68606.6,20549.60064,0,0.75
2025-01-23 10:00:00,0.2983,0.2997,0.2962,0.2971,250925.4,1737629999999,74785.43534,608,121370.8,36199.31288,0,0.75
2025-01-23 11:00:00,0.2973,0.2987,0.2969,0.2976,72626.2,1737633599999,21605.8654,204,31635.9,9415.10539,0,0.75
2025-01-23 12:00:00,0.2975,0.2976,0.2946,0.2954,143016.6,1737637199999,42307.97452,480,82374.6,24359.66554,0,0.75
2025-01-23 13:00:00,0.2954,0.3,0.2936,0.2993,156006.8,1737640799999,46261.55935,499,73202.8,21718.62601,0,0.75
2025-01-23 14:00:00,0.2989,0.3069,0.297,0.3043,379882.2,1737644399999,115173.0879,1147,247708.4,75173.61576,0,0.75
2025-01-23 15:00:00,0.3045,0.3056,0.2984,0.3033,716836.8,1737647999999,216213.36069,2676,329611.3,99428.20362,0,0.75
2025-01-23 16:00:00,0.3034,0.3078,0.3031,0.3031,334269.8,1737651599999,102219.80764,878,169774.0,51911.04978,0,0.75
2025-01-23 17:00:00,0.303,0.3044,0.3001,0.3038,124431.1,1737655199999,37565.34903,399,56213.9,16973.98893,0,0.75
2025-01-23 18:00:00,0.3037,0.3044,0.2989,0.2989,194632.2,1737658799999,58666.53635,440,46212.9,13929.52327,0,0.75
2025-01-23 19:00:00,0.2988,0.299,0.2945,0.2959,283784.2,1737662399999,84262.28501,1071,147880.0,43900.70832,0,0.75
2025-01-23 20:00:00,0.2958,0.304,0.2939,0.2981,1588737.1,1737665999999,475374.86412,4899,697101.6,208590.12311,0,0.75
2025-01-23 21:00:00,0.2982,0.2988,0.2924,0.2942,289334.6,1737669599999,85293.41663,836,132962.0,39249.24659,0,0.75
2025-01-23 22:00:00,0.2939,0.3026,0.2936,0.3019,324525.0,1737673199999,97098.43154,1083,168991.6,50575.31483,0,0.75
2025-01-23 23:00:00,0.3025,0.3045,0.3009,0.3026,211167.5,1737676799999,63951.33485,539,107694.3,32626.17505,0,0.75
2025-01-24 00:00:00,0.3026,0.3044,0.2966,0.2968,229348.4,1737680399999,69199.76159,719,95592.7,28856.71148,0,0.75
2025-01-24 01:00:00,0.2968,0.298,0.2936,0.2943,315978.7,1737683999999,93439.18339,692,210712.7,62289.44717,0,0.75
2025-01-24 02:00:00,0.2945,0.2955,0.2909,0.2915,354314.7,1737687599999,103885.43416,790,168215.8,49352.24189,0,0.75
2025-01-24 03:00:00,0.2915,0.2979,0.2915,0.2965,257433.9,1737691199999,75890.7899,733,138742.8,40909.01577,0,0.75
2025-01-24 04:00:00,0.2962,0.3036,0.2953,0.3028,1089234.1,1737694799999,328478.73412,1560,668298.8,201428.75143,0,0.75
2025-01-24 05:00:00,0.3029,0.3087,0.3018,0.3085,285802.8,1737698399999,87248.6971,819,195305.1,59623.75517,0,0.75
2025-01-24 06:00:00,0.3085,0.3085,0.305,0.3062,253617.6,1737701999999,77822.04949,734,147556.6,45264.32657,0,0.75
2025-01-24 07:00:00,0.307,0.3086,0.3043,0.3048,126198.6,1737705599999,38653.35854,335,59034.2,18085.65063,0,0.75
2025-01-24 08:00:00,0.3055,0.3074,0.3042,0.3066,140600.0,1737709199999,43047.67534,293,68529.0,20996.09899,0,0.75
2025-01-24 09:00:00,0.3066,0.3076,0.3058,0.3072,177547.3,1737712799999,54454.90802,566,92743.8,28445.00247,0,0.75
2025-01-24 10:00:00,0.3073,0.31,0.3063,0.3095,280322.0,1737716399999,86379.67832,849,117539.4,36231.83382,0,0.75
2025-01-24 11:00:00,0.3095,0.3095,0.3078,0.3085,126383.5,1737719999999,39004.54398,355,47592.7,14691.72314,0,0.75
2025-01-24 12:00:00,0.3086,0.311,0.3083,0.3107,166630.8,1737723599999,51525.47886,486,83788.1,25905.22099,0,0.75
2025-01-24 13:00:00,0.3109,0.3125,0.3093,0.3105,170221.6,1737727199999,52845.46283,462,91681.7,28460.82018,0,0.75
2025-01-24 14:00:00,0.3106,0.3127,0.3085,0.3108,217230.7,1737730799999,67493.0125,744,89039.2,27655.53181,0,0.75
2025-01-24 15:00:00,0.3108,0.3117,0.3067,0.3105,387124.3,1737734399999,119498.77309,767,149069.1,45983.19556,0,0.75
2025-01-24 16:00:00,0.3103,0.3103,0.3059,0.3059,189411.5,1737737999999,58324.62292,390,97182.9,29932.52593,0,0.75
2025-01-24 17:00:00,0.306,0.3087,0.3048,0.307,97226.0,1737741599999,29800.78103,266,46372.6,14225.99605,0,0.75
2025-01-24 18:00:00,0.3072,0.3083,0.3054,0.3061,78140.5,1737745199999,23961.94768,247,40157.1,12308.42744,0,0.75
2025-01-24 19:00:00,0.306,0.3071,0.3047,0.3054,234915.6,1737748799999,71835.52093,884,123474.5,37760.0307,0,0.75
2025-01-24 20:00:00,0.3057,0.3064,0.3003,0.3005,247806.2,1737752399999,75096.46546,1187,154029.0,46660.44646,0,0.75
2025-01-24 21:00:00,0.3006,0.3028,0.3004,0.3016,190187.4,1737755999999,57330.82014,762,113940.6,34334.97525,0,0.75
2025-01-24 22:00:00,0.3015,0.3018,0.3001,0.3003,121915.1,1737759599999,36704.40006,509,76669.0,23091.64978,0,0.75
2025-01-24 23:00:00,0.3004,0.3005,0.2984,0.2997,180448.8,1737763199999,53987.64163,612,94292.9,28215.28473,0,0.75
2025-01-25 00:00:00,0.2998,0.2999,0.2949,0.2953,385374.3,1737766799999,114309.54097,1028,161722.5,47987.99645,0,0.75
2025-01-25 01:00:00,0.2952,0.301,0.2951,0.2999,204324.6,1737770399999,61060.27263,737,138533.3,41407.32854,0,0.75
2025-01-25 02:00:00,0.2999,0.3029,0.2995,0.302,132977.2,1737773999999,40087.40743,500,64817.5,19532.67346,0,0.75
2025-01-25 03:00:00,0.3022,0.3051,0.3012,0.3049,532196.8,1737777599999,160773.09481,713,404061.4,122033.50527,0,0.75
2025-01-25 04:00:00,0.3043,0.3046,0.302,0.3034,724942.0,1737781199999,220272.10658,735,128766.4,39065.96436,0,0.75
2025-01-25 05:00:00,0.3035,0.3054,0.3022,0.3028,246904.8,1737784799999,74842.66265,372,178614.8,54127.46083,0,0.75
2025-01-25 06:00:00,0.3027,0.3035,0.3001,0.3007,173347.4,1737788399999,52201.1956,414,131462.6,39566.27006,0,0.75
2025-01-25 07:00:00,0.3001,0.3009,0.2996,0.3003,54577.1,1737791999999,16379.61406,156,34123.5,10241.45755,0,0.75
2025-01-25 08:00:00,0.3002,0.3009,0.2987,0.2996,94880.7,1737795599999,28446.3397,349,51500.3,15447.60194,0,0.75
2025-01-25 09:00:00,0.2996,0.3,0.2983,0.299,155489.3,1737799199999,46592.2763,274,73472.8,22025.12853,0,0.75
2025-01-25 10:00:00,0.299,0.2999,0.2978,0.2999,71044.6,1737802799999,21245.06763,218,30394.2,9086.36753,0,0.75
2025-01-25 11:00:00,0.2998,0.302,0.2996,0.302,112080.9,1737806399999,33727.47965,439,55089.1,16575.78473,0,0.75
2025-01-25 12:00:00,0.3016,0.3028,0.2999,0.3028,113262.5,1737809999999,34079.54252,275,61689.5,18570.25054,0,0.75
2025-01-25 13:00:00,0.3031,0.3035,0.3021,0.3024,77835.1,1737813599999,23582.2164,208,48976.1,14837.82129,0,0.75
2025-01-25 14:00:00,0.3025,0.3045,0.3007,0.3045,204013.4,1737817199999,61725.00372,474,105677.0,31983.33182,0,0.75
2025-01-25 15:00:00,0.3047,0.3072,0.3043,0.3051,418875.6,1737820799999,128196.41633,629,188416.8,57700.71793,0,0.75
2025-01-25 16:00:00,0.3052,0.3073,0.3052,0.3054,201160.7,1737824399999,61523.95005,445,108143.0,33079.12031,0,0.75
2025-01-25 17:00:00,0.3054,0.3054,0.3035,0.305,598706.0,1737827999999,182296.78281,727,490845.9,149446.66109,0,0.75
2025-01-25 18:00:00,0.3051,0.3057,0.3044,0.3055,98961.5,1737831599999,30190.59938,448,49370.8,15064.66335,0,0.75
2025-01-25 19:00:00,0.3057,0.307,0.3056,0.3064,78380.5,1737835199999,24014.01075,337,34865.0,10678.73055,0,0.75
2025-01-25 20:00:00,0.3068,0.3085,0.3058,0.3058,120456.5,1737838799999,36976.97058,467,40820.2,12542.18346,0,0.75
2025-01-25 21:00:00,0.3057,0.306,0.3045,0.3058,154550.1,1737842399999,47167.37894,540,100725.3,30746.06078,0,0.75
2025-01-25 22:00:00,0.3058,0.3068,0.305,0.3059,92521.7,1737845999999,28308.86109,269,37237.6,11397.25146,0,0.75
2025-01-25 23:00:00,0.306,0.3062,0.3044,0.3046,124831.0,1737849599999,38121.28432,405,53927.5,16463.80378,0,0.75
2025-01-26 00:00:00,0.3047,0.3067,0.3036,0.3052,335066.9,1737853199999,102448.85303,1600,202036.1,61774.64355,0,0.73
2025-01-26 01:00:00,0.305,0.3079,0.305,0.3068,314630.3,1737856799999,96533.50859,1244,189445.9,58090.9156,0,0.73
2025-01-26 02:00:00,0.3062,0.3088,0.3058,0.3088,130840.8,1737860399999,40159.23525,294,45138.9,13854.06267,0,0.73
2025-01-26 03:00:00,0.3089,0.3115,0.3083,0.3098,109930.2,1737863999999,34050.67867,387,59486.2,18424.65147,0,0.73
2025-01-26 04:00:00,0.3098,0.3123,0.3093,0.3111,95153.8,1737867599999,29621.95743,281,43685.7,13597.70025,0,0.73
2025-01-26 05:00:00,0.3112,0.3116,0.3096,0.3113,132710.8,1737871199999,41251.8066,427,69174.7,21497.02093,0,0.73
2025-01-26 06:00:00,0.311,0.3121,0.3091,0.3109,338457.3,1737874799999,105218.97542,559,119595.0,37195.22831,0,0.73
2025-01-26 07:00:00,0.3111,0.3123,0.3103,0.3123,152931.8,1737878399999,47616.16411,605,92368.1,28762.43447,0,0.73
2025-01-26 08:00:00,0.3123,0.3131,0.3103,0.3107,136973.6,1737881999999,42706.13478,326,66662.6,20787.66998,0,0.73
2025-01-26 09:00:00,0.3105,0.3107,0.306,0.3066,985617.5,1737885599999,302902.17046,1194,508527.9,156191.89245,0,0.73
2025-01-26 10:00:00,0.3065,0.3123,0.3064,0.3123,526159.1,1737889199999,162725.30752,1368,309743.2,95912.13309,0,0.73
2025-01-26 11:00:00,0.3122,0.3138,0.3114,0.3122,693103.6,1737892799999,216611.56219,2347,358053.1,111917.91283,0,0.73
2025-01-26 12:00:00,0.3121,0.3126,0.3107,0.3117,101939.8,1737896399999,31751.00421,288,54560.3,16995.56003,0,0.73
2025-01-26 13:00:00,0.3117,0.3185,0.3112,0.313,2468632.5,1737899999999,778223.46147,6857,1671312.8,527067.96481,0,0.73
2025-01-26 14:00:00,0.3132,0.3151,0.3117,0.3147,104346.3,1737903599999,32707.66667,369,51888.8,16267.04322,0,0.73
2025-01-26 15:00:00,0.3147,0.3148,0.312,0.3122,186209.6,1737907199999,58297.19358,468,96310.1,30160.38573,0,0.73
2025-01-26 16:00:00,0.3122,0.3137,0.3108,0.3132,180636.2,1737910799999,56418.07275,535,97666.6,30489.29939,0,0.73
2025-01-26 17:00:00,0.3128,0.3139,0.3115,0.3136,97341.9,1737914399999,30431.74645,327,46917.4,14679.88966,0,0.73
2025-01-26 18:00:00,0.3137,0.3152,0.3129,0.3146,97996.3,1737917999999,30790.92633,306,39550.9,12424.37149,0,0.73
2025-01-26 19:00:00,0.3147,0.3147,0.3132,0.3135,131976.2,1737921599999,41419.77547,296,71513.9,22440.95054,0,0.73
2025-01-26 20:00:00,0.3135,0.3136,0.3113,0.3115,292238.4,1737925199999,91451.84133,398,160396.1,50197.89557,0,0.73
2025-01-26 21:00:00,0.3116,0.3116,0.3081,0.3081,364562.9,1737928799999,112702.52157,568,103525.4,32094.70923,0,0.73
2025-01-26 22:00:00,0.3081,0.3095,0.3062,0.3074,242281.6,1737932399999,74594.04614,445,73028.8,22477.49153,0,0.73
2025-01-26 23:00:00,0.3073,0.3073,0.2992,0.2997,735876.8,1737935999999,223344.58822,1663,190204.4,57454.4644,0,0.73
2025-01-27 00:00:00,0.2994,0.3005,0.2949,0.2959,633910.2,1737939599999,188404.61523,1467,340518.3,101256.29134,0,0.71
2025-01-27 01:00:00,0.2958,0.2965,0.2918,0.2918,596113.8,1737943199999,175334.82698,1668,231299.2,68038.88219,0,0.71
2025-01-27 02:00:00,0.2916,0.2917,0.2877,0.2878,555635.3,1737946799999,160846.6725,1512,322006.0,93282.12781,0,0.71
2025-01-27 03:00:00,0.2879,0.2923,0.2877,0.2895,164270.6,1737950399999,47588.55022,540,70872.9,20558.86602,0,0.71
2025-01-27 04:00:00,0.2895,0.2895,0.2854,0.2856,399185.4,1737953999999,114771.35959,973,224640.0,64542.0938,0,0.71
2025-01-27 05:00:00,0.2857,0.2868,0.2827,0.2849,335889.5,1737957599999,95560.78942,686,157169.0,44705.95612,0,0.71
2025-01-27 06:00:00,0.2847,0.2861,0.2758,0.2782,1221102.8,1737961199999,341165.12665,1718,416284.4,116386.9011,0,0.71
2025-01-27 07:00:00,0.2782,0.2795,0.268,0.2748,1372391.8,1737964799999,373929.98151,3539,576642.9,157270.23907,0,0.71
2025-01-27 08:00:00,0.2748,0.2748,0.2697,0.2737,295116.8,1737968399999,80428.44215,772,124443.5,33909.29298,0,0.71
2025-01-27 09:00:00,0.2739,0.2774,0.2733,0.2763,429811.9,1737971999999,118597.03294,1074,157032.2,43325.60379,0,0.71
2025-01-27 10:00:00,0.2763,0.2765,0.2703,0.2711,432974.0,1737975599999,118374.46107,1401,208366.5,56937.74728,0,0.71
2025-01-27 11:00:00,0.271,0.2768,0.271,0.274,238707.1,1737979199999,65430.61061,498,108043.2,29580.94335,0,0.71
2025-01-27 12:00:00,0.2737,0.2855,0.2737,0.2834,707464.6,1737982799999,196635.22781,1510,452441.0,125464.45541,0,0.71
2025-01-27 13:00:00,0.2838,0.2871,0.2808,0.2817,513598.8,1737986399999,145918.07655,1074,265473.9,75489.37951,0,0.71
2025-01-27 14:00:00,0.2814,0.2889,0.28,0.2875,669127.4,1737989999999,190021.23209,1261,427856.4,121271.4997,0,0.71
2025-01-27 15:00:00,0.2873,0.2888,0.2847,0.2865,300096.6,1737993599999,86130.71629,543,171142.9,49138.3896,0,0.71
2025-01-27 16:00:00,0.2861,0.2875,0.2821,0.2823,286975.1,1737997199999,81630.13694,615,147600.3,42001.44783,0,0.71
2025-01-27 17:00:00,0.2823,0.2842,0.2805,0.2809,213371.0,1738000799999,60149.37638,532,110029.8,31005.83093,0,0.71
2025-01-27 18:00:00,0.2806,0.2824,0.2772,0.2783,233333.8,1738004399999,65130.64742,480,111264.0,31056.33625,0,0.71
2025-01-27 19:00:00,0.2786,0.2813,0.2782,0.2793,120211.6,1738007999999,33623.21966,331,48569.1,13586.72481,0,0.71
2025-01-27 20:00:00,0.2797,0.2886,0.2796,0.2871,218004.9,1738011599999,62171.79654,674,98137.3,27970.46829,0,0.71
2025-01-27 21:00:00,0.2873,0.2922,0.287,0.2873,212438.4,1738015199999,61491.17767,663,126127.1,36507.93024,0,0.71
2025-01-27 22:00:00,0.2873,0.2889,0.2858,0.2875,85688.3,1738018799999,24582.71108,272,44379.5,12731.81905,0,0.71
2025-01-27 23:00:00,0.2875,0.2883,0.2866,0.2879,65273.9,1738022399999,18755.49664,392,27139.3,7795.41584,0,0.71
2025-01-28 00:00:00,0.288,0.2913,0.2874,0.2879,168899.6,1738025999999,48882.41475,541,77211.6,22359.44691,0,0.72
2025-01-28 01:00:00,0.2878,0.2878,0.2846,0.2863,367002.0,1738029599999,104996.01773,693,187170.7,53578.61181,0,0.72
2025-01-28 02:00:00,0.2861,0.2891,0.2861,0.2883,100565.5,1738033199999,28922.67235,351,46558.8,13392.28208,0,0.72
2025-01-28 03:00:00,0.2884,0.2905,0.2872,0.2895,159719.5,1738036799999,46120.50989,371,84466.0,24393.20472,0,0.72
2025-01-28 04:00:00,0.29,0.2922,0.2897,0.2902,83642.7,1738040399999,24304.22048,318,46621.8,13541.58836,0,0.72
2025-01-28 05:00:00,0.2904,0.292,0.2899,0.2899,80070.1,1738043999999,23297.70933,203,50206.3,14611.7267,0,0.72
2025-01-28 06:00:00,0.2895,0.2901,0.2877,0.2885,137763.0,1738047599999,39779.22504,408,63526.4,18360.48824,0,0.72
2025-01-28 07:00:00,0.2884,0.2907,0.2878,0.2882,161901.6,1738051199999,46773.0025,315,49925.5,14433.78599,0,0.72
2025-01-28 08:00:00,0.2883,0.2884,0.2855,0.2862,126399.7,1738054799999,36202.49534,419,69244.5,19824.66815,0,0.72
2025-01-28 09:00:00,0.2863,0.2863,0.2828,0.2837,133596.6,1738058399999,37955.01761,725,68081.7,19341.22432,0,0.72
2025-01-28 10:00:00,0.2837,0.2851,0.2826,0.2827,206729.0,1738061999999,58648.34911,538,100306.2,28494.19373,0,0.72
2025-01-28 11:00:00,0.2827,0.2837,0.2815,0.2825,206059.2,1738065599999,58270.88999,987,146210.7,41343.90804,0,0.72
2025-01-28 12:00:00,0.2828,0.2833,0.2799,0.2807,187943.5,1738069199999,52901.1886,438,74919.8,21100.28193,0,0.72
2025-01-28 13:00:00,0.2809,0.2834,0.2809,0.2829,115723.5,1738072799999,32678.32554,330,65216.3,18422.26413,0,0.72
2025-01-28 14:00:00,0.2826,0.2837,0.2801,0.2833,200294.3,1738076399999,56491.98216,472,125510.1,35393.57323,0,0.72
2025-01-28 15:00:00,0.2828,0.287,0.2828,0.284,364782.7,1738079999999,104027.50037,839,212306.5,60560.69365,0,0.72
2025-01-28 16:00:00,0.284,0.2841,0.2787,0.2802,303900.7,1738083599999,85348.49604,751,118456.3,33306.47648,0,0.72
2025-01-28 17:00:00,0.2802,0.2831,0.2802,0.2817,177488.2,1738087199999,49959.48905,451,80731.7,22729.06291,0,0.72
2025-01-28 18:00:00,0.2811,0.283,0.2784,0.2793,252067.5,1738090799999,70544.26504,419,94497.4,26509.52126,0,0.72
2025-01-28 19:00:00,0.2792,0.2801,0.2778,0.2799,144007.8,1738094399999,40137.82641,315,55163.9,15385.09214,0,0.72
2025-01-28 20:00:00,0.2804,0.2807,0.275,0.2756,247160.4,1738097999999,68472.20559,504,97354.0,27047.85201,0,0.72
2025-01-28 21:00:00,0.2755,0.2773,0.272,0.2721,360488.1,1738101599999,99094.92955,830,161720.6,44456.83732,0,0.72
2025-01-28 22:00:00,0.2722,0.2751,0.2706,0.2736,295793.6,1738105199999,80597.87453,916,166490.7,45348.55843,0,0.72
2025-01-28 23:00:00,0.2727,0.2738,0.2705,0.2724,299514.2,1738108799999,81736.04933,398,103886.1,28338.94966,0,0.72
2025-01-29 00:00:00,0.2723,0.2728,0.2692,0.2707,348230.3,1738112399999,94324.93839,825,122275.3,33125.5027,0,0.72
2025-01-29 01:00:00,0.271,0.2749,0.2708,0.2737,179954.8,1738115999999,49139.74173,389,94792.1,25872.13911,0,0.72
2025-01-29 02:00:00,0.274,0.2771,0.274,0.2764,153580.3,1738119599999,42381.63968,454,75776.8,20909.65824,0,0.72
2025-01-29 03:00:00,0.2762,0.2806,0.2759,0.2805,273861.6,1738123199999,76338.77587,1063,129370.8,36042.02723,0,0.72
2025-01-29 04:00:00,0.2804,0.2807,0.279,0.2792,192709.9,1738126799999,53913.14655,725,53535.9,14989.07855,0,0.72
2025-01-29 05:00:00,0.2791,0.2809,0.2788,0.2809,249950.3,1738130399999,69913.60801,693,110538.2,30910.60251,0,0.72
2025-01-29 06:00:00,0.281,0.2832,0.2809,0.2831,69744.2,1738133999999,19663.11022,440,31672.7,8932.45467,0,0.72
2025-01-29 07:00:00,0.2832,0.2836,0.2811,0.2835,276114.5,1738137599999,77878.55944,836,196278.6,55336.94445,0,0.72
2025-01-29 08:00:00,0.2837,0.2842,0.2822,0.2825,200564.3,1738141199999,56837.80218,821,103388.5,29296.84967,0,0.72
2025-01-29 09:00:00,0.2825,0.2825,0.2803,0.281,162662.1,1738144799999,45762.40068,442,72034.3,20271.23401,0,0.72
2025-01-29 10:00:00,0.2807,0.2831,0.2799,0.2821,94687.1,1738148399999,26647.8928,216,46254.8,13025.70035,0,0.72
2025-01-29 11:00:00,0.2823,0.2824,0.281,0.2815,82960.0,1738151999999,23380.82443,218,41848.2,11798.41389,0,0.72
2025-01-29 12:00:00,0.2816,0.2821,0.2783,0.2792,253111.6,1738155599999,70749.54174,372,96909.6,27066.65216,0,0.72
2025-01-29 13:00:00,0.2792,0.2794,0.2747,0.2757,164598.0,1738159199999,45568.96491,401,69159.5,19142.36757,0,0.72
2025-01-29 14:00:00,0.2759,0.2779,0.2748,0.276,156102.0,1738162799999,43122.7954,335,90905.2,25119.32212,0,0.72
2025-01-29 15:00:00,0.2765,0.279,0.276,0.2774,72676.2,1738166399999,20160.56494,206,36372.5,10098.43352,0,0.72
2025-01-29 16:00:00,0.2769,0.2771,0.2741,0.2742,155617.1,1738169999999,42844.32867,414,76494.3,21060.98254,0,0.72
2025-01-29 17:00:00,0.2749,0.2788,0.2749,0.2764,145465.6,1738173599999,40343.65721,299,51710.5,14338.3667,0,0.72
2025-01-29 18:00:00,0.2765,0.282,0.2745,0.2807,136011.2,1738177199999,37777.02568,381,69916.1,19397.21894,0,0.72
2025-01-29 19:00:00,0.2805,0.286,0.2725,0.2827,1275788.9,1738180799999,358589.4447,3230,673425.2,189291.23254,0,0.72
2025-01-29 20:00:00,0.2827,0.2894,0.2797,0.2853,824591.7,1738184399999,235118.21786,2003,404216.8,115405.74323,0,0.72
2025-01-29 21:00:00,0.2853,0.2884,0.2832,0.285,225663.1,1738187999999,64557.58606,500,91679.7,26210.19782,0,0.72
2025-01-29 22:00:00,0.2844,0.2859,0.282,0.2823,101596.0,1738191599999,28849.16329,299,33596.5,9535.49992,0,0.72
2025-01-29 23:00:00,0.282,0.2834,0.2798,0.2801,84905.2,1738195199999,23913.07763,398,32943.2,9294.67509,0,0.72
2025-01-30 00:00:00,0.2801,0.2813,0.2777,0.2813,147926.6,1738198799999,41392.22052,362,96688.2,27085.65225,0,0.7
2025-01-30 01:00:00,0.281,0.2855,0.2806,0.2831,92889.4,1738202399999,26320.2222,335,44238.0,12538.13894,0,0.7
2025-01-30 02:00:00,0.2823,0.2851,0.2819,0.2851,71544.0,1738205999999,20279.19224,205,41693.7,11819.47638,0,0.7
2025-01-30 03:00:00,0.2851,0.2869,0.2842,0.2867,149908.8,1738209599999,42766.78096,342,51120.1,14609.1917,0,0.7
2025-01-30 04:00:00,0.2869,0.2887,0.2857,0.2882,122149.9,1738213199999,35092.1798,356,52646.9,15124.85911,0,0.7
2025-01-30 05:00:00,0.2883,0.2885,0.2854,0.2869,103238.5,1738216799999,29539.30832,314,15862.8,4543.53835,0,0.7
2025-01-30 06:00:00,0.287,0.2885,0.2869,0.2873,90993.7,1738220399999,26189.75297,257,53522.9,15405.89358,0,0.7
2025-01-30 07:00:00,0.2875,0.2876,0.2854,0.2869,78829.6,1738223999999,22572.30413,276,34978.3,10017.22297,0,0.7
2025-01-30 08:00:00,0.287,0.2879,0.2852,0.2872,112229.3,1738227599999,32117.08522,428,45547.9,13027.41964,0,0.7
2025-01-30 09:00:00,0.2868,0.2894,0.2866,0.2889,149906.6,1738231199999,43213.96388,320,67966.2,19591.00329,0,0.7
2025-01-30 10:00:00,0.2888,0.2907,0.2873,0.2901,382871.5,1738234799999,110684.85927,678,237293.4,68627.1463,0,0.7
2025-01-30 11:00:00,0.2906,0.2907,0.2884,0.2894,143817.9,1738238399999,41568.70447,268,91549.1,26465.30291,0,0.7
2025-01-30 12:00:00,0.2895,0.2895,0.2864,0.2881,177407.3,1738241999999,51026.03194,541,56070.1,16134.60817,0,0.7
2025-01-30 13:00:00,0.2879,0.2912,0.2874,0.2893,514801.2,1738245599999,148788.2265,875,289309.6,83645.93227,0,0.7
2025-01-30 14:00:00,0.2897,0.2938,0.2891,0.2931,312245.5,1738249199999,90908.85888,647,165432.1,48181.1055,0,0.7
2025-01-30 15:00:00,0.2931,0.2949,0.2922,0.2931,177313.7,1738252799999,52088.18615,450,85243.0,25052.29423,0,0.7
2025-01-30 16:00:00,0.2933,0.2949,0.2926,0.294,148948.2,1738256399999,43760.77386,308,70321.2,20665.9712,0,0.7
2025-01-30 17:00:00,0.2938,0.2939,0.2917,0.2925,105949.5,1738259999999,31010.34176,413,27123.7,7945.60409,0,0.7
2025-01-30 18:00:00,0.2924,0.2924,0.2897,0.2917,151768.7,1738263599999,44194.79472,353,94862.6,27626.33383,0,0.7
2025-01-30 19:00:00,0.2918,0.2923,0.2901,0.2923,82957.8,1738267199999,24153.95195,217,38328.7,11165.70128,0,0.7
2025-01-30 20:00:00,0.2923,0.2924,0.289,0.2893,108579.2,1738270799999,31522.06969,234,49416.7,14358.68562,0,0.7
2025-01-30 21:00:00,0.2893,0.2905,0.2891,0.2898,30523.5,1738274399999,8846.3373,95,15596.9,4523.40235,0,0.7
2025-01-30 22:00:00,0.2899,0.2918,0.2893,0.2903,37560.2,1738277999999,10922.19669,125,18132.2,5278.76879,0,0.7
2025-01-30 23:00:00,0.29,0.2913,0.2893,0.2894,57745.7,1738281599999,16737.29479,113,9719.8,2822.48444,0,0.7
2025-01-31 00:00:00,0.2895,0.2905,0.2872,0.2905,134774.9,1738285199999,38957.61174,367,56957.5,16477.86418,0,0.76
2025-01-31 01:00:00,0.2906,0.2912,0.2897,0.2912,73947.3,1738288799999,21467.9672,217,37449.1,10873.50081,0,0.76
2025-01-31 02:00:00,0.2905,0.2913,0.2881,0.2887,70795.6,1738292399999,20476.82392,140,19327.9,5604.81207,0,0.76
2025-01-31 03:00:00,0.2878,0.2884,0.2855,0.2871,118385.5,1738295999999,34012.36935,233,53111.8,15270.64655,0,0.76
2025-01-31 04:00:00,0.2871,0.2876,0.286,0.2862,35231.3,1738299599999,10100.05118,86,19555.8,5606.37691,0,0.76
2025-01-31 05:00:00,0.2864,0.2882,0.2864,0.288,34307.8,1738303199999,9857.10782,89,9901.6,2841.15607,0,0.76
2025-01-31 06:00:00,0.2881,0.2907,0.2877,0.2902,96719.6,1738306799999,27958.38633,220,50171.8,14508.41494,0,0.76
2025-01-31 07:00:00,0.2903,0.2922,0.2892,0.29,152555.9,1738310399999,44334.3517,335,94789.0,27537.77691,0,0.76
2025-01-31 08:00:00,0.2899,0.2902,0.2876,0.288,54541.4,1738313999999,15744.39752,193,19716.0,5690.98596,0,0.76
2025-01-31 09:00:00,0.2878,0.2909,0.2876,0.2905,166190.6,1738317599999,48139.7894,352,103192.1,29903.67581,0,0.76
2025-01-31 10:00:00,0.2903,0.2905,0.2881,0.2902,65728.5,1738321199999,19014.94034,196,28159.9,8148.22239,0,0.76
2025-01-31 11:00:00,0.2902,0.2949,0.2899,0.2949,259214.4,1738324799999,76074.58248,697,143206.0,42054.19822,0,0.76
2025-01-31 12:00:00,0.2946,0.2963,0.2939,0.2961,281122.8,1738328399999,82962.01238,637,94637.4,27931.47235,0,0.76
2025-01-31 13:00:00,0.296,0.2992,0.2948,0.2967,306643.6,1738331999999,91108.49695,835,180690.7,53732.05554,0,0.76
2025-01-31 14:00:00,0.2967,0.304,0.2959,0.301,781783.6,1738335599999,234785.31954,1685,369483.3,111026.0731,0,0.76
2025-01-31 15:00:00,0.3011,0.3012,0.2972,0.3011,634217.5,1738339199999,189804.26401,1535,354477.1,106073.86261,0,0.76
2025-01-31 16:00:00,0.3009,0.3016,0.2991,0.2999,216141.6,1738342799999,64907.33394,516,112787.1,33876.55836,0,0.76
2025-01-31 17:00:00,0.3002,0.3002,0.2972,0.2973,118307.0,1738346399999,35279.94011,362,42790.7,12757.837,0,0.76
2025-01-31 18:00:00,0.2971,0.2983,0.2912,0.2924,524189.3,1738349999999,153837.44707,1417,276665.5,81146.44185,0,0.76
2025-01-31 19:00:00,0.2921,0.2947,0.2917,0.2938,183199.6,1738353599999,53724.651,496,104169.2,30563.44798,0,0.76
2025-01-31 20:00:00,0.2934,0.2937,0.2892,0.2917,184145.0,1738357199999,53607.10227,447,76389.5,22252.76232,0,0.76
2025-01-31 21:00:00,0.2915,0.2918,0.2886,0.2912,493315.2,1738360799999,142977.9732,946,228691.9,66257.49334,0,0.76
2025-01-31 22:00:00,0.2911,0.2918,0.2894,0.2905,44962.0,1738364399999,13052.82992,120,12474.2,3629.6149,0,0.76
2025-01-31 23:00:00,0.2903,0.2916,0.2898,0.2916,125128.4,1738367999999,36342.94206,243,79690.2,23147.23267,0,0.76
2025-02-01 00:00:00,0.2916,0.2935,0.2892,0.2932,223913.5,1738371599999,65159.2794,592,90455.1,26320.38362,0,0.68
2025-02-01 01:00:00,0.2934,0.2942,0.2922,0.2928,123036.8,1738375199999,36072.69273,427,41874.3,12275.48746,0,0.68
2025-02-01 02:00:00,0.2927,0.2959,0.2926,0.2949,387154.2,1738378799999,113982.99293,1592,226551.7,66704.95675,0,0.68
2025-02-01 03:00:00,0.2947,0.295,0.2911,0.2927,249325.7,1738382399999,73079.43058,1144,152177.7,44601.81557,0,0.68
2025-02-01 04:00:00,0.2926,0.296,0.2917,0.2954,272955.1,1738385999999,80301.65495,599,119301.2,35087.11485,0,0.68
2025-02-01 05:00:00,0.2954,0.2979,0.2953,0.2969,210671.2,1738389599999,62510.81167,455,109182.9,32405.8955,0,0.68
2025-02-01 06:00:00,0.2968,0.2972,0.2951,0.2967,249595.1,1738393199999,74032.66283,515,114652.7,34034.73947,0,0.68
2025-02-01 07:00:00,0.2966,0.2979,0.2945,0.2948,163613.3,1738396799999,48513.5301,476,101378.3,30088.00444,0,0.68
2025-02-01 08:00:00,0.2949,0.2956,0.2916,0.2932,255416.6,1738400399999,74930.35266,455,149440.5,43868.96652,0,0.68
2025-02-01 09:00:00,0.2932,0.2932,0.2877,0.288,141799.7,1738403999999,41217.37037,396,66425.6,19279.35201,0,0.68
2025-02-01 10:00:00,0.2883,0.2909,0.2878,0.2885,78863.0,1738407599999,22817.52646,234,25241.6,7301.11065,0,0.68
2025-02-01 11:00:00,0.2884,0.2918,0.2882,0.2914,118900.7,1738411199999,34499.57934,294,57439.9,16666.02222,0,0.68
2025-02-01 12:00:00,0.2912,0.2923,0.2902,0.2916,110518.6,1738414799999,32202.84385,359,43046.7,12544.17636,0,0.68
2025-02-01 13:00:00,0.2916,0.2927,0.289,0.2893,150141.8,1738418399999,43773.88483,409,73105.5,21348.96641,0,0.68
2025-02-01 14:00:00,0.2893,0.291,0.2886,0.289,278455.2,1738421999999,80650.07198,844,112246.1,32513.81499,0,0.68
2025-02-01 15:00:00,0.2889,0.2892,0.285,0.2858,492718.1,1738425599999,141256.20303,2059,206648.0,59216.63024,0,0.68
2025-02-01 16:00:00,0.2859,0.2883,0.2848,0.2853,116563.8,1738429199999,33434.45941,372,59375.0,17036.79229,0,0.68
2025-02-01 17:00:00,0.2858,0.2878,0.2844,0.2863,67111.4,1738432799999,19214.71679,186,46475.2,13307.31622,0,0.68
2025-02-01 18:00:00,0.2864,0.2872,0.2828,0.2835,233878.0,1738436399999,66732.94482,478,133927.0,38310.59069,0,0.68
2025-02-01 19:00:00,0.2835,0.2835,0.2787,0.2791,548580.0,1738439999999,154096.19507,1091,334648.5,94084.54372,0,0.68
2025-02-01 20:00:00,0.2791,0.2792,0.2748,0.2775,358287.2,1738443599999,99124.63976,857,142310.6,39359.22227,0,0.68
2025-02-01 21:00:00,0.2768,0.2792,0.2756,0.2761,240017.7,1738447199999,66678.49763,547,102792.6,28556.63619,0,0.68
2025-02-01 22:00:00,0.276,0.2769,0.2724,0.2728,201399.3,1738450799999,55174.21934,493,105200.2,28822.1458,0,0.68
2025-02-01 23:00:00,0.2726,0.2729,0.2674,0.2692,557672.8,1738454399999,150262.92177,1313,177480.0,47820.93521,0,0.68
2025-02-02 00:00:00,0.2693,0.2755,0.2687,0.2742,244076.5,1738457999999,66651.28937,622,95146.1,25955.72311,0,0.6
2025-02-02 01:00:00,0.2743,0.2764,0.2733,0.274,198080.2,1738461599999,54568.96252,391,68037.5,18738.92193,0,0.6
2025-02-02 02:00:00,0.274,0.274,0.2698,0.2702,225106.8,1738465199999,61130.63128,500,77952.2,21168.80379,0,0.6
2025-02-02 03:00:00,0.2695,0.2705,0.2629,0.2634,1385459.6,1738468799999,367425.07404,4178,604056.6,160165.92804,0,0.6
2025-02-02 04:00:00,0.2631,0.2673,0.2628,0.2645,271764.4,1738472399999,72089.05425,793,174333.8,46236.88734,0,0.6
2025-02-02 05:00:00,0.2643,0.2692,0.2643,0.2672,338417.7,1738475999999,90304.08888,548,154392.8,41258.09049,0,0.6
2025-02-02 06:00:00,0.2671,0.2694,0.2671,0.2678,79849.8,1738479599999,21411.06415,280,48366.7,12963.6585,0,0.6
2025-02-02 07:00:00,0.268,0.268,0.2655,0.266,131741.1,1738483199999,35112.96527,370,66019.5,17592.13811,0,0.6
2025-02-02 08:00:00,0.2656,0.2712,0.2654,0.2694,502768.2,1738486799999,134574.39475,1179,358316.3,95906.75645,0,0.6
2025-02-02 09:00:00,0.2694,0.2694,0.2674,0.2688,257822.1,1738490399999,69149.95635,354,62055.1,16648.92953,0,0.6
2025-02-02 10:00:00,0.2687,0.2688,0.2649,0.2659,334152.4,1738493999999,88800.76821,434,195342.6,51853.81169,0,0.6
2025-02-02 11:00:00,0.2658,0.2665,0.2603,0.2609,339154.0,1738497599999,89159.14815,1044,128878.2,33856.87002,0,0.6
2025-02-02 12:00:00,0.2607,0.2637,0.2595,0.2597,214611.4,1738501199999,56104.84293,561,112590.5,29471.69892,0,0.6
2025-02-02 13:00:00,0.2598,0.2649,0.2598,0.2648,156043.8,1738504799999,41002.67381,415,95461.6,25073.9593,0,0.6
2025-02-02 14:00:00,0.2649,0.2657,0.2641,0.2641,166505.2,1738508399999,44113.62593,374,76784.0,20348.16375,0,0.6
2025-02-02 15:00:00,0.2639,0.2639,0.26,0.2623,169737.0,1738511999999,44418.72647,493,94064.8,24630.57135,0,0.6
2025-02-02 16:00:00,0.262,0.262,0.252,0.2535,1207733.5,1738515599999,309305.7486,2682,525430.6,134574.51948,0,0.6
2025-02-02 17:00:00,0.2535,0.2547,0.2418,0.2438,1670840.3,1738519199999,415307.1628,3751,727758.4,180670.13273,0,0.6
2025-02-02 18:00:00,0.2439,0.2468,0.2368,0.2379,1427782.7,1738522799999,344353.06492,3643,696211.7,168035.03132,0,0.6
2025-02-02 19:00:00,0.2378,0.2449,0.2346,0.2425,1510216.5,1738526399999,361314.4815,3189,722953.0,172915.73458,0,0.6
2025-02-02 20:00:00,0.2423,0.2452,0.2386,0.2391,485283.2,1738529999999,117699.15075,1090,307271.7,74547.10551,0,0.6
2025-02-02 21:00:00,0.2389,0.2397,0.2342,0.235,881497.1,1738533599999,209402.22432,1603,429590.3,102047.5011,0,0.6
2025-02-02 22:00:00,0.2353,0.2389,0.22,0.2342,1790370.0,1738537199999,411656.02911,3147,981496.2,225847.04029,0,0.6
2025-02-02 23:00:00,0.234,0.2351,0.2254,0.2342,2377460.3,1738540799999,546746.68104,3783,1144596.7,262866.42171,0,0.6
2025-02-03 00:00:00,0.2342,0.2343,0.2162,0.2237,2911964.5,1738544399999,649653.39978,5630,1412775.9,315633.84719,0,0.44
2025-02-03 01:00:00,0.2239,0.2257,0.1879,0.1989,5378751.3,1738547999999,1131853.94227,9926,2354583.6,497413.40943,0,0.44
2025-02-03 02:00:00,0.199,0.2058,0.1772,0.2,7430140.1,1738551599999,1460617.89404,18871,3396159.9,667076.52506,0,0.44
2025-02-03 03:00:00,0.2002,0.2091,0.2,0.2056,1305159.9,1738555199999,268279.16954,2723,695143.1,142938.95167,0,0.44
2025-02-03 04:00:00,0.2061,0.2085,0.1979,0.1983,1305549.3,1738558799999,264485.55282,2481,622374.7,126064.87278,0,0.44
2025-02-03 05:00:00,0.1986,0.2086,0.1986,0.2086,1179071.6,1738562399999,240212.2134,2263,370384.5,75515.64067,0,0.44
2025-02-03 06:00:00,0.2085,0.2122,0.2059,0.2102,1064086.1,1738565999999,222655.26034,2011,521401.5,108993.6838,0,0.44
2025-02-03 07:00:00,0.2102,0.2163,0.2098,0.2156,995734.5,1738569599999,211741.30449,1857,453189.4,96480.05978,0,0.44
2025-02-03 08:00:00,0.2157,0.2157,0.2084,0.2115,685406.7,1738573199999,144949.37742,1192,402282.3,85083.70311,0,0.44
2025-02-03 09:00:00,0.2114,0.2147,0.209,0.2095,1172170.6,1738576799999,248277.46211,2023,619744.6,131006.96792,0,0.44
2025-02-03 10:00:00,0.2095,0.2158,0.2087,0.2155,880560.3,1738580399999,186673.83537,1657,478242.0,101522.05045,0,0.44
2025-02-03 11:00:00,0.2158,0.2159,0.2115,0.2133,553326.9,1738583999999,117987.67062,1010,233120.2,49733.07022,0,0.44
2025-02-03 12:00:00,0.2133,0.2175,0.2109,0.2113,547171.6,1738587599999,117303.10388,1036,300662.3,64513.97345,0,0.44
2025-02-03 13:00:00,0.2112,0.2132,0.2079,0.2097,562971.6,1738591199999,118566.46514,1023,257576.7,54234.61845,0,0.44
2025-02-03 14:00:00,0.2099,0.2175,0.2043,0.2166,4581304.2,1738594799999,971326.16638,7241,2379339.8,504688.99835,0,0.44
2025-02-03 15:00:00,0.2165,0.227,0.2151,0.2253,2525981.6,1738598399999,563116.42665,3661,1357408.0,302608.66621,0,0.44
2025-02-03 16:00:00,0.2252,0.2278,0.2241,0.2254,809476.4,1738601999999,183327.97455,1335,402427.4,91184.62527,0,0.44
2025-02-03 17:00:00,0.2254,0.2274,0.2239,0.2264,628901.0,1738605599999,142004.54324,1273,321828.9,72714.95396,0,0.44
2025-02-03 18:00:00,0.2262,0.2271,0.2242,0.2271,411505.6,1738609199999,92841.01746,1067,235461.2,53108.24309,0,0.44
2025-02-03 19:00:00,0.2273,0.2321,0.2263,0.2318,598849.3,1738612799999,137621.05098,985,309586.1,71190.45258,0,0.44
2025-02-03 20:00:00,0.2319,0.2319,0.2266,0.2283,436100.9,1738616399999,99785.96377,735,225217.7,51524.26126,0,0.44
2025-02-03 21:00:00,0.2282,0.238,0.2282,0.238,832100.8,1738619999999,194436.34173,1162,419241.4,97914.84806,0,0.44
2025-02-03 22:00:00,0.2378,0.2427,0.2371,0.2406,919427.9,1738623599999,220890.22092,1287,487305.4,117059.84512,0,0.44
2025-02-03 23:00:00,0.241,0.241,0.2368,0.2385,484185.2,1738627199999,115471.32912,561,255533.9,60892.0074,0,0.44
2025-02-04 00:00:00,0.2384,0.2412,0.236,0.2362,317735.9,1738630799999,75946.86494,541,199705.5,47738.29902,0,0.72
2025-02-04 01:00:00,0.2363,0.2386,0.2358,0.2372,296966.2,1738634399999,70421.34935,419,196688.2,46637.28311,0,0.72
2025-02-04 02:00:00,0.2375,0.2379,0.2335,0.2339,164464.6,1738637999999,38800.50907,281,70531.9,16647.08478,0,0.72
2025-02-04 03:00:00,0.2338,0.2345,0.2318,0.233,165664.1,1738641599999,38599.48219,311,80937.8,18864.4169,0,0.72
2025-02-04 04:00:00,0.2331,0.2352,0.2309,0.2311,333778.9,1738645199999,77937.438,466,178879.3,41747.41198,0,0.72
2025-02-04 05:00:00,0.2315,0.2315,0.2202,0.2204,1464054.5,1738648799999,327345.40073,1671,637415.7,142168.34948,0,0.72
2025-02-04 06:00:00,0.2207,0.2243,0.2207,0.2238,421984.2,1738652399999,94015.05939,577,227772.7,50731.40326,0,0.72
2025-02-04 07:00:00,0.2236,0.2236,0.2166,0.2171,413601.2,1738655999999,91105.59868,508,161751.3,35717.44761,0,0.72
2025-02-04 08:00:00,0.2175,0.2207,0.2166,0.2183,660030.9,1738659599999,144053.21386,776,351710.3,76717.22176,0,0.72
2025-02-04 09:00:00,0.2183,0.2202,0.2179,0.2179,207165.2,1738663199999,45463.51203,311,90479.0,19854.16635,0,0.72
2025-02-04 10:00:00,0.2182,0.2244,0.2182,0.2235,655568.8,1738666799999,145448.29866,709,235291.1,52176.70794,0,0.72
2025-02-04 11:00:00,0.2234,0.2265,0.2229,0.223,399253.2,1738670399999,89925.77561,604,160334.8,36145.64082,0,0.72
2025-02-04 12:00:00,0.2234,0.2297,0.2234,0.2272,250514.8,1738673999999,56885.43086,393,146514.0,33292.50379,0,0.72
2025-02-04 13:00:00,0.227,0.2287,0.2252,0.2255,335913.9,1738677599999,76417.26467,386,212055.8,48259.44248,0,0.72
2025-02-04 14:00:00,0.2256,0.2318,0.2241,0.2302,980131.3,1738681199999,224842.6741,1375,525776.5,120606.13808,0,0.72
2025-02-04 15:00:00,0.2302,0.2312,0.2239,0.228,1210084.1,1738684799999,275067.41043,1442,691157.0,157167.55383,0,0.72
2025-02-04 16:00:00,0.228,0.232,0.227,0.2288,305479.9,1738688399999,70086.67012,462,161155.8,36975.57954,0,0.72
2025-02-04 17:00:00,0.2289,0.2319,0.2275,0.2294,310732.8,1738691999999,71412.56166,529,144922.9,33260.45084,0,0.72
2025-02-04 18:00:00,0.2294,0.2322,0.2283,0.2313,342596.8,1738695599999,78970.38302,808,196700.0,45321.1907,0,0.72
2025-02-04 19:00:00,0.2312,0.2358,0.2267,0.2267,919665.2,1738699199999,213497.77801,1558,488777.1,113658.34442,0,0.72
2025-02-04 20:00:00,0.2268,0.2293,0.2244,0.2257,1122065.6,1738702799999,254223.05946,1558,567817.6,128616.43127,0,0.72
2025-02-04 21:00:00,0.2254,0.2254,0.2199,0.2202,689621.5,1738706399999,153492.24428,1029,326447.2,72671.95857,0,0.72
2025-02-04 22:00:00,0.2202,0.2255,0.2199,0.2243,322504.1,1738709999999,71784.63835,510,175301.2,39062.19126,0,0.72
2025-02-04 23:00:00,0.2241,0.2288,0.2241,0.2264,603572.9,1738713599999,136906.19196,831,295261.4,66929.16235,0,0.72
2025-02-05 00:00:00,0.2261,0.2269,0.2239,0.2254,287801.8,1738717199999,64945.25046,583,194228.1,43842.37914,0,0.54
2025-02-05 01:00:00,0.2254,0.2283,0.2243,0.2249,321855.4,1738720799999,72876.89268,516,183151.9,41440.8657,0,0.54
2025-02-05 02:00:00,0.2243,0.2294,0.2238,0.2288,270277.7,1738724399999,61322.42471,446,120581.7,27328.55581,0,0.54
2025-02-05 03:00:00,0.2287,0.2293,0.227,0.2276,240854.1,1738727999999,54955.55424,309,111329.2,25391.35678,0,0.54
2025-02-05 04:00:00,0.2279,0.2286,0.2269,0.228,49577.0,1738731599999,11283.65432,134,18976.3,4324.29367,0,0.54
2025-02-05 05:00:00,0.2283,0.2324,0.2261,0.2311,424737.8,1738735199999,97556.28209,658,226372.6,52066.52976,0,0.54
2025-02-05 06:00:00,0.231,0.2312,0.2284,0.2287,239227.5,1738738799999,54998.65527,391,130783.1,30078.25933,0,0.54
2025-02-05 07:00:00,0.2289,0.2302,0.227,0.2293,215418.3,1738742399999,49304.03363,367,129630.5,29677.66231,0,0.54
2025-02-05 08:00:00,0.2293,0.2302,0.2282,0.2302,157660.2,1738745999999,36159.32059,381,113050.7,25933.87755,0,0.54
2025-02-05 09:00:00,0.2302,0.2327,0.2289,0.23,257581.9,1738749599999,59371.07149,528,134085.9,30907.43029,0,0.54
2025-02-05 10:00:00,0.2298,0.2306,0.2292,0.2295,182299.7,1738753199999,41900.91825,615,129583.8,29786.7236,0,0.54
2025-02-05 11:00:00,0.2296,0.233,0.2296,0.2321,359642.7,1738756799999,83249.96631,504,170588.6,39488.4849,0,0.54
2025-02-05 12:00:00,0.2322,0.233,0.2306,0.2309,186064.2,1738760399999,43086.15033,308,93682.9,21689.9366,0,0.54
2025-02-05 13:00:00,0.231,0.2332,0.2307,0.2325,109397.4,1738763999999,25371.70109,224,66023.6,15316.64542,0,0.54
2025-02-05 14:00:00,0.2328,0.2337,0.2294,0.2298,237969.9,1738767599999,55248.77932,417,123491.3,28685.14313,0,0.54
2025-02-05 15:00:00,0.2301,0.231,0.2273,0.2293,399623.4,1738771199999,91535.26111,614,221419.7,50718.49971,0,0.54
2025-02-05 16:00:00,0.2293,0.2301,0.2249,0.2285,496949.6,1738774799999,112983.06992,811,248709.9,56598.18784,0,0.54
2025-02-05 17:00:00,0.2283,0.2291,0.2207,0.2213,418464.3,1738778399999,93344.49267,713,175181.9,39103.45767,0,0.54
2025-02-05 18:00:00,0.2213,0.2239,0.2201,0.2213,225558.5,1738781999999,50071.67179,374,125888.4,27946.94366,0,0.54
2025-02-05 19:00:00,0.2214,0.2268,0.2205,0.226,233353.0,1738785599999,52275.93253,411,113060.6,25337.83598,0,0.54
2025-02-05 20:00:00,0.2262,0.2268,0.2215,0.2235,230698.4,1738789199999,51788.46448,451,130394.4,29330.43198,0,0.54
2025-02-05 21:00:00,0.2241,0.2244,0.2213,0.2222,135190.2,1738792799999,30141.22778,262,42394.8,9463.92084,0,0.54
2025-02-05 22:00:00,0.2221,0.2232,0.2189,0.2206,231428.0,1738796399999,51131.03656,480,97112.7,21451.1459,0,0.54
2025-02-05 23:00:00,0.2208,0.2225,0.2205,0.2221,141004.7,1738799999999,31258.32729,257,75486.3,16735.82994,0,0.54
2025-02-06 00:00:00,0.2222,0.224,0.221,0.221,293144.0,1738803599999,65216.86199,743,105543.6,23523.14851,0,0.49
2025-02-06 01:00:00,0.221,0.2254,0.2199,0.2237,243438.4,1738807199999,54163.93621,492,103890.3,23143.3567,0,0.49
2025-02-06 02:00:00,0.2234,0.2257,0.2234,0.2241,114322.6,1738810799999,25630.42236,184,46525.8,10438.28181,0,0.49
2025-02-06 03:00:00,0.2239,0.2254,0.2226,0.2244,89389.8,1738814399999,20003.15814,228,45891.9,10273.82551,0,0.49
2025-02-06 04:00:00,0.2243,0.2253,0.2235,0.225,51286.8,1738817999999,11512.61571,116,30084.2,6754.60967,0,0.49
2025-02-06 05:00:00,0.2249,0.2252,0.2235,0.2248,61230.7,1738821599999,13750.82355,136,24539.9,5508.35697,0,0.49
2025-02-06 06:00:00,0.2249,0.2262,0.2237,0.2259,155589.6,1738825199999,34998.02436,354,100641.0,22660.75582,0,0.49
2025-02-06 07:00:00,0.226,0.226,0.2227,0.2227,175640.8,1738828799999,39404.74348,434,80033.1,17972.42166,0,0.49
2025-02-06 08:00:00,0.2231,0.2236,0.2212,0.2218,250888.5,1738832399999,55761.9763,878,177255.9,39415.29176,0,0.49
2025-02-06 09:00:00,0.2218,0.2244,0.2213,0.2239,311920.1,1738835999999,69647.42558,676,177202.4,39523.67306,0,0.49
2025-02-06 10:00:00,0.2238,0.2246,0.2216,0.223,213000.3,1738839599999,47504.3503,433,130313.7,29071.91564,0,0.49
2025-02-06 11:00:00,0.2231,0.2231,0.2195,0.2213,204893.3,1738843199999,45287.51345,395,106136.1,23466.6864,0,0.49
2025-02-06 12:00:00,0.2214,0.2217,0.2172,0.2181,237231.9,1738846799999,52017.57028,499,145663.9,31955.97201,0,0.49
2025-02-06 13:00:00,0.2185,0.223,0.2185,0.2213,584488.6,1738850399999,129188.4341,1131,312292.0,68990.66411,0,0.49
2025-02-06 14:00:00,0.2214,0.2218,0.2143,0.215,614476.9,1738853999999,133238.34061,1295,297453.3,64452.97829,0,0.49
2025-02-06 15:00:00,0.2153,0.2163,0.2101,0.2112,1207469.1,1738857599999,257062.21261,2052,755740.8,160842.86943,0,0.49
2025-02-06 16:00:00,0.2112,0.213,0.2096,0.2108,450658.1,1738861199999,95247.53031,896,246995.1,52229.17375,0,0.49
2025-02-06 17:00:00,0.2112,0.214,0.2099,0.211,343419.1,1738864799999,72641.54436,580,161947.7,34283.2051,0,0.49
2025-02-06 18:00:00,0.2111,0.2115,0.2093,0.2097,269004.9,1738868399999,56569.22692,433,121159.6,25471.7746,0,0.49
2025-02-06 19:00:00,0.2096,0.2129,0.2083,0.2092,324419.8,1738871999999,68215.69095,570,209276.0,43987.5344,0,0.49
2025-02-06 20:00:00,0.2091,0.2136,0.2087,0.2132,255535.2,1738875599999,54106.17801,417,160376.7,33973.7362,0,0.49
2025-02-06 21:00:00,0.2133,0.2133,0.21,0.2127,441365.9,1738879199999,93054.75434,605,135147.3,28551.59036,0,0.49
2025-02-06 22:00:00,0.2123,0.2127,0.21,0.2124,233054.2,1738882799999,49248.28463,392,150019.4,31711.77445,0,0.49
2025-02-06 23:00:00,0.2118,0.2127,0.2088,0.2108,522648.5,1738886399999,109789.59419,514,107980.0,22709.12374,0,0.49
2025-02-07 00:00:00,0.2109,0.2136,0.2104,0.211,150054.7,1738889999999,31813.73359,351,72172.8,15302.24501,0,0.44
2025-02-07 01:00:00,0.211,0.2168,0.2109,0.2156,286918.7,1738893599999,61439.22463,597,189657.1,40654.43816,0,0.44
2025-02-07 02:00:00,0.2155,0.2168,0.2139,0.215,163552.5,1738897199999,35175.3643,336,91296.0,19640.78693,0,0.44
2025-02-07 03:00:00,0.2148,0.2156,0.2125,0.2137,93976.5,1738900799999,20141.91457,183,58529.4,12540.05125,0,0.44
2025-02-07 04:00:00,0.214,0.2151,0.2124,0.2132,540415.6,1738904399999,115644.80449,872,161981.6,34634.26702,0,0.44
2025-02-07 05:00:00,0.2132,0.2138,0.2118,0.2131,221421.1,1738907999999,47092.79002,403,120637.5,25667.21039,0,0.44
2025-02-07 06:00:00,0.2133,0.2134,0.2092,0.2099,767513.7,1738911599999,161414.64109,1264,257255.9,54153.39394,0,0.44
2025-02-07 07:00:00,0.2099,0.2147,0.2099,0.2124,387809.5,1738915199999,82099.63338,667,261355.9,55258.33968,0,0.44
2025-02-07 08:00:00,0.2124,0.2162,0.2112,0.2146,124615.9,1738918799999,26672.16181,354,65301.8,13980.91785,0,0.44
2025-02-07 09:00:00,0.2146,0.2174,0.2144,0.2171,101353.0,1738922399999,21855.94556,270,50028.5,10783.50071,0,0.44
2025-02-07 10:00:00,0.2172,0.2182,0.2168,0.2171,89482.3,1738925999999,19440.60917,246,48236.1,10480.14172,0,0.44
2025-02-07 11:00:00,0.217,0.2193,0.2167,0.2185,149680.5,1738929599999,32599.39763,398,75548.3,16458.02242,0,0.44
2025-02-07 12:00:00,0.2184,0.2201,0.217,0.2185,143691.3,1738933199999,31385.26617,275,68530.4,14958.61834,0,0.44
2025-02-07 13:00:00,0.2185,0.2237,0.2172,0.2234,868375.6,1738936799999,191198.32112,1520,451750.4,99477.88584,0,0.44
2025-02-07 14:00:00,0.223,0.2252,0.2221,0.225,385551.9,1738940399999,86392.45267,909,209172.3,46868.20272,0,0.44
2025-02-07 15:00:00,0.2249,0.2249,0.2197,0.2216,687135.0,1738943999999,152450.47129,1311,344159.9,76363.64292,0,0.44
2025-02-07 16:00:00,0.2216,0.2224,0.219,0.219,223822.5,1738947599999,49324.7299,533,110632.4,24387.12236,0,0.44
2025-02-07 17:00:00,0.2191,0.2193,0.2162,0.218,214558.9,1738951199999,46685.84442,426,100115.4,21777.54374,0,0.44
2025-02-07 18:00:00,0.218,0.2209,0.2175,0.2192,122858.5,1738954799999,26951.23756,251,65514.5,14362.70621,0,0.44
2025-02-07 19:00:00,0.2192,0.2193,0.2171,0.2174,87523.2,1738958399999,19138.87397,168,27478.6,6013.5509,0,0.44
2025-02-07 20:00:00,0.2169,0.2169,0.2097,0.2099,538887.5,1738961999999,114430.4588,746,187927.2,39987.47658,0,0.44
2025-02-07 21:00:00,0.21,0.2116,0.2085,0.2088,250045.5,1738965599999,52528.34219,490,131271.3,27591.09924,0,0.44
2025-02-07 22:00:00,0.2087,0.2092,0.206,0.209,203513.2,1738969199999,42208.57632,484,105515.1,21885.71875,0,0.44
2025-02-07 23:00:00,0.2088,0.2124,0.2085,0.2123,139129.0,1738972799999,29224.36249,266,39228.5,8245.85919,0,0.44
2025-02-08 00:00:00,0.2113,0.2145,0.211,0.2134,156959.1,1738976399999,33447.13793,269,85407.5,18190.53294,0,0.44
2025-02-08 01:00:00,0.2131,0.2134,0.2109,0.2109,75478.9,1738979999999,16011.88787,142,35364.6,7491.69735,0,0.44
2025-02-08 02:00:00,0.2112,0.2119,0.2104,0.2117,72506.2,1738983599999,15303.17593,155,42428.0,8961.79975,0,0.44
2025-02-08 03:00:00,0.212,0.2129,0.2109,0.2115,57737.6,1738987199999,12247.64094,146,22039.7,4666.17238,0,0.44
2025-02-08 04:00:00,0.2109,0.2119,0.2106,0.2111,83052.8,1738990799999,17538.01589,200,35130.3,7421.79711,0,0.44
2025-02-08 05:00:00,0.211,0.212,0.2098,0.2115,67250.1,1738994399999,14186.92131,162,36840.3,7774.83317,0,0.44
2025-02-08 06:00:00,0.2114,0.2131,0.2108,0.2117,98738.7,1738997999999,20933.28287,257,51447.7,10906.26171,0,0.44
2025-02-08 07:00:00,0.2116,0.2147,0.2101,0.2132,183512.8,1739001599999,38900.17278,399,100883.7,21394.1743,0,0.44
2025-02-08 08:00:00,0.2131,0.2136,0.2113,0.2113,107690.0,1739005199999,22875.65297,347,57347.1,12184.36592,0,0.44
2025-02-08 09:00:00,0.2113,0.213,0.2113,0.2124,84182.2,1739008799999,17870.1278,141,35065.1,7441.71006,0,0.44
2025-02-08 10:00:00,0.2126,0.213,0.2103,0.2107,120883.3,1739012399999,25565.56288,235,64770.6,13692.20879,0,0.44
2025-02-08 11:00:00,0.2109,0.2122,0.2105,0.2122,125287.2,1739015999999,26431.43093,159,39478.2,8331.48838,0,0.44
2025-02-08 12:00:00,0.2118,0.2134,0.2108,0.2117,159251.5,1739019599999,33839.22441,242,118045.1,25098.86178,0,0.44
2025-02-08 13:00:00,0.2119,0.2153,0.2116,0.2141,315456.3,1739023199999,67328.05872,446,159700.0,34092.21562,0,0.44
2025-02-08 14:00:00,0.2141,0.2169,0.2134,0.2164,184743.1,1739026799999,39662.24939,334,117595.5,25257.32973,0,0.44
2025-02-08 15:00:00,0.2165,0.2174,0.2148,0.2161,121307.7,1739030399999,26214.29955,226,67634.3,14621.68344,0,0.44
2025-02-08 16:00:00,0.216,0.2183,0.215,0.2181,171862.9,1739033999999,37290.11688,357,88684.7,19250.49107,0,0.44
2025-02-08 17:00:00,0.2181,0.2223,0.2181,0.2215,270472.5,1739037599999,59550.95175,482,161918.4,35633.52394,0,0.44
2025-02-08 18:00:00,0.2216,0.2241,0.2205,0.2238,324538.4,1739041199999,72143.8514,579,192717.6,42831.99475,0,0.44
2025-02-08 19:00:00,0.2237,0.2237,0.2209,0.2222,362541.7,1739044799999,80501.88885,602,161751.0,35893.75439,0,0.44
2025-02-08 20:00:00,0.2222,0.2232,0.221,0.2217,100650.4,1739048399999,22315.30689,235,63031.5,13983.19404,0,0.44
2025-02-08 21:00:00,0.2218,0.2229,0.221,0.2217,98392.8,1739051999999,21825.60265,218,57751.5,12809.09097,0,0.44
2025-02-08 22:00:00,0.2216,0.2225,0.2202,0.2215,102993.5,1739055599999,22795.85452,234,51761.1,11453.86283,0,0.44
2025-02-08 23:00:00,0.2215,0.2235,0.2213,0.2224,99723.7,1739059199999,22205.56448,190,60320.1,13434.63333,0,0.44
2025-02-09 00:00:00,0.2224,0.2229,0.2207,0.221,106251.6,1739062799999,23528.14113,266,57354.0,12704.34126,0,0.46
2025-02-09 01:00:00,0.2211,0.2228,0.2205,0.2212,136739.4,1739066399999,30257.17906,224,73215.1,16197.5985,0,0.46
2025-02-09 02:00:00,0.2214,0.2223,0.2212,0.2213,120887.1,1739069999999,26815.15102,216,81852.1,18153.88393,0,0.46
2025-02-09 03:00:00,0.2213,0.2271,0.2209,0.2261,244820.4,1739073599999,54867.5883,571,135684.4,30381.56931,0,0.46
2025-02-09 04:00:00,0.226,0.2261,0.2244,0.2249,97832.5,1739077199999,22022.43631,258,49221.3,11087.62336,0,0.46
2025-02-09 05:00:00,0.2249,0.2249,0.2234,0.2241,89642.9,1739080799999,20099.5445,196,42149.0,9450.71277,0,0.46
2025-02-09 06:00:00,0.2241,0.2258,0.2234,0.2257,82959.6,1739084399999,18602.93346,196,59670.1,13386.68915,0,0.46
2025-02-09 07:00:00,0.2256,0.2294,0.2252,0.2287,484497.3,1739087999999,110428.79613,691,242430.2,55207.86684,0,0.46
2025-02-09 08:00:00,0.2289,0.2304,0.2277,0.2286,399106.7,1739091599999,91370.22971,763,267456.0,61227.59154,0,0.46
2025-02-09 09:00:00,0.2285,0.2289,0.2273,0.2276,281588.6,1739095199999,64199.69143,687,83729.5,19097.19169,0,0.46
2025-02-09 10:00:00,0.2275,0.2298,0.2268,0.2281,763378.5,1739098799999,174435.65132,2538,403600.6,92247.21817,0,0.46
2025-02-09 11:00:00,0.228,0.2286,0.2269,0.227,194950.0,1739102399999,44393.44021,561,82835.1,18862.96385,0,0.46
2025-02-09 12:00:00,0.2269,0.2282,0.2254,0.227,192548.4,1739105999999,43678.50509,546,112548.5,25534.01046,0,0.46
2025-02-09 13:00:00,0.227,0.2279,0.2231,0.2239,740879.5,1739109599999,166371.14859,1373,401070.8,90088.25,0,0.46
2025-02-09 14:00:00,0.2238,0.2261,0.2234,0.2254,434306.0,1739113199999,97632.85756,802,187140.5,42056.55875,0,0.46
2025-02-09 15:00:00,0.2255,0.2285,0.2255,0.2275,130047.0,1739116799999,29551.97194,385,74312.2,16881.67836,0,0.46
2025-02-09 16:00:00,0.2275,0.2286,0.2267,0.2283,153013.2,1739120399999,34862.65586,289,79781.9,18185.60814,0,0.46
2025-02-09 17:00:00,0.2282,0.2285,0.2255,0.2264,149494.9,1739123999999,33903.94908,242,52625.8,11946.51801,0,0.46
2025-02-09 18:00:00,0.2261,0.2277,0.2256,0.2271,48718.4,1739127599999,11047.33887,170,23968.3,5436.73733,0,0.46
2025-02-09 19:00:00,0.227,0.2272,0.2238,0.2241,156722.7,1739131199999,35285.3795,320,76335.2,17191.21606,0,0.46
2025-02-09 20:00:00,0.2241,0.2268,0.224,0.225,142051.3,1739134799999,31993.49822,285,96101.2,21648.39484,0,0.46
2025-02-09 21:00:00,0.2251,0.2251,0.2166,0.2181,708014.0,1739138399999,155905.67014,1194,274756.6,60362.0157,0,0.46
2025-02-09 22:00:00,0.2177,0.2256,0.2159,0.2241,588106.1,1739141999999,129699.35872,1411,355459.3,78553.95313,0,0.46
2025-02-09 23:00:00,0.2238,0.2269,0.2229,0.2258,358254.7,1739145599999,80728.06251,660,190092.8,42795.17613,0,0.46
2025-02-10 00:00:00,0.2257,0.2287,0.2254,0.2273,400354.0,1739149199999,91077.33507,708,223648.6,50862.90949,0,0.43
2025-02-10 01:00:00,0.2272,0.2273,0.2198,0.2202,261781.9,1739152799999,58629.59099,477,110955.4,24807.95675,0,0.43
2025-02-10 02:00:00,0.2204,0.2208,0.218,0.2188,202241.2,1739156399999,44341.9514,374,104047.8,22808.92908,0,0.43
2025-02-10 03:00:00,0.2188,0.2263,0.2181,0.2239,420803.5,1739159999999,94100.51221,791,245184.1,54756.69917,0,0.43
2025-02-10 04:00:00,0.2233,0.2258,0.2231,0.2247,101174.2,1739163599999,22688.33657,229,48681.0,10913.81332,0,0.43
2025-02-10 05:00:00,0.2248,0.2274,0.2238,0.2251,238281.6,1739167199999,53710.45532,443,95597.1,21555.23037,0,0.43
2025-02-10 06:00:00,0.2253,0.2268,0.2243,0.2268,289130.6,1739170799999,65151.57271,444,190616.4,42939.31269,0,0.43
2025-02-10 07:00:00,0.2272,0.2279,0.2258,0.2277,211842.7,1739174399999,48096.39929,292,110148.8,25000.6135,0,0.43
2025-02-10 08:00:00,0.2275,0.2299,0.2275,0.2284,272991.7,1739177999999,62492.50329,525,152209.9,34850.05029,0,0.43
2025-02-10 09:00:00,0.2285,0.229,0.2274,0.2286,149581.7,1739181599999,34137.32098,371,94530.7,21579.9984,0,0.43
2025-02-10 10:00:00,0.2285,0.2291,0.2273,0.2277,120269.7,1739185199999,27442.09135,375,69850.2,15946.71435,0,0.43
2025-02-10 11:00:00,0.2279,0.2289,0.2272,0.2279,301055.6,1739188799999,68662.11315,758,239028.6,54510.66831,0,0.43
2025-02-10 12:00:00,0.2277,0.2281,0.226,0.2267,204406.8,1739192399999,46399.26703,369,125258.8,28420.22083,0,0.43
2025-02-10 13:00:00,0.2268,0.2311,0.2266,0.2301,243190.9,1739195999999,55534.25405,586,121033.7,27632.39564,0,0.43
2025-02-10 14:00:00,0.2303,0.2312,0.2285,0.2291,321915.0,1739199599999,73907.55634,549,196086.5,45009.49758,0,0.43
2025-02-10 15:00:00,0.229,0.2301,0.228,0.2292,255740.6,1739203199999,58626.14345,344,184406.5,42284.42105,0,0.43
2025-02-10 16:00:00,0.2292,0.2309,0.2287,0.2308,102176.8,1739206799999,23488.06109,208,61715.0,14182.93994,0,0.43
2025-02-10 17:00:00,0.2307,0.234,0.2303,0.2338,323231.0,1739210399999,74918.90291,502,100544.8,23362.27111,0,0.43
2025-02-10 18:00:00,0.2339,0.2365,0.2329,0.2364,425054.6,1739213999999,99710.20978,434,212001.9,49733.39125,0,0.43
2025-02-10 19:00:00,0.2363,0.2365,0.234,0.2349,249101.2,1739217599999,58598.76627,334,99455.3,23431.26824,0,0.43
2025-02-10 20:00:00,0.235,0.2369,0.235,0.2361,164939.2,1739221199999,38887.24381,248,63342.6,14946.46426,0,0.43
2025-02-10 21:00:00,0.2358,0.2358,0.2343,0.2352,109274.5,1739224799999,25675.67387,167,42536.5,9995.18628,0,0.43
2025-02-10 22:00:00,0.235,0.2368,0.2344,0.2358,133041.7,1739228399999,31368.40743,211,46521.9,10972.82694,0,0.43
2025-02-10 23:00:00,0.2359,0.2371,0.235,0.2366,132109.9,1739231999999,31206.31534,209,66907.2,15806.70287,0,0.43
2025-02-11 00:00:00,0.2364,0.2412,0.2362,0.2395,440781.4,1739235599999,105394.51829,761,294006.4,70278.89669,0,0.47
2025-02-11 01:00:00,0.2396,0.2405,0.2391,0.2398,106495.9,1739239199999,25542.85116,177,45653.4,10948.26233,0,0.47
2025-02-11 02:00:00,0.2397,0.2397,0.2373,0.2382,118385.9,1739242799999,28239.74656,202,73893.4,17629.5518,0,0.47
2025-02-11 03:00:00,0.2381,0.2385,0.2368,0.2382,165520.8,1739246399999,39293.77112,274,91169.9,21649.45051,0,0.47
2025-02-11 04:00:00,0.2383,0.2422,0.2378,0.2417,141311.3,1739249999999,33969.33995,317,69515.9,16745.25305,0,0.47
2025-02-11 05:00:00,0.2416,0.2447,0.2413,0.2444,265459.6,1739253599999,64532.88124,488,175023.7,42577.61337,0,0.47
2025-02-11 06:00:00,0.2441,0.2482,0.2434,0.248,459456.0,1739257199999,113125.52625,718,317308.4,78175.02252,0,0.47
2025-02-11 07:00:00,0.2478,0.2478,0.2451,0.2453,274506.6,1739260799999,67537.4762,459,168262.3,41368.84616,0,0.47
2025-02-11 08:00:00,0.2455,0.246,0.2449,0.2452,180826.2,1739264399999,44356.48449,413,82721.0,20291.71649,0,0.47
2025-02-11 09:00:00,0.2452,0.2457,0.2435,0.2439,186567.0,1739267999999,45561.34281,371,81799.5,19987.47242,0,0.47
2025-02-11 10:00:00,0.2439,0.2441,0.2418,0.2424,170045.9,1739271599999,41294.6925,426,63305.6,15377.17299,0,0.47
2025-02-11 11:00:00,0.2425,0.2438,0.242,0.2429,143155.4,1739275199999,34789.10363,329,80512.5,19565.64092,0,0.47
2025-02-11 12:00:00,0.2431,0.2431,0.2405,0.2416,265594.0,1739278799999,64144.94002,396,107023.2,25847.09816,0,0.47
2025-02-11 13:00:00,0.2415,0.2425,0.2353,0.2355,331105.8,1739282399999,79171.2546,684,118344.7,28297.4634,0,0.47
2025-02-11 14:00:00,0.2352,0.2375,0.235,0.2365,208582.8,1739285999999,49247.40482,380,105035.5,24794.57566,0,0.47
2025-02-11 15:00:00,0.2364,0.2382,0.2353,0.2361,185879.3,1739289599999,43987.23363,408,77851.1,18425.94719,0,0.47
2025-02-11 16:00:00,0.2359,0.2365,0.2346,0.2352,176821.9,1739293199999,41648.5447,335,86908.6,20448.01024,0,0.47
2025-02-11 17:00:00,0.2352,0.2359,0.2332,0.2341,166769.2,1739296799999,39069.37392,515,107452.6,25184.49348,0,0.47
2025-02-11 18:00:00,0.2342,0.2342,0.2304,0.2316,387251.8,1739300399999,89870.8691,577,181973.9,42270.37414,0,0.47
2025-02-11 19:00:00,0.2317,0.2327,0.2292,0.23,364542.9,1739303999999,83966.11537,523,147978.1,34112.47562,0,0.47
2025-02-11 20:00:00,0.2298,0.2326,0.2297,0.2311,107560.4,1739307599999,24844.49157,233,67808.4,15663.64945,0,0.47
2025-02-11 21:00:00,0.2311,0.234,0.2311,0.2329,113140.4,1739311199999,26290.00749,237,69687.4,16197.04017,0,0.47
2025-02-11 22:00:00,0.2329,0.2339,0.2299,0.2305,117011.4,1739314799999,27154.34406,187,45083.2,10462.43606,0,0.47
2025-02-11 23:00:00,0.2307,0.2333,0.2307,0.2321,128062.8,1739318399999,29766.69416,235,86773.2,20167.0885,0,0.47
2025-02-12 00:00:00,0.2315,0.2345,0.2304,0.2339,199594.9,1739321999999,46358.57353,408,116659.9,27100.39481,0,0.46
2025-02-12 01:00:00,0.2342,0.2357,0.2325,0.2352,193123.4,1739325599999,45244.85075,305,108017.0,25371.48413,0,0.46
2025-02-12 02:00:00,0.2353,0.2355,0.2321,0.233,322991.1,1739329199999,75668.77689,743,132164.5,30953.16567,0,0.46
2025-02-12 03:00:00,0.2331,0.2362,0.2315,0.2341,349689.8,1739332799999,81667.40361,625,171346.4,40046.95753,0,0.46
2025-02-12 04:00:00,0.2336,0.2357,0.2325,0.2348,150435.2,1739336399999,35205.31876,256,54404.0,12743.02815,0,0.46
2025-02-12 05:00:00,0.2346,0.2364,0.234,0.236,206994.8,1739339999999,48763.96994,247,101428.5,23897.09636,0,0.46
2025-02-12 06:00:00,0.236,0.236,0.2305,0.2313,441435.2,1739343599999,102758.07665,584,206147.2,47888.08117,0,0.46
2025-02-12 07:00:00,0.2308,0.2342,0.2308,0.232,184119.6,1739347199999,42835.52855,327,105775.8,24610.72735,0,0.46
2025-02-12 08:00:00,0.2321,0.2344,0.232,0.2336,176230.4,1739350799999,41180.14207,239,107029.8,25014.83421,0,0.46
2025-02-12 09:00:00,0.2337,0.2345,0.2318,0.2338,109494.0,1739354399999,25494.39,213,59700.1,13917.01666,0,0.46
2025-02-12 10:00:00,0.2337,0.2338,0.2309,0.2319,84366.7,1739357999999,19613.91499,160,25898.8,6021.04237,0,0.46
2025-02-12 11:00:00,0.2322,0.2349,0.2322,0.2337,87635.7,1739361599999,20463.32277,208,49796.3,11634.23563,0,0.46
2025-02-12 12:00:00,0.2338,0.2359,0.2331,0.2331,150752.2,1739365199999,35308.94359,289,49597.9,11625.37437,0,0.46
2025-02-12 13:00:00,0.2334,0.2369,0.2254,0.2301,2380374.6,1739368799999,547797.7332,3901,1166381.0,267949.39579,0,0.46
2025-02-12 14:00:00,0.2299,0.2325,0.2263,0.2323,459619.5,1739372399999,105505.39372,987,245217.2,56285.65648,0,0.46
2025-02-12 15:00:00,0.2325,0.2395,0.2291,0.2393,579028.2,1739375999999,136562.76118,971,316073.6,74494.76143,0,0.46
2025-02-12 16:00:00,0.2393,0.2476,0.2375,0.2466,1686596.2,1739379599999,407908.90379,2018,882955.9,213251.92886,0,0.46
2025-02-12 17:00:00,0.2468,0.2536,0.2467,0.2496,1326117.4,1739383199999,331981.37644,1860,732250.2,183284.90682,0,0.46
2025-02-12 18:00:00,0.2498,0.2516,0.2489,0.2494,480660.3,1739386799999,120223.74231,828,200675.1,50227.69653,0,0.46
2025-02-12 19:00:00,0.2493,0.2516,0.2473,0.2505,326338.7,1739390399999,81515.27872,589,126286.6,31521.70242,0,0.46
2025-02-12 20:00:00,0.2506,0.253,0.2503,0.2513,458498.0,1739393999999,115382.84072,634,260265.7,65532.12619,0,0.46
2025-02-12 21:00:00,0.2513,0.2546,0.2509,0.2546,360924.2,1739397599999,91298.53357,547,185694.0,47002.03509,0,0.46
2025-02-12 22:00:00,0.2547,0.2584,0.2513,0.2549,884561.2,1739401199999,226372.73752,1271,469102.1,120111.89345,0,0.46
2025-02-12 23:00:00,0.2552,0.2559,0.2529,0.2555,325396.0,1739404799999,82700.93234,466,155291.0,39472.30216,0,0.46
2025-02-13 00:00:00,0.2557,0.2559,0.2531,0.2536,351647.1,1739408399999,89308.51352,716,110398.8,28049.78199,0,0.5
2025-02-13 01:00:00,0.2538,0.2558,0.2523,0.2549,257986.8,1739411999999,65377.68477,507,89396.7,22677.39107,0,0.5
2025-02-13 02:00:00,0.2546,0.2546,0.2512,0.2519,184202.1,1739415599999,46554.22135,431,54795.7,13850.59701,0,0.5
2025-02-13 03:00:00,0.252,0.2547,0.2519,0.2544,103886.5,1739419199999,26300.92034,243,59927.2,15172.47689,0,0.5
2025-02-13 04:00:00,0.2544,0.2544,0.2505,0.2514,189691.3,1739422799999,47834.34384,363,98418.8,24807.0241,0,0.5
2025-02-13 05:00:00,0.2513,0.2526,0.25,0.2515,267987.7,1739426399999,67318.11997,478,180046.2,45235.56442,0,0.5
2025-02-13 06:00:00,0.251,0.2516,0.2469,0.2477,383536.7,1739429999999,95471.67315,618,126661.5,31504.91051,0,0.5
2025-02-13 07:00:00,0.2475,0.2485,0.2457,0.2461,204408.3,1739433599999,50437.67527,493,123903.0,30580.60238,0,0.5
2025-02-13 08:00:00,0.2461,0.2465,0.2431,0.2437,280510.5,1739437199999,68592.68103,473,122109.2,29875.32653,0,0.5
2025-02-13 09:00:00,0.2437,0.2456,0.2429,0.2449,100261.9,1739440799999,24518.20562,216,57984.4,14189.31379,0,0.5
2025-02-13 10:00:00,0.2445,0.2455,0.2441,0.2452,65186.3,1739444399999,15967.68582,256,27357.0,6705.95237,0,0.5
2025-02-13 11:00:00,0.245,0.2453,0.2426,0.2436,101832.1,1739447999999,24804.83405,233,49692.1,12101.90897,0,0.5
2025-02-13 12:00:00,0.2438,0.2451,0.2414,0.2416,234993.4,1739451599999,57245.68632,417,124686.1,30411.31485,0,0.5
2025-02-13 13:00:00,0.2418,0.2465,0.2412,0.2443,731235.4,1739455199999,178612.41016,1570,474640.8,115854.25624,0,0.5
2025-02-13 14:00:00,0.2442,0.245,0.2405,0.2421,446905.0,1739458799999,108365.34216,771,225975.7,54817.78845,0,0.5
2025-02-13 15:00:00,0.2419,0.2451,0.2404,0.2427,356277.7,1739462399999,86624.35853,517,146236.3,35579.35147,0,0.5
2025-02-13 16:00:00,0.2428,0.243,0.2397,0.2409,197976.7,1739465999999,47711.29886,326,72598.1,17532.63719,0,0.5
2025-02-13 17:00:00,0.2408,0.2431,0.2407,0.2409,150199.6,1739469599999,36325.1609,289,69803.2,16893.38503,0,0.5
2025-02-13 18:00:00,0.2409,0.2421,0.2399,0.2421,137250.0,1739473199999,33033.23891,221,53695.9,12935.20031,0,0.5
2025-02-13 19:00:00,0.2422,0.2446,0.2417,0.2418,185785.9,1739476799999,45144.50456,271,70715.5,17171.84521,0,0.5
2025-02-13 20:00:00,0.2417,0.2431,0.2417,0.2426,61297.1,1739480399999,14861.83118,123,38662.0,9371.30031,0,0.5
2025-02-13 21:00:00,0.2426,0.2441,0.2424,0.2424,114808.3,1739483999999,27951.96554,223,65699.1,16003.46624,0,0.5
2025-02-13 22:00:00,0.2424,0.2429,0.2413,0.2414,98930.5,1739487599999,23960.81637,173,57259.5,13865.70367,0,0.5
2025-02-13 23:00:00,0.2414,0.2426,0.2404,0.2423,73472.6,1739491199999,17763.99578,175,42797.7,10356.99607,0,0.5
2025-02-14 00:00:00,0.2423,0.2435,0.2407,0.2411,211695.3,1739494799999,51283.76105,347,113700.0,27547.65555,0,0.48
2025-02-14 01:00:00,0.2412,0.243,0.2411,0.2427,96515.7,1739498399999,23331.5612,266,58106.1,14046.99828,0,0.48
2025-02-14 02:00:00,0.2424,0.2441,0.2424,0.243,60968.5,1739501999999,14849.00795,137,34010.9,8284.91143,0,0.48
2025-02-14 03:00:00,0.2429,0.246,0.2428,0.2456,73645.9,1739505599999,17972.06595,201,49160.0,11987.01286,0,0.48
2025-02-14 04:00:00,0.2457,0.2459,0.2429,0.2431,56344.0,1739509199999,13724.47584,136,21224.3,5171.40592,0,0.48
2025-02-14 05:00:00,0.2432,0.2435,0.2413,0.2422,76660.3,1739512799999,18575.95735,151,42537.0,10302.44713,0,0.48
2025-02-14 06:00:00,0.2422,0.2425,0.2403,0.2416,133001.0,1739516399999,32134.18346,170,60316.3,14575.1557,0,0.48
2025-02-14 07:00:00,0.2416,0.2417,0.2403,0.2403,239254.4,1739519999999,57629.43193,242,62214.6,14987.20744,0,0.48
2025-02-14 08:00:00,0.2406,0.2438,0.2402,0.2421,169352.5,1739523599999,40944.87803,275,85018.0,20545.43121,0,0.48
2025-02-14 09:00:00,0.242,0.2451,0.2418,0.245,144437.9,1739527199999,35228.62335,240,102915.1,25108.07433,0,0.48
2025-02-14 10:00:00,0.2451,0.246,0.2436,0.2438,160694.8,1739530799999,39393.41276,314,70192.1,17203.40137,0,0.48
2025-02-14 11:00:00,0.2438,0.2447,0.2421,0.2428,172202.6,1739534399999,41890.7931,485,108070.7,26296.00094,0,0.48
2025-02-14 12:00:00,0.2427,0.2438,0.2413,0.2419,313349.4,1739537999999,76063.93568,1118,177270.7,43032.23025,0,0.48
2025-02-14 13:00:00,0.2419,0.2443,0.2411,0.2438,322857.8,1739541599999,78262.33841,890,229026.4,55506.49546,0,0.48
2025-02-14 14:00:00,0.2439,0.247,0.2429,0.2456,342755.4,1739545199999,83957.70832,682,157026.1,38495.60876,0,0.48
2025-02-14 15:00:00,0.2458,0.2461,0.2417,0.2456,278768.0,1739548799999,67987.65396,565,121067.7,29552.26662,0,0.48
2025-02-14 16:00:00,0.2455,0.2474,0.2436,0.2472,356299.3,1739552399999,87509.46298,639,228779.0,56224.2583,0,0.48
2025-02-14 17:00:00,0.2471,0.2502,0.2459,0.2491,376200.9,1739555999999,93061.70964,916,237865.0,58838.13243,0,0.48
2025-02-14 18:00:00,0.2491,0.25,0.248,0.2483,222552.8,1739559599999,55407.93369,466,129931.4,32355.9737,0,0.48
2025-02-14 19:00:00,0.2484,0.2493,0.2466,0.2476,301999.2,1739563199999,74943.12519,579,139946.9,34722.43548,0,0.48
2025-02-14 20:00:00,0.2475,0.2481,0.2444,0.2448,143412.5,1739566799999,35373.13386,380,83182.3,20527.99838,0,0.48
2025-02-14 21:00:00,0.2447,0.2477,0.2433,0.247,349800.4,1739570399999,85722.93644,692,137387.3,33705.00427,0,0.48
2025-02-14 22:00:00,0.247,0.2472,0.2426,0.2439,151400.9,1739573999999,37016.57882,391,72586.4,17751.56337,0,0.48
2025-02-14 23:00:00,0.2443,0.2457,0.2435,0.2457,118416.2,1739577599999,29026.96915,204,47697.2,11696.72978,0,0.48
2025-02-15 00:00:00,0.2456,0.2471,0.245,0.2469,196119.9,1739581199999,48244.77539,405,96708.8,23804.1665,0,0.5
2025-02-15 01:00:00,0.2468,0.2478,0.2454,0.2475,184535.3,1739584799999,45527.55382,442,68507.7,16892.82645,0,0.5
2025-02-15 02:00:00,0.2475,0.2475,0.246,0.2474,162319.3,1739588399999,40098.07374,430,55229.9,13645.31513,0,0.5
2025-02-15 03:00:00,0.2474,0.248,0.2464,0.247,49087.5,1739591999999,12144.61649,198,27331.5,6765.2223,0,0.5
2025-02-15 04:00:00,0.2469,0.2472,0.2444,0.2449,117856.4,1739595599999,28923.11566,298,22379.6,5495.38504,0,0.5
2025-02-15 05:00:00,0.2449,0.2457,0.2444,0.245,67036.5,1739599199999,16428.38528,168,25581.1,6274.61558,0,0.5
2025-02-15 06:00:00,0.2445,0.2449,0.242,0.2424,138091.5,1739602799999,33638.71616,350,54544.7,13285.39875,0,0.5
2025-02-15 07:00:00,0.2424,0.2429,0.2413,0.242,82453.5,1739606399999,19968.1627,154,39751.3,9631.46849,0,0.5
2025-02-15 08:00:00,0.2417,0.2426,0.2414,0.2415,85926.5,1739609999999,20784.29106,231,30351.5,7343.38767,0,0.5
2025-02-15 09:00:00,0.2415,0.2428,0.2412,0.2424,150082.4,1739613599999,36299.15427,443,99070.3,23957.84526,0,0.5
2025-02-15 10:00:00,0.2425,0.2429,0.2413,0.2428,150294.2,1739617199999,36366.901,396,89587.9,21686.78296,0,0.5
2025-02-15 11:00:00,0.2425,0.243,0.2394,0.2412,148889.2,1739620799999,35856.09738,261,51095.3,12314.80295,0,0.5
2025-02-15 12:00:00,0.2414,0.2431,0.2411,0.2426,118900.1,1739624399999,28794.03421,230,47624.3,11528.71657,0,0.5
2025-02-15 13:00:00,0.2426,0.2428,0.241,0.2421,179676.3,1739627999999,43486.72375,301,75501.2,18272.08064,0,0.5
2025-02-15 14:00:00,0.242,0.2422,0.2388,0.2409,1157964.0,1739631599999,279776.70702,890,194916.9,47004.5209,0,0.5
2025-02-15 15:00:00,0.2408,0.2416,0.2394,0.2406,132218.7,1739635199999,31839.55313,223,73652.4,17729.49062,0,0.5
2025-02-15 16:00:00,0.2401,0.2416,0.2394,0.2395,277350.2,1739638799999,66756.63925,371,181311.7,43663.90648,0,0.5
2025-02-15 17:00:00,0.2395,0.2403,0.2383,0.2388,126868.1,1739642399999,30307.15914,184,79794.5,19058.10255,0,0.5
2025-02-15 18:00:00,0.239,0.2408,0.2388,0.2407,50370.6,1739645999999,12089.7518,108,21382.0,5133.22549,0,0.5
2025-02-15 19:00:00,0.2407,0.2412,0.2395,0.2395,44581.0,1739649599999,10721.37523,88,24086.6,5796.6755,0,0.5
2025-02-15 20:00:00,0.2395,0.2402,0.2375,0.2389,78648.8,1739653199999,18802.13253,211,34656.8,8282.73196,0,0.5
2025-02-15 21:00:00,0.2389,0.2403,0.2389,0.2402,69340.4,1739656799999,16599.14462,111,42390.7,10151.02648,0,0.5
2025-02-15 22:00:00,0.2402,0.2402,0.2378,0.2389,187898.5,1739660399999,44863.64361,155,65602.1,15711.18362,0,0.5
2025-02-15 23:00:00,0.2391,0.2404,0.2391,0.2398,28873.7,1739663999999,6921.455,96,13097.6,3142.76016,0,0.5
2025-02-16 00:00:00,0.2398,0.2409,0.2393,0.2397,87370.5,1739667599999,20962.92868,133,68912.9,16533.63567,0,0.54
2025-02-16 01:00:00,0.2394,0.2396,0.2384,0.2395,50091.2,1739671199999,11970.9472,100,38346.7,9161.96349,0,0.54
2025-02-16 02:00:00,0.2392,0.2395,0.237,0.2375,176266.9,1739674799999,41984.13854,180,109236.3,26029.23076,0,0.54
2025-02-16 03:00:00,0.2377,0.2386,0.2367,0.2386,65678.2,1739678399999,15611.01998,101,24911.2,5932.60733,0,0.54
2025-02-16 04:00:00,0.2387,0.2399,0.2383,0.2396,26703.5,1739681999999,6388.29466,97,13927.9,3330.8441,0,0.54
2025-02-16 05:00:00,0.2398,0.2413,0.2379,0.24,87974.4,1739685599999,21043.04918,156,72797.9,17413.32426,0,0.54
2025-02-16 06:00:00,0.2398,0.2447,0.2395,0.2443,469240.3,1739689199999,113962.79098,801,289362.4,70314.74639,0,0.54
2025-02-16 07:00:00,0.2442,0.2446,0.241,0.2433,498045.4,1739692799999,120932.39653,809,272226.8,66146.17144,0,0.54
2025-02-16 08:00:00,0.2432,0.2659,0.2425,0.254,13523112.3,1739696399999,3475217.73529,25719,7330745.8,1882591.43706,0,0.54
2025-02-16 09:00:00,0.2539,0.265,0.2512,0.2533,6153761.1,1739699999999,1593076.4666,11128,2935497.7,759527.97107,0,0.54
2025-02-16 10:00:00,0.2533,0.2599,0.2508,0.2514,2090691.6,1739703599999,531939.12844,3624,988927.4,251585.35301,0,0.54
2025-02-16 11:00:00,0.2515,0.2538,0.2493,0.2527,974502.4,1739707199999,244732.67389,1703,451578.1,113454.98787,0,0.54
2025-02-16 12:00:00,0.2529,0.2634,0.2514,0.2578,3773256.2,1739710799999,971660.96649,6756,2012672.5,517879.28284,0,0.54
2025-02-16 13:00:00,0.258,0.26,0.2479,0.2483,2158505.2,1739714399999,547803.82152,3542,1041370.5,264602.99419,0,0.54
2025-02-16 14:00:00,0.2484,0.2498,0.2453,0.2478,983414.1,1739717999999,243348.74625,1725,496354.6,122900.77599,0,0.54
2025-02-16 15:00:00,0.248,0.2502,0.2467,0.2468,686032.2,1739721599999,170434.47144,1159,294857.2,73276.0317,0,0.54
2025-02-16 16:00:00,0.2468,0.2475,0.2447,0.2458,362178.8,1739725199999,89148.38287,683,153428.3,37779.30891,0,0.54
2025-02-16 17:00:00,0.2459,0.2472,0.2449,0.2455,243356.2,1739728799999,59909.99082,542,120181.8,29586.96061,0,0.54
2025-02-16 18:00:00,0.2456,0.2456,0.2415,0.2434,569230.2,1739732399999,138515.09557,1157,234540.1,57074.96696,0,0.54
2025-02-16 19:00:00,0.2431,0.2446,0.2414,0.2438,260056.8,1739735999999,63176.43473,638,151496.1,36816.47589,0,0.54
2025-02-16 20:00:00,0.2436,0.2445,0.2426,0.2432,382291.6,1739739599999,93059.25308,779,208809.3,50853.12427,0,0.54
2025-02-16 21:00:00,0.2434,0.2457,0.2427,0.2454,368977.4,1739743199999,90054.93414,767,218991.8,53432.87894,0,0.54
2025-02-16 22:00:00,0.2453,0.2453,0.2425,0.2445,429267.8,1739746799999,104422.0907,846,158811.3,38644.85535,0,0.54
2025-02-16 23:00:00,0.2437,0.2459,0.2422,0.2451,455980.4,1739750399999,111533.51858,1034,306350.9,74973.38963,0,0.54
2025-02-17 00:00:00,0.245,0.2471,0.2431,0.2443,758281.9,1739753999999,185518.80267,1277,392247.7,96061.99091,0,0.51
2025-02-17 01:00:00,0.2442,0.2453,0.243,0.245,236571.6,1739757599999,57770.55708,526,81936.2,20019.98213,0,0.51
2025-02-17 02:00:00,0.2451,0.2463,0.2435,0.244,247867.4,1739761199999,60664.9463,741,137693.9,33715.18232,0,0.51
2025-02-17 03:00:00,0.2437,0.246,0.243,0.2458,223314.9,1739764799999,54556.72098,338,95471.5,23332.12121,0,0.51
2025-02-17 04:00:00,0.2459,0.253,0.2449,0.2508,2333967.9,1739768399999,583927.76682,5331,1251097.5,312912.66342,0,0.51
2025-02-17 05:00:00,0.2508,0.2629,0.2461,0.2563,11394933.7,1739771999999,2924904.31119,22548,5375360.0,1379515.25382,0,0.51
2025-02-17 06:00:00,0.2564,0.2792,0.2548,0.2767,16211235.2,1739775599999,4346530.18792,30473,8129218.6,2180671.18429,0,0.51
2025-02-17 07:00:00,0.2766,0.2929,0.2626,0.2649,20568699.5,1739779199999,5737718.35136,37093,10350475.7,2893531.03917,0,0.51
2025-02-17 08:00:00,0.2645,0.2684,0.2525,0.2539,7581309.6,1739782799999,1970576.69048,15250,3832581.8,999043.05823,0,0.51
2025-02-17 09:00:00,0.2539,0.26,0.2539,0.2577,2158900.7,1739786399999,555688.54733,3715,1091038.5,280816.23136,0,0.51
2025-02-17 10:00:00,0.2578,0.2627,0.2554,0.261,3073291.0,1739789999999,795547.93554,5927,1651509.6,427439.10097,0,0.51
2025-02-17 11:00:00,0.2609,0.2669,0.2606,0.2629,3271784.7,1739793599999,862513.19282,5032,1913830.8,504731.64625,0,0.51
2025-02-17 12:00:00,0.2631,0.2647,0.2575,0.2599,2172952.4,1739797199999,565109.19371,3424,1271572.1,330705.07661,0,0.51
2025-02-17 13:00:00,0.2599,0.2613,0.2551,0.2565,1868511.0,1739800799999,483513.50625,3387,1118056.5,289642.96433,0,0.51
2025-02-17 14:00:00,0.2566,0.2599,0.2559,0.2592,1006405.5,1739804399999,259993.75399,2278,561778.5,145152.66964,0,0.51
2025-02-17 15:00:00,0.2597,0.2617,0.2554,0.2558,1093362.1,1739807999999,282869.20164,2785,636849.9,164744.74496,0,0.51
2025-02-17 16:00:00,0.2556,0.257,0.2507,0.2511,1076525.5,1739811599999,272323.36685,2121,545733.6,138139.30749,0,0.51
2025-02-17 17:00:00,0.2512,0.2541,0.251,0.2516,572498.4,1739815199999,144576.33512,1313,377558.4,95384.12626,0,0.51
2025-02-17 18:00:00,0.2516,0.2537,0.248,0.2489,1038792.6,1739818799999,259693.33874,1572,479718.2,119980.08169,0,0.51
2025-02-17 19:00:00,0.2487,0.2526,0.2476,0.2516,588018.5,1739822399999,147493.34584,964,418370.2,105034.01522,0,0.51
2025-02-17 20:00:00,0.2516,0.2531,0.251,0.2518,402528.2,1739825999999,101381.19175,780,242861.4,61160.70493,0,0.51
2025-02-17 21:00:00,0.2516,0.2538,0.2511,0.2524,726375.7,1739829599999,183165.00258,1203,277360.8,69973.11212,0,0.51
2025-02-17 22:00:00,0.2522,0.2524,0.2499,0.251,377713.7,1739833199999,94878.30634,746,219556.1,55162.23616,0,0.51
2025-02-17 23:00:00,0.2509,0.2526,0.2506,0.2525,371748.9,1739836799999,93599.18022,834,292264.2,73584.44735,0,0.51
2025-02-18 00:00:00,0.2524,0.2685,0.2501,0.2617,12336602.0,1739840399999,3207190.71327,27690,6055244.8,1574538.62033,0,0.47
2025-02-18 01:00:00,0.2617,0.2645,0.2556,0.2591,3027318.4,1739843999999,786697.66655,7155,1262243.3,328414.5025,0,0.47
2025-02-18 02:00:00,0.2592,0.2635,0.2565,0.2601,1589652.5,1739847599999,414187.24417,3822,783675.9,204157.71952,0,0.47
2025-02-18 03:00:00,0.2601,0.2611,0.256,0.2606,1238976.3,1739851199999,320972.38054,2644,632594.3,163870.67105,0,0.47
2025-02-18 04:00:00,0.2605,0.2786,0.2572,0.2694,13966767.7,1739854799999,3771517.22255,38087,6983120.8,1884993.228,0,0.47
2025-02-18 05:00:00,0.2693,0.2695,0.2582,0.2591,3797375.2,1739858399999,1001797.62949,8666,1723185.6,454924.87812,0,0.47
2025-02-18 06:00:00,0.2591,0.2591,0.2526,0.2544,3675146.6,1739861999999,937221.91897,9100,1844077.9,470081.41164,0,0.47
2025-02-18 07:00:00,0.2545,0.257,0.2384,0.2412,3171219.7,1739865599999,787646.46643,7130,1451287.0,360912.51049,0,0.47
2025-02-18 08:00:00,0.2411,0.2453,0.2384,0.243,3745222.5,1739869199999,906137.87991,10067,1881077.2,455302.26542,0,0.47
2025-02-18 09:00:00,0.2432,0.249,0.2427,0.2486,1701126.5,1739872799999,419166.50984,4075,964154.4,237620.01141,0,0.47
2025-02-18 10:00:00,0.2485,0.2496,0.2467,0.2485,1135114.8,1739876399999,281905.83111,2709,619906.8,154000.00627,0,0.47
2025-02-18 11:00:00,0.2484,0.2517,0.2478,0.2508,1039840.0,1739879999999,259812.04637,2168,725632.0,181329.48346,0,0.47
2025-02-18 12:00:00,0.2506,0.257,0.2504,0.2538,2772626.7,1739883599999,703240.0312,5013,1322325.8,335363.82506,0,0.47
2025-02-18 13:00:00,0.2538,0.2568,0.25,0.2519,1629429.3,1739887199999,412924.30066,3688,800360.3,202824.94755,0,0.47
2025-02-18 14:00:00,0.2519,0.2532,0.2454,0.2479,1433004.3,1739890799999,357442.94217,3859,652748.8,163012.46109,0,0.47
2025-02-18 15:00:00,0.2478,0.2479,0.242,0.244,807961.0,1739894399999,197790.01519,3309,461487.1,112986.3908,0,0.47
2025-02-18 16:00:00,0.2439,0.2466,0.24,0.2404,1084947.7,1739897999999,264004.85975,3821,587017.8,142866.49622,0,0.47
2025-02-18 17:00:00,0.2403,0.242,0.2385,0.2417,568583.5,1739901599999,136706.5422,2270,301311.8,72406.37687,0,0.47
2025-02-18 18:00:00,0.2416,0.2448,0.2406,0.2429,340482.1,1739905199999,82619.39319,1321,195981.7,47553.5166,0,0.47
2025-02-18 19:00:00,0.2428,0.2438,0.241,0.2422,305017.2,1739908799999,73960.67003,1093,170977.4,41462.86756,0,0.47
2025-02-18 20:00:00,0.2423,0.2432,0.2406,0.2423,246801.3,1739912399999,59714.05051,880,140923.0,34101.67524,0,0.47
2025-02-18 21:00:00,0.2424,0.246,0.2422,0.2449,595316.9,1739915999999,145230.39449,1371,386751.6,94275.97509,0,0.47
2025-02-18 22:00:00,0.2449,0.2502,0.2445,0.2481,459073.6,1739919599999,113683.90901,910,263439.9,65091.42602,0,0.47
2025-02-18 23:00:00,0.2481,0.2491,0.2474,0.2487,267524.5,1739923199999,66413.08538,761,171951.4,42708.32781,0,0.47
2025-02-19 00:00:00,0.2486,0.2504,0.2435,0.2443,1281067.8,1739926799999,314958.07098,3555,590233.5,144950.8328,0,0.44
2025-02-19 01:00:00,0.2443,0.2455,0.2408,0.2422,962607.7,1739930399999,233804.02468,3129,425879.4,103483.69032,0,0.44
2025-02-19 02:00:00,0.2423,0.2448,0.242,0.2435,579297.8,1739933999999,140973.92443,2366,361239.0,87902.85528,0,0.44
2025-02-19 03:00:00,0.2433,0.2434,0.2411,0.2424,813473.6,1739937599999,197144.90223,3578,426399.7,103358.70848,0,0.44
2025-02-19 04:00:00,0.2423,0.2427,0.2392,0.2392,412425.6,1739941199999,99189.39135,1283,250164.6,60189.35036,0,0.44
2025-02-19 05:00:00,0.2392,0.2419,0.2385,0.2412,553532.6,1739944799999,132795.89717,1501,331159.0,79514.13978,0,0.44
2025-02-19 06:00:00,0.2414,0.2444,0.241,0.244,473086.0,1739948399999,114934.88216,1234,327402.9,79537.18425,0,0.44
2025-02-19 07:00:00,0.244,0.247,0.244,0.2462,725472.1,1739951999999,177794.72208,1544,431502.6,105751.90344,0,0.44
2025-02-19 08:00:00,0.2461,0.2469,0.2443,0.2457,588292.1,1739955599999,144664.71627,1926,368971.0,90733.18114,0,0.44
2025-02-19 09:00:00,0.2457,0.2496,0.2457,0.2483,611209.1,1739959199999,151219.69436,1601,350555.1,86746.93247,0,0.44
2025-02-19 10:00:00,0.2482,0.2512,0.2481,0.2503,262784.8,1739962799999,65550.19203,749,149155.4,37198.8482,0,0.44
2025-02-19 11:00:00,0.2503,0.2521,0.2496,0.2517,259478.5,1739966399999,65095.65415,1169,160495.6,40265.92915,0,0.44
2025-02-19 12:00:00,0.2517,0.253,0.25,0.2508,778262.2,1739969999999,195635.62514,1589,538187.1,135328.25803,0,0.44
2025-02-19 13:00:00,0.2509,0.2514,0.2488,0.2491,414570.1,1739973599999,103598.96165,1060,247011.3,61732.24544,0,0.44
2025-02-19 14:00:00,0.2491,0.2493,0.2454,0.2459,600130.7,1739977199999,148687.16992,1520,278132.9,68895.84103,0,0.44
2025-02-19 15:00:00,0.2458,0.248,0.2451,0.2455,468032.1,1739980799999,115306.40554,1600,297958.7,73431.2607,0,0.44
2025-02-19 16:00:00,0.2456,0.2483,0.2449,0.247,317361.7,1739984399999,78316.86665,1027,220285.3,54365.39954,0,0.44
2025-02-19 17:00:00,0.2471,0.248,0.2457,0.2464,110729.4,1739987999999,27370.97668,586,46896.1,11589.65543,0,0.44
2025-02-19 18:00:00,0.2463,0.2481,0.2452,0.2469,194511.5,1739991599999,48008.78373,718,86213.3,21276.4235,0,0.44
2025-02-19 19:00:00,0.2469,0.2492,0.2458,0.2471,132061.0,1739995199999,32684.65507,784,80416.4,19896.93036,0,0.44
2025-02-19 20:00:00,0.2472,0.2487,0.2464,0.2465,128826.6,1739998799999,31850.31522,593,73003.0,18040.82416,0,0.44
2025-02-19 21:00:00,0.2466,0.2481,0.2448,0.245,174120.3,1740002399999,43003.48888,668,108020.1,26705.15632,0,0.44
2025-02-19 22:00:00,0.2451,0.2474,0.2448,0.2466,171101.3,1740005999999,42066.81815,523,122597.9,30149.46375,0,0.44
2025-02-19 23:00:00,0.2467,0.2483,0.2455,0.2459,235445.1,1740009599999,58140.71082,672,135909.1,33573.9357,0,0.44
2025-02-20 00:00:00,0.246,0.2506,0.2458,0.2497,967170.2,1740013199999,240477.24026,2421,440898.3,109575.95206,0,0.49
2025-02-20 01:00:00,0.2497,0.2509,0.2468,0.2475,246320.8,1740016799999,61317.03618,813,134533.2,33483.71819,0,0.49
2025-02-20 02:00:00,0.2476,0.2496,0.2467,0.2489,187518.9,1740020399999,46480.76264,649,127626.9,31623.92214,0,0.49
2025-02-20 03:00:00,0.2491,0.2499,0.2477,0.2484,155771.2,1740023999999,38761.94067,473,63179.6,15737.24668,0,0.49
2025-02-20 04:00:00,0.2485,0.2492,0.2474,0.2481,265558.9,1740027599999,65857.53946,680,135009.7,33483.42412,0,0.49
2025-02-20 05:00:00,0.248,0.2489,0.2472,0.2473,168109.9,1740031199999,41693.12958,458,102349.5,25380.77864,0,0.49
2025-02-20 06:00:00,0.2472,0.2499,0.2464,0.2468,1018357.4,1740034799999,252388.71053,1523,633464.5,156925.29963,0,0.49
2025-02-20 07:00:00,0.2468,0.2478,0.2452,0.247,221071.6,1740038399999,54476.98449,628,132206.5,32594.14262,0,0.49
2025-02-20 08:00:00,0.2469,0.2488,0.2461,0.2485,179919.9,1740041999999,44492.64126,680,103408.6,25581.42255,0,0.49
2025-02-20 09:00:00,0.2485,0.2491,0.2471,0.2489,122183.0,1740045599999,30347.79801,487,82247.4,20432.00107,0,0.49
2025-02-20 10:00:00,0.2488,0.2488,0.2457,0.2478,747060.4,1740049199999,184384.03046,1886,308367.8,76114.09766,0,0.49
2025-02-20 11:00:00,0.2475,0.249,0.2472,0.2483,320205.9,1740052799999,79360.89849,704,147290.7,36516.94497,0,0.49
2025-02-20 12:00:00,0.2483,0.2494,0.248,0.2486,425621.9,1740056399999,105829.68749,1146,221609.0,55126.66601,0,0.49
2025-02-20 13:00:00,0.2487,0.2502,0.2475,0.25,417199.1,1740059999999,103770.30632,1126,262371.2,65269.13051,0,0.49
2025-02-20 14:00:00,0.2501,0.2526,0.2485,0.2489,632701.1,1740063599999,158476.57455,1753,298202.0,74673.96602,0,0.49
2025-02-20 15:00:00,0.2491,0.2505,0.2455,0.2456,347555.2,1740067199999,86187.64666,1155,237482.8,58858.95452,0,0.49
2025-02-20 16:00:00,0.2456,0.2487,0.2451,0.2458,255273.5,1740070799999,63033.41352,993,124333.6,30733.28918,0,0.49
2025-02-20 17:00:00,0.2459,0.2505,0.2458,0.2505,140115.3,1740074399999,34806.16631,755,83860.8,20851.9972,0,0.49
2025-02-20 18:00:00,0.2505,0.2541,0.2501,0.2513,205653.5,1740077999999,51810.37623,1231,105376.2,26553.98829,0,0.49
2025-02-20 19:00:00,0.2511,0.2531,0.2508,0.252,110448.3,1740081599999,27783.37596,512,43027.1,10840.25975,0,0.49
2025-02-20 20:00:00,0.2519,0.2533,0.2516,0.2523,193947.6,1740085199999,48988.52094,550,136128.6,34398.27442,0,0.49
2025-02-20 21:00:00,0.2522,0.2523,0.2499,0.2512,592083.0,1740088799999,148468.74857,1179,200882.6,50394.52037,0,0.49
2025-02-20 22:00:00,0.2513,0.2552,0.2513,0.2541,593138.6,1740092399999,150308.07115,1227,394439.9,100011.79353,0,0.49
2025-02-20 23:00:00,0.254,0.2544,0.2532,0.2541,383141.5,1740095999999,97282.73095,753,203668.7,51724.25062,0,0.49
2025-02-21 00:00:00,0.2539,0.2555,0.2521,0.2552,580450.5,1740099599999,147465.76819,1616,270967.4,68858.06886,0,0.55
2025-02-21 01:00:00,0.2552,0.2616,0.2531,0.2571,2741031.7,1740103199999,704796.74257,4249,1272353.6,326637.93677,0,0.55
2025-02-21 02:00:00,0.2572,0.26,0.2548,0.2564,982823.2,1740106799999,253280.74379,1991,386131.7,99469.14206,0,0.55
2025-02-21 03:00:00,0.2562,0.2602,0.2561,0.2583,287187.4,1740110399999,74310.92272,836,96308.0,24918.06649,0,0.55
2025-02-21 04:00:00,0.2583,0.2588,0.2566,0.2571,322795.5,1740113999999,83263.7645,623,159110.8,41034.80641,0,0.55
2025-02-21 05:00:00,0.2571,0.2585,0.2515,0.2518,737077.7,1740117599999,187796.79399,1943,285697.5,72685.04035,0,0.55
2025-02-21 06:00:00,0.2518,0.253,0.2506,0.251,232109.1,1740121199999,58442.95624,795,112735.9,28403.38172,0,0.55
2025-02-21 07:00:00,0.2509,0.2533,0.2504,0.2525,279656.0,1740124799999,70579.20732,777,225741.0,56979.54197,0,0.55
2025-02-21 08:00:00,0.2523,0.2537,0.252,0.2534,175284.3,1740128399999,44290.16146,672,116894.1,29531.75429,0,0.55
2025-02-21 09:00:00,0.2534,0.2583,0.2534,0.2564,442643.4,1740131999999,113537.13206,1827,231443.9,59382.40838,0,0.55
2025-02-21 10:00:00,0.2563,0.2571,0.2558,0.257,277816.4,1740135599999,71314.66208,666,144460.4,37074.36937,0,0.55
2025-02-21 11:00:00,0.257,0.2577,0.2555,0.2562,265031.5,1740139199999,67949.54309,1128,126076.5,32320.16177,0,0.55
2025-02-21 12:00:00,0.2562,0.2578,0.2555,0.2578,213989.0,1740142799999,54998.61353,649,145199.3,37328.04156,0,0.55
2025-02-21 13:00:00,0.2579,0.2598,0.2575,0.2597,819231.5,1740146399999,211730.16066,1689,497058.3,128460.95434,0,0.55
2025-02-21 14:00:00,0.2596,0.2596,0.2556,0.258,546013.2,1740149999999,140704.75375,2518,301513.3,77704.21266,0,0.55
2025-02-21 15:00:00,0.2577,0.2593,0.2481,0.2532,1029664.2,1740153599999,260267.53333,4370,499390.9,126321.61685,0,0.55
2025-02-21 16:00:00,0.2533,0.2579,0.2526,0.2547,413795.3,1740157199999,105748.40496,2279,202194.8,51649.79376,0,0.55
2025-02-21 17:00:00,0.2548,0.2556,0.249,0.2496,827612.9,1740160799999,207704.93522,2548,323453.3,81062.85111,0,0.55
2025-02-21 18:00:00,0.2496,0.2509,0.2482,0.2493,280879.0,1740164399999,70148.96829,1729,175844.0,43948.12471,0,0.55
2025-02-21 19:00:00,0.2492,0.2499,0.2429,0.2434,423922.6,1740167999999,103966.3293,1894,132055.2,32390.00913,0,0.55
2025-02-21 20:00:00,0.2435,0.2464,0.2432,0.2441,141132.3,1740171599999,34572.72926,1109,87829.9,21519.93204,0,0.55
2025-02-21 21:00:00,0.2442,0.2454,0.2416,0.2429,253365.1,1740175199999,61591.56005,996,97697.7,23737.8701,0,0.55
2025-02-21 22:00:00,0.2428,0.2456,0.2424,0.2441,191002.6,1740178799999,46599.52776,486,112950.6,27562.22394,0,0.55
2025-02-21 23:00:00,0.244,0.245,0.2429,0.2437,117762.1,1740182399999,28689.71355,298,88832.9,21637.27894,0,0.55
2025-02-22 00:00:00,0.2436,0.2442,0.2416,0.2416,603025.7,1740185999999,146312.7801,936,270025.4,65537.01358,0,0.49
2025-02-22 01:00:00,0.2416,0.2438,0.2415,0.2423,303810.2,1740189599999,73635.69005,478,202311.7,49033.27311,0,0.49
2025-02-22 02:00:00,0.2422,0.2447,0.2414,0.244,186592.5,1740193199999,45396.45705,452,122592.4,29820.26165,0,0.49
2025-02-22 03:00:00,0.2439,0.2452,0.2422,0.245,232833.2,1740196799999,56744.13139,565,128431.5,31333.6594,0,0.49
2025-02-22 04:00:00,0.2448,0.2485,0.2443,0.2478,245126.2,1740200399999,60505.45051,580,158692.0,39175.11011,0,0.49
2025-02-22 05:00:00,0.2476,0.2478,0.2458,0.2458,76593.5,1740203999999,18887.8295,233,30587.9,7545.86222,0,0.49
2025-02-22 06:00:00,0.2458,0.2466,0.2443,0.2453,259742.4,1740207599999,63666.5879,409,93372.5,22911.01756,0,0.49
2025-02-22 07:00:00,0.2453,0.2462,0.2453,0.2454,52133.0,1740211199999,12816.04661,157,21150.8,5201.21746,0,0.49
2025-02-22 08:00:00,0.2453,0.2462,0.2448,0.2454,65313.3,1740214799999,16026.4513,207,30431.9,7471.93811,0,0.49
2025-02-22 09:00:00,0.2453,0.2467,0.2453,0.2463,43686.1,1740218399999,10752.22102,187,20588.7,5068.13745,0,0.49
2025-02-22 10:00:00,0.2463,0.2478,0.2458,0.246,192554.0,1740221999999,47491.52381,646,94613.1,23334.15118,0,0.49
2025-02-22 11:00:00,0.2459,0.247,0.2457,0.2468,79811.0,1740225599999,19662.06697,209,41595.6,10246.53808,0,0.49
2025-02-22 12:00:00,0.2469,0.248,0.2465,0.2478,66414.5,1740229199999,16429.43723,250,42194.5,10442.50952,0,0.49
2025-02-22 13:00:00,0.2479,0.2484,0.2463,0.2467,127933.2,1740232799999,31641.07098,289,57019.8,14097.60906,0,0.49
2025-02-22 14:00:00,0.2468,0.2475,0.2461,0.2463,67724.1,1740236399999,16702.47197,227,31578.8,7791.53883,0,0.49
2025-02-22 15:00:00,0.2463,0.2484,0.2463,0.2482,152616.4,1740239999999,37688.07121,375,99866.5,24665.42407,0,0.49
2025-02-22 16:00:00,0.2484,0.2494,0.2475,0.2475,87634.4,1740243599999,21777.33364,300,24562.7,6106.00552,0,0.49
2025-02-22 17:00:00,0.2475,0.2498,0.2474,0.2495,83226.9,1740247199999,20705.9472,240,45787.2,11392.61077,0,0.49
2025-02-22 18:00:00,0.2494,0.2505,0.2485,0.2492,80924.2,1740250799999,20224.06939,237,45112.6,11280.59049,0,0.49
2025-02-22 19:00:00,0.2493,0.2498,0.2487,0.2494,91434.0,1740254399999,22782.77307,229,30804.7,7679.52011,0,0.49
2025-02-22 20:00:00,0.2494,0.2506,0.248,0.2485,206953.3,1740257999999,51551.24348,455,108173.1,26957.23889,0,0.49
2025-02-22 21:00:00,0.2485,0.2495,0.2483,0.2493,54938.0,1740261599999,13670.56421,200,40576.5,10097.29902,0,0.49
2025-02-22 22:00:00,0.2495,0.2496,0.2483,0.2486,48186.7,1740265199999,11999.0522,151,28642.4,7134.00977,0,0.49
2025-02-22 23:00:00,0.2487,0.2502,0.2484,0.2496,155362.9,1740268799999,38722.83181,321,88189.8,21995.64286,0,0.49
2025-02-23 00:00:00,0.2496,0.2501,0.2473,0.2482,105714.9,1740272399999,26308.19381,354,48546.9,12082.23095,0,0.5
2025-02-23 01:00:00,0.2482,0.2487,0.2467,0.2477,130624.6,1740275999999,32291.70937,291,80079.6,19793.50245,0,0.5
2025-02-23 02:00:00,0.2476,0.2489,0.2474,0.2479,19643.9,1740279599999,4871.37831,121,13123.2,3255.59141,0,0.5
2025-02-23 03:00:00,0.2479,0.2546,0.2473,0.2507,668027.0,1740283199999,168219.29228,1419,376810.8,94855.4527,0,0.5
2025-02-23 04:00:00,0.2506,0.2514,0.2489,0.2506,147449.6,1740286799999,36918.16276,535,95839.5,24012.00567,0,0.5
2025-02-23 05:00:00,0.2505,0.2505,0.2488,0.2492,105158.8,1740290399999,26254.4313,231,74282.7,18545.29103,0,0.5
2025-02-23 06:00:00,0.2492,0.2492,0.2477,0.2487,107456.7,1740293999999,26707.44302,424,38291.7,9524.59443,0,0.5
2025-02-23 07:00:00,0.2487,0.2521,0.2485,0.2515,328501.8,1740297599999,82222.53526,660,246619.7,61690.16827,0,0.5
2025-02-23 08:00:00,0.2515,0.252,0.2506,0.2516,93718.3,1740301199999,23549.08745,455,40623.5,10214.95456,0,0.5
2025-02-23 09:00:00,0.2515,0.2533,0.2504,0.2507,110852.8,1740304799999,27934.4697,480,63899.9,16113.97219,0,0.5
2025-02-23 10:00:00,0.2506,0.2537,0.2501,0.2532,210816.5,1740308399999,53231.92748,540,106432.6,26867.14257,0,0.5
2025-02-23 11:00:00,0.2531,0.2573,0.2527,0.2568,817601.2,1740311999999,208692.32332,2105,438602.1,111985.65264,0,0.5
2025-02-23 12:00:00,0.2566,0.2577,0.2513,0.2531,1018865.0,1740315599999,259072.9058,2105,470629.8,119678.6707,0,0.5
2025-02-23 13:00:00,0.2531,0.2553,0.2529,0.2536,246823.8,1740319199999,62778.38052,644,95741.8,24350.47024,0,0.5
2025-02-23 14:00:00,0.2536,0.2538,0.2499,0.2507,233267.3,1740322799999,58697.98095,655,122575.7,30848.467,0,0.5
2025-02-23 15:00:00,0.2506,0.2511,0.2471,0.2473,316095.1,1740326399999,78720.50126,686,95770.9,23891.4712,0,0.5
2025-02-23 16:00:00,0.2473,0.2492,0.2466,0.2469,150355.3,1740329999999,37245.62668,494,64737.8,16045.1274,0,0.5
2025-02-23 17:00:00,0.247,0.2503,0.247,0.2497,73189.7,1740333599999,18218.80287,317,43632.4,10863.88671,0,0.5
2025-02-23 18:00:00,0.2496,0.2498,0.2485,0.2486,37452.5,1740337199999,9334.27582,218,20762.2,5177.34027,0,0.5
2025-02-23 19:00:00,0.2486,0.2488,0.2477,0.2484,108130.0,1740340799999,26857.70094,292,65311.4,16226.29168,0,0.5
2025-02-23 20:00:00,0.2484,0.2487,0.2471,0.2477,106669.1,1740344399999,26453.25271,283,75495.0,18730.42175,0,0.5
2025-02-23 21:00:00,0.2478,0.2485,0.2468,0.2482,32627.8,1740347999999,8077.42641,187,20323.9,5035.73239,0,0.5
2025-02-23 22:00:00,0.2482,0.2484,0.2459,0.247,104142.7,1740351599999,25724.36052,270,47107.6,11634.5703,0,0.5
2025-02-23 23:00:00,0.2471,0.2503,0.2471,0.2482,152424.2,1740355199999,37902.50342,493,91039.5,22633.18809,0,0.5
2025-02-24 00:00:00,0.2483,0.2497,0.2471,0.2473,176155.5,1740358799999,43746.7896,798,92408.3,22959.8066,0,0.49
2025-02-24 01:00:00,0.2472,0.2472,0.2433,0.244,200293.4,1740362399999,49155.51579,860,73723.3,18077.06274,0,0.49
2025-02-24 02:00:00,0.244,0.2457,0.2433,0.2437,105959.0,1740365999999,25917.02326,637,54325.1,13284.2767,0,0.49
2025-02-24 03:00:00,0.2436,0.2436,0.2371,0.2377,589888.2,1740369599999,141728.68078,1714,229440.2,55150.34117,0,0.49
2025-02-24 04:00:00,0.2376,0.2379,0.2342,0.2355,464667.2,1740373199999,109797.34925,1558,251976.9,59495.68389,0,0.49
2025-02-24 05:00:00,0.2355,0.2383,0.2347,0.2377,119307.8,1740376799999,28301.57804,723,81634.0,19367.5605,0,0.49
2025-02-24 06:00:00,0.2378,0.2383,0.2362,0.2378,182552.8,1740380399999,43276.09988,684,127688.9,30270.6095,0,0.49
2025-02-24 07:00:00,0.2379,0.2387,0.237,0.2378,73741.0,1740383999999,17551.35409,404,46163.4,10987.67891,0,0.49
2025-02-24 08:00:00,0.2378,0.2378,0.2328,0.2334,383148.0,1740387599999,89913.69313,1144,201084.9,47195.57329,0,0.49
2025-02-24 09:00:00,0.2333,0.2374,0.2331,0.2357,211725.8,1740391199999,49821.43279,869,83949.3,19764.08068,0,0.49
2025-02-24 10:00:00,0.2356,0.2361,0.2325,0.2346,135224.0,1740394799999,31663.36226,785,88998.7,20835.11619,0,0.49
2025-02-24 11:00:00,0.2346,0.2363,0.2334,0.2358,88179.6,1740398399999,20744.56678,523,31197.8,7324.21182,0,0.49
2025-02-24 12:00:00,0.2358,0.2369,0.2347,0.2353,176724.6,1740401999999,41591.74499,529,53404.7,12585.0068,0,0.49
2025-02-24 13:00:00,0.2352,0.2372,0.234,0.2344,139075.3,1740405599999,32753.31843,660,92496.3,21776.38654,0,0.49
2025-02-24 14:00:00,0.2344,0.235,0.2293,0.23,308897.7,1740409199999,71541.7797,1317,116110.3,26989.94665,0,0.49
2025-02-24 15:00:00,0.2301,0.2317,0.228,0.2297,296721.2,1740412799999,68132.62957,1623,148694.2,34138.78571,0,0.49
2025-02-24 16:00:00,0.2296,0.2312,0.2286,0.2294,368531.0,1740416399999,84887.86793,1077,204762.8,47161.37049,0,0.49
2025-02-24 17:00:00,0.2294,0.2327,0.2293,0.2304,147763.3,1740419999999,34197.10246,830,73796.4,17062.39865,0,0.49
2025-02-24 18:00:00,0.2304,0.231,0.2283,0.2288,125716.1,1740423599999,28940.82828,616,66378.4,15281.39833,0,0.49
2025-02-24 19:00:00,0.2288,0.2296,0.224,0.2263,629150.9,1740427199999,142117.33064,1591,169374.2,38265.37887,0,0.49
2025-02-24 20:00:00,0.2264,0.2295,0.2257,0.2274,94036.1,1740430799999,21424.93958,720,52376.8,11939.02343,0,0.49
2025-02-24 21:00:00,0.2275,0.2289,0.2254,0.2255,119461.5,1740434399999,27128.32747,660,43346.2,9861.31666,0,0.49
2025-02-24 22:00:00,0.2252,0.2252,0.2123,0.2153,2246792.8,1740437999999,491961.25817,4100,1047731.5,229689.93684,0,0.49
2025-02-24 23:00:00,0.2155,0.2194,0.2155,0.2172,554682.8,1740441599999,120507.54564,955,264915.6,57544.00378,0,0.49
2025-02-25 00:00:00,0.2172,0.2189,0.2114,0.2155,886908.2,1740445199999,191127.27433,1703,400644.5,86509.75567,0,0.25
2025-02-25 01:00:00,0.2155,0.2178,0.2124,0.2149,262151.1,1740448799999,56445.82741,776,141821.8,30512.27582,0,0.25
2025-02-25 02:00:00,0.215,0.2186,0.2125,0.2176,243638.7,1740452399999,52533.33875,625,82358.5,17771.38926,0,0.25
2025-02-25 03:00:00,0.2177,0.2185,0.215,0.2151,100109.4,1740455999999,21691.83572,443,52622.1,11414.71003,0,0.25
2025-02-25 04:00:00,0.2149,0.2166,0.2128,0.2137,306357.8,1740459599999,65732.31458,722,180218.2,38672.43357,0,0.25
2025-02-25 05:00:00,0.2135,0.2175,0.2126,0.2168,182219.3,1740463199999,39367.24164,483,76854.3,16625.21714,0,0.25
2025-02-25 06:00:00,0.2168,0.2173,0.2134,0.2134,139560.8,1740466799999,30035.88135,434,73489.3,15824.66118,0,0.25
2025-02-25 07:00:00,0.2136,0.2136,0.2044,0.2099,2346184.3,1740470399999,490169.64057,3076,1059467.6,221602.6623,0,0.25
2025-02-25 08:00:00,0.2098,0.2142,0.2086,0.2116,583284.3,1740473999999,123883.666,1364,344292.1,73168.70151,0,0.25
2025-02-25 09:00:00,0.2114,0.2122,0.208,0.2085,435449.5,1740477599999,91247.31452,1061,283148.3,59280.02446,0,0.25
2025-02-25 10:00:00,0.2084,0.2121,0.2052,0.2108,479113.4,1740481199999,99837.95158,1248,241854.9,50400.15761,0,0.25
2025-02-25 11:00:00,0.2108,0.2159,0.2077,0.2152,318625.2,1740484799999,67431.51111,808,176019.7,37258.00584,0,0.25
2025-02-25 12:00:00,0.2152,0.2172,0.2142,0.2171,740203.7,1740488399999,159362.2942,918,563774.9,121385.9458,0,0.25
2025-02-25 13:00:00,0.217,0.2178,0.2145,0.2157,271908.2,1740491999999,58646.57905,508,153101.4,33036.0296,0,0.25
2025-02-25 14:00:00,0.2157,0.2174,0.2122,0.2133,351490.4,1740495599999,75282.38155,712,154856.4,33206.82765,0,0.25
2025-02-25 15:00:00,0.213,0.2187,0.2116,0.2171,196155.0,1740499199999,41890.36261,562,103584.7,22166.18661,0,0.25
2025-02-25 16:00:00,0.2172,0.2205,0.215,0.2192,183903.4,1740502799999,40073.69803,448,90845.6,19839.67577,0,0.25
2025-02-25 17:00:00,0.2189,0.2207,0.218,0.2191,73709.8,1740506399999,16157.59503,262,49286.8,10806.03977,0,0.25
2025-02-25 18:00:00,0.2191,0.2205,0.2169,0.2183,57768.6,1740509999999,12637.06281,214,23120.6,5053.95648,0,0.25
2025-02-25 19:00:00,0.2179,0.2213,0.216,0.221,272020.4,1740513599999,59344.12775,358,102636.7,22374.01997,0,0.25
2025-02-25 20:00:00,0.2212,0.2251,0.2202,0.2242,223304.1,1740517199999,49890.44301,844,114589.3,25617.52077,0,0.25
2025-02-25 21:00:00,0.2241,0.2246,0.2222,0.2246,171713.6,1740520799999,38334.19042,234,61127.1,13645.64003,0,0.25
2025-02-25 22:00:00,0.2245,0.226,0.2226,0.2237,144431.0,1740524399999,32331.0948,277,69030.4,15475.32854,0,0.25
2025-02-25 23:00:00,0.2239,0.2246,0.2228,0.2228,140824.1,1740527999999,31511.48339,229,87746.3,19646.71707,0,0.25
2025-02-26 00:00:00,0.2228,0.2234,0.2215,0.2216,226306.7,1740531599999,50336.90832,317,57679.6,12821.6682,0,0.21
2025-02-26 01:00:00,0.2215,0.2229,0.2213,0.2227,47344.6,1740535199999,10514.56814,141,30355.3,6743.84811,0,0.21
2025-02-26 02:00:00,0.2225,0.2249,0.2216,0.2244,65221.9,1740538799999,14534.7436,158,44682.3,9965.54646,0,0.21
2025-02-26 03:00:00,0.2246,0.2258,0.2246,0.225,85954.4,1740542399999,19368.26093,188,54225.2,12218.33985,0,0.21
2025-02-26 04:00:00,0.2248,0.2263,0.2245,0.2245,163749.9,1740545999999,36964.80854,246,115010.3,25976.66263,0,0.21
2025-02-26 05:00:00,0.2247,0.2252,0.2231,0.2232,92836.2,1740549599999,20823.51886,242,41528.0,9322.73136,0,0.21
2025-02-26 06:00:00,0.2232,0.2243,0.223,0.2241,175396.9,1740553199999,39275.43289,518,107358.2,24042.57171,0,0.21
2025-02-26 07:00:00,0.2241,0.2242,0.2206,0.2221,337077.0,1740556799999,75153.78684,1042,123894.8,27573.8745,0,0.21
2025-02-26 08:00:00,0.2219,0.2224,0.2199,0.2215,187606.8,1740560399999,41471.31608,373,75554.5,16718.21855,0,0.21
2025-02-26 09:00:00,0.2215,0.2243,0.2212,0.2242,118523.6,1740563999999,26328.48577,231,50928.6,11321.23727,0,0.21
2025-02-26 10:00:00,0.2242,0.2242,0.2226,0.2235,110018.1,1740567599999,24563.96972,224,68870.1,15375.07625,0,0.21
2025-02-26 11:00:00,0.2235,0.2241,0.2209,0.2209,114721.1,1740571199999,25459.66264,275,53089.8,11785.16836,0,0.21
2025-02-26 12:00:00,0.2212,0.2219,0.2187,0.219,345980.3,1740574799999,76457.38436,370,229815.2,50731.24614,0,0.21
2025-02-26 13:00:00,0.2191,0.2203,0.2182,0.2187,137788.8,1740578399999,30219.38263,298,62477.1,13710.33155,0,0.21
2025-02-26 14:00:00,0.2184,0.2222,0.2157,0.2221,266889.5,1740581999999,58411.39482,553,147183.4,32301.3505,0,0.21
2025-02-26 15:00:00,0.2222,0.2255,0.2221,0.2237,192318.7,1740585599999,43071.26642,447,123565.8,27676.47932,0,0.21
2025-02-26 16:00:00,0.2238,0.2244,0.2208,0.2224,217658.9,1740589199999,48469.34676,604,116394.6,25919.36303,0,0.21
2025-02-26 17:00:00,0.2224,0.2231,0.2171,0.2178,263010.3,1740592799999,57875.97258,497,146945.6,32353.54672,0,0.21
2025-02-26 18:00:00,0.218,0.2195,0.2141,0.2151,701239.8,1740596399999,151788.50747,1700,332831.3,72035.0513,0,0.21
2025-02-26 19:00:00,0.2149,0.2178,0.2145,0.2166,327894.2,1740599999999,70814.64574,879,128642.9,27815.45044,0,0.21
2025-02-26 20:00:00,0.2166,0.2218,0.2142,0.2214,289676.8,1740603599999,62882.90955,851,93076.3,20225.23744,0,0.21
2025-02-26 21:00:00,0.2211,0.2236,0.2201,0.2232,179928.3,1740607199999,39884.41187,517,99954.3,22160.54723,0,0.21
2025-02-26 22:00:00,0.2233,0.2261,0.2233,0.224,202893.5,1740610799999,45592.17066,409,69538.7,15621.41777,0,0.21
2025-02-26 23:00:00,0.2243,0.2248,0.2226,0.2235,81344.5,1740614399999,18166.53717,155,59745.7,13339.71236,0,0.21
2025-02-27 00:00:00,0.2235,0.224,0.2209,0.2229,253252.8,1740617999999,56320.02773,650,165618.8,36802.38013,0,0.1
2025-02-27 01:00:00,0.2222,0.2257,0.2212,0.2247,200882.8,1740621599999,44908.24509,416,103847.5,23213.84395,0,0.1
2025-02-27 02:00:00,0.2243,0.2265,0.2239,0.2243,68831.6,1740625199999,15474.90326,302,20763.8,4674.64161,0,0.1
2025-02-27 03:00:00,0.2245,0.2271,0.2239,0.2269,56695.8,1740628799999,12792.13759,248,16735.0,3775.99103,0,0.1
2025-02-27 04:00:00,0.2266,0.2273,0.2248,0.2262,114086.9,1740632399999,25754.27788,200,65757.2,14842.4576,0,0.1
2025-02-27 05:00:00,0.2261,0.2281,0.2259,0.228,184136.2,1740635999999,41790.75062,452,76156.0,17294.72847,0,0.1
2025-02-27 06:00:00,0.2278,0.2297,0.2272,0.2287,102891.4,1740639599999,23463.45464,440,32737.5,7464.20857,0,0.1
2025-02-27 07:00:00,0.2288,0.23,0.2281,0.2288,120998.1,1740643199999,27701.01437,350,42401.7,9715.4733,0,0.1
2025-02-27 08:00:00,0.2286,0.2294,0.2281,0.2288,65150.6,1740646799999,14910.03277,254,19376.3,4432.9637,0,0.1
2025-02-27 09:00:00,0.2288,0.2299,0.2276,0.228,125858.3,1740650399999,28798.65149,257,65542.4,14996.79894,0,0.1
2025-02-27 10:00:00,0.2285,0.2314,0.2284,0.2314,258051.7,1740653999999,59441.55232,418,179058.4,41228.27102,0,0.1
2025-02-27 11:00:00,0.2315,0.2315,0.2294,0.23,274178.7,1740657599999,63074.19359,539,158382.4,36441.44419,0,0.1
2025-02-27 12:00:00,0.2299,0.2303,0.2284,0.2291,271017.8,1740661199999,62117.41982,655,104146.4,23901.12689,0,0.1
2025-02-27 13:00:00,0.2293,0.23,0.2274,0.2285,371965.9,1740664799999,84996.64522,898,122284.5,27970.35945,0,0.1
2025-02-27 14:00:00,0.2285,0.2293,0.2254,0.2256,532731.5,1740668399999,120819.16433,748,172035.1,38993.52861,0,0.1
2025-02-27 15:00:00,0.2256,0.2275,0.2243,0.2264,241290.1,1740671999999,54569.38446,491,82023.0,18558.13367,0,0.1
2025-02-27 16:00:00,0.2262,0.2273,0.2239,0.2242,184234.4,1740675599999,41548.87336,419,50816.1,11453.91937,0,0.1
2025-02-27 17:00:00,0.2242,0.2262,0.224,0.2262,33058.3,1740679199999,7440.7055,121,15214.5,3426.82478,0,0.1
2025-02-27 18:00:00,0.2265,0.2268,0.2257,0.2259,160842.7,1740682799999,36393.67478,401,71373.3,16159.50622,0,0.1
2025-02-27 19:00:00,0.2257,0.226,0.2233,0.2239,83737.8,1740686399999,18773.26101,237,31627.5,7094.74832,0,0.1
2025-02-27 20:00:00,0.2239,0.2239,0.2201,0.221,407420.1,1740689999999,90322.49559,633,160924.1,35686.47908,0,0.1
2025-02-27 21:00:00,0.2212,0.2235,0.2196,0.2233,178229.4,1740693599999,39474.45332,414,87014.4,19284.15829,0,0.1
2025-02-27 22:00:00,0.2231,0.2248,0.2217,0.2248,132826.5,1740697199999,29665.76951,258,66581.3,14896.41013,0,0.1
2025-02-27 23:00:00,0.2248,0.2253,0.224,0.2252,136073.5,1740700799999,30541.34497,331,46489.8,10439.67844,0,0.1
2025-02-28 00:00:00,0.2251,0.2255,0.2232,0.2232,87242.7,1740704399999,19562.04314,475,24861.3,5575.59498,0,0.16
2025-02-28 01:00:00,0.223,0.2236,0.2153,0.2155,923934.8,1740707999999,202227.3875,2044,371826.9,81275.30163,0,0.16
2025-02-28 02:00:00,0.216,0.2175,0.2113,0.2138,717105.7,1740711599999,153388.68504,1657,317808.7,67976.87754,0,0.16
2025-02-28 03:00:00,0.2137,0.2161,0.2078,0.2081,1050497.1,1740715199999,222582.85076,2297,407599.9,86598.39858,0,0.16
2025-02-28 04:00:00,0.2082,0.2094,0.2051,0.2082,875602.0,1740718799999,181131.13216,1629,301807.8,62479.8896,0,0.16
2025-02-28 05:00:00,0.2078,0.2088,0.2062,0.2085,211314.2,1740722399999,43808.30632,634,88531.7,18373.18421,0,0.16
2025-02-28 06:00:00,0.2082,0.2094,0.2055,0.2075,320032.3,1740725999999,66318.30977,819,157062.0,32577.1775,0,0.16
2025-02-28 07:00:00,0.2077,0.2099,0.2059,0.2068,156829.7,1740729599999,32564.53573,529,101936.4,21186.81498,0,0.16
2025-02-28 08:00:00,0.2068,0.2086,0.2035,0.2084,257148.0,1740733199999,52995.90866,707,100803.3,20818.99458,0,0.16
2025-02-28 09:00:00,0.2083,0.2117,0.2081,0.2106,260059.8,1740736799999,54557.34929,943,160428.4,33648.01793,0,0.16
2025-02-28 10:00:00,0.2107,0.211,0.2078,0.2085,212763.7,1740740399999,44491.54632,729,124181.8,25964.86126,0,0.16
2025-02-28 11:00:00,0.2084,0.2125,0.2083,0.2111,288608.2,1740743999999,60862.93554,908,164429.3,34664.15632,0,0.16
2025-02-28 12:00:00,0.2111,0.2133,0.2103,0.213,173076.0,1740747599999,36577.51229,837,69878.9,14778.40688,0,0.16
2025-02-28 13:00:00,0.2131,0.2176,0.2122,0.2153,1002753.1,1740751199999,215477.31394,2527,503255.1,107939.56135,0,0.16
2025-02-28 14:00:00,0.2154,0.2192,0.2154,0.2183,256665.4,1740754799999,55747.10342,873,138311.2,30041.9135,0,0.16
2025-02-28 15:00:00,0.2183,0.2225,0.218,0.2214,219630.5,1740758399999,48484.27779,812,109732.0,24251.72887,0,0.16
2025-02-28 16:00:00,0.2211,0.2238,0.2202,0.2226,168994.9,1740761999999,37493.30726,517,70681.2,15692.64522,0,0.16
2025-02-28 17:00:00,0.2223,0.2232,0.2216,0.2221,97291.7,1740765599999,21647.86492,298,22471.2,5003.82729,0,0.16
2025-02-28 18:00:00,0.222,0.2257,0.2217,0.2243,369073.1,1740769199999,82766.5849,662,255776.8,57391.96268,0,0.16
2025-02-28 19:00:00,0.2244,0.2249,0.2233,0.2242,168042.2,1740772799999,37648.54183,365,60099.8,13460.02226,0,0.16
2025-02-28 20:00:00,0.2242,0.2248,0.2224,0.2238,184047.2,1740776399999,41139.71631,1560,108583.2,24285.37832,0,0.16
2025-02-28 21:00:00,0.2235,0.2247,0.2223,0.2236,315984.6,1740779999999,70613.19471,1642,198004.4,44256.53651,0,0.16
2025-02-28 22:00:00,0.2236,0.2239,0.2217,0.2223,144057.1,1740783599999,32073.91082,655,87781.8,19550.39348,0,0.16
2025-02-28 23:00:00,0.2222,0.2234,0.2219,0.2229,159230.7,1740787199999,35427.11923,220,55963.0,12450.70848,0,0.16
2025-03-01 00:00:00,0.2229,0.2234,0.2205,0.2205,106915.0,1740790799999,23722.48222,342,28320.1,6305.80139,0,0.2
2025-03-01 01:00:00,0.2206,0.2238,0.2204,0.2232,138043.4,1740794399999,30548.14109,309,65917.5,14586.43017,0,0.2
2025-03-01 02:00:00,0.2228,0.2243,0.2218,0.2235,72286.1,1740797999999,16153.29494,170,43792.9,9790.49989,0,0.2
2025-03-01 03:00:00,0.2235,0.2237,0.2227,0.2227,26201.7,1740801599999,5847.43681,79,6181.1,1379.33536,0,0.2
2025-03-01 04:00:00,0.2227,0.2244,0.2225,0.224,42657.9,1740805199999,9544.96919,135,17819.3,3984.84451,0,0.2
2025-03-01 05:00:00,0.2241,0.2241,0.2225,0.2229,55079.9,1740808799999,12279.89561,148,19574.3,4362.87475,0,0.2
2025-03-01 06:00:00,0.2227,0.2231,0.2204,0.2211,192052.4,1740812399999,42629.15608,340,76865.4,17089.89318,0,0.2
2025-03-01 07:00:00,0.2209,0.221,0.2194,0.2202,54086.8,1740815999999,11900.58992,137,12404.2,2728.58725,0,0.2
2025-03-01 08:00:00,0.2203,0.2224,0.2203,0.2222,276959.3,1740819599999,61304.06795,474,208993.6,46251.56213,0,0.2
2025-03-01 09:00:00,0.222,0.2226,0.2201,0.2209,44804.5,1740823199999,9934.37331,121,17593.3,3897.50685,0,0.2
2025-03-01 10:00:00,0.2208,0.2208,0.2178,0.218,146942.4,1740826799999,32126.87335,352,68554.4,14978.5973,0,0.2
2025-03-01 11:00:00,0.218,0.218,0.2162,0.2171,84429.4,1740830399999,18313.91204,308,41021.7,8900.445,0,0.2
2025-03-01 12:00:00,0.2171,0.2185,0.216,0.218,141495.7,1740833999999,30736.05363,339,67703.0,14726.78411,0,0.2
2025-03-01 13:00:00,0.2179,0.2184,0.2154,0.2159,89615.4,1740837599999,19443.20867,283,46036.2,9995.81199,0,0.2
2025-03-01 14:00:00,0.2162,0.2175,0.2159,0.2165,39322.2,1740841199999,8519.46013,178,17092.4,3706.927,0,0.2
2025-03-01 15:00:00,0.2164,0.2178,0.2158,0.2168,19269.4,1740844799999,4174.65988,102,6984.2,1512.0875,0,0.2
2025-03-01 16:00:00,0.2164,0.2174,0.2155,0.2168,45410.1,1740848399999,9821.7814,160,25158.6,5441.64508,0,0.2
2025-03-01 17:00:00,0.2168,0.2168,0.2151,0.2158,120776.9,1740851999999,26058.14207,241,38008.9,8204.08121,0,0.2
2025-03-01 18:00:00,0.2156,0.2168,0.2149,0.2163,56482.4,1740855599999,12193.60764,230,32421.1,7008.70834,0,0.2
2025-03-01 19:00:00,0.216,0.2177,0.2159,0.2166,71671.2,1740859199999,15527.30606,113,33471.7,7255.45401,0,0.2
2025-03-01 20:00:00,0.2163,0.2163,0.2156,0.2162,73281.2,1740862799999,15820.45944,125,14313.4,3090.98887,0,0.2
2025-03-01 21:00:00,0.2162,0.2183,0.2149,0.2183,127906.6,1740866399999,27709.05452,232,57402.5,12459.16043,0,0.2
2025-03-01 22:00:00,0.218,0.2197,0.2178,0.2188,128476.2,1740869999999,28115.33298,274,49484.6,10832.81245,0,0.2
2025-03-01 23:00:00,0.2189,0.2195,0.2174,0.2194,80277.1,1740873599999,17529.40053,182,47876.5,10466.62207,0,0.2
2025-03-02 00:00:00,0.2192,0.2195,0.2171,0.2191,121722.2,1740877199999,26631.66841,279,45669.6,9996.6343,0,0.26
2025-03-02 01:00:00,0.2193,0.2201,0.2184,0.219,30478.6,1740880799999,6689.58143,84,12819.8,2813.33618,0,0.26
2025-03-02 02:00:00,0.2193,0.2197,0.2178,0.2184,34016.3,1740884399999,7437.20312,94,13477.6,2950.72474,0,0.26
2025-03-02 03:00:00,0.2184,0.2192,0.2178,0.218,58152.4,1740887999999,12699.45067,99,42129.8,9202.65586,0,0.26
2025-03-02 04:00:00,0.218,0.219,0.2179,0.2183,27348.8,1740891599999,5972.39127,86,10460.3,2285.19857,0,0.26
2025-03-02 05:00:00,0.2185,0.2193,0.2182,0.2183,15316.4,1740895199999,3349.38333,61,7166.2,1566.72672,0,0.26
2025-03-02 06:00:00,0.2183,0.2193,0.2172,0.2184,75166.5,1740898799999,16388.47321,234,43663.7,9515.90164,0,0.26
2025-03-02 07:00:00,0.2182,0.2185,0.217,0.2171,71109.3,1740902399999,15470.74551,128,25069.0,5445.37147,0,0.26
2025-03-02 08:00:00,0.2169,0.2178,0.2161,0.2174,66371.0,1740905999999,14408.76941,138,14103.0,3063.43152,0,0.26
2025-03-02 09:00:00,0.2173,0.2196,0.2171,0.2189,107130.4,1740909599999,23414.76744,165,50965.2,11148.98723,0,0.26
2025-03-02 10:00:00,0.2187,0.2198,0.2186,0.2193,85955.5,1740913199999,18846.74084,122,56207.7,12328.20072,0,0.26
2025-03-02 11:00:00,0.2194,0.2196,0.2189,0.2195,16081.7,1740916799999,3527.09664,70,10015.5,2197.39949,0,0.26
2025-03-02 12:00:00,0.219,0.2193,0.2183,0.2186,167592.8,1740920399999,36652.57619,164,11276.1,2465.62323,0,0.26
2025-03-02 13:00:00,0.2185,0.2185,0.2165,0.2169,143366.6,1740923999999,31152.52214,199,35792.7,7769.89263,0,0.26
2025-03-02 14:00:00,0.2165,0.2165,0.214,0.2144,64950.5,1740927599999,13980.6102,160,16613.1,3582.95856,0,0.26
2025-03-02 15:00:00,0.2148,0.2242,0.2138,0.2208,1046996.9,1740931199999,230626.4985,2319,574815.3,126546.77545,0,0.26
2025-03-02 16:00:00,0.2209,0.2316,0.2208,0.2301,1935443.8,1740934799999,441732.83201,3416,919636.1,210037.95153,0,0.26
2025-03-02 17:00:00,0.2305,0.2352,0.2281,0.2337,1026318.0,1740938399999,238790.79024,1794,450754.1,104814.22956,0,0.26
2025-03-02 18:00:00,0.2337,0.2345,0.2301,0.2317,537405.2,1740941999999,125111.10079,828,252986.0,58879.29333,0,0.26
2025-03-02 19:00:00,0.2315,0.2354,0.2315,0.2352,229526.8,1740945599999,53705.53248,460,105518.2,24713.18901,0,0.26
2025-03-02 20:00:00,0.2351,0.2362,0.2345,0.2357,280971.0,1740949199999,66128.57175,481,129484.3,30482.28439,0,0.26
2025-03-02 21:00:00,0.2355,0.2379,0.2344,0.2369,449859.6,1740952799999,106372.32699,688,232309.5,54973.91412,0,0.26
2025-03-02 22:00:00,0.237,0.2376,0.2358,0.2373,370821.3,1740956399999,87661.57327,551,159635.8,37738.32118,0,0.26
2025-03-02 23:00:00,0.2374,0.2379,0.2362,0.2367,519225.2,1740959999999,122973.54095,1019,231706.4,54888.54296,0,0.26
2025-03-03 00:00:00,0.2367,0.2386,0.2343,0.2366,594289.4,1740963599999,140469.03075,1049,273840.0,64779.95105,0,0.33
2025-03-03 01:00:00,0.2365,0.2376,0.2341,0.2343,271209.2,1740967199999,63776.88522,409,86329.5,20284.86606,0,0.33
2025-03-03 02:00:00,0.2343,0.2343,0.2307,0.2326,178307.7,1740970799999,41482.37492,558,102964.8,23985.01843,0,0.33
2025-03-03 03:00:00,0.2325,0.2327,0.2287,0.231,277214.9,1740974399999,63822.5555,385,108314.5,24921.55265,0,0.33
2025-03-03 04:00:00,0.2306,0.2323,0.2306,0.232,118924.7,1740977999999,27511.87136,192,61319.7,14202.68873,0,0.33
2025-03-03 05:00:00,0.2321,0.234,0.232,0.234,181899.5,1740981599999,42298.30552,256,68944.8,16032.69941,0,0.33
2025-03-03 06:00:00,0.2338,0.2338,0.2263,0.2274,192607.8,1740985199999,44198.06804,328,48530.2,11144.97817,0,0.33
2025-03-03 07:00:00,0.2274,0.229,0.2252,0.2288,159790.4,1740988799999,36207.09305,337,71481.9,16205.52866,0,0.33
2025-03-03 08:00:00,0.2286,0.2287,0.2237,0.225,517785.2,1740992399999,117237.9552,503,155248.0,35238.81402,0,0.33
2025-03-03 09:00:00,0.2249,0.2266,0.2235,0.226,187379.1,1740995999999,42260.8023,283,111812.3,25237.90312,0,0.33
2025-03-03 10:00:00,0.2259,0.2278,0.2257,0.2272,196985.7,1740999599999,44637.83498,232,137738.7,31187.64044,0,0.33
2025-03-03 11:00:00,0.2269,0.2275,0.2258,0.2268,184560.7,1741003199999,41820.74545,255,87600.0,19849.28597,0,0.33
2025-03-03 12:00:00,0.2269,0.2286,0.2263,0.2277,299766.1,1741006799999,68300.97735,488,179679.6,40956.10129,0,0.33
2025-03-03 13:00:00,0.2276,0.2299,0.2273,0.2292,321427.1,1741010399999,73411.91619,399,244288.2,55771.02809,0,0.33
2025-03-03 14:00:00,0.2292,0.2292,0.2206,0.221,514111.4,1741013999999,115751.42748,837,215615.1,48508.60038,0,0.33
2025-03-03 15:00:00,0.221,0.2255,0.2209,0.2229,205190.7,1741017599999,45770.40458,399,129589.2,28909.84098,0,0.33
2025-03-03 16:00:00,0.2226,0.2239,0.2216,0.223,161361.8,1741021199999,35944.86776,239,119681.8,26660.35717,0,0.33
2025-03-03 17:00:00,0.2222,0.2238,0.2214,0.2217,289098.3,1741024799999,64273.54884,224,35147.1,7811.54721,0,0.33
2025-03-03 18:00:00,0.2214,0.2214,0.2118,0.2133,620466.3,1741028399999,133749.58212,959,246248.5,52968.39943,0,0.33
2025-03-03 19:00:00,0.2127,0.2139,0.206,0.2068,1720665.2,1741031999999,360529.48645,2244,458138.9,95838.79219,0,0.33
2025-03-03 20:00:00,0.2068,0.2082,0.2048,0.2076,1204478.3,1741035599999,248859.22545,1946,431169.7,89183.91473,0,0.33
2025-03-03 21:00:00,0.2077,0.2083,0.2033,0.2039,700281.0,1741039199999,144616.18153,1275,239787.3,49463.39232,0,0.33
2025-03-03 22:00:00,0.2039,0.2077,0.2038,0.2076,104262.5,1741042799999,21454.46788,285,45768.5,9422.12646,0,0.33
2025-03-03 23:00:00,0.207,0.2079,0.2055,0.2057,94453.5,1741046399999,19550.05905,236,51852.5,10734.97667,0,0.33
2025-03-04 00:00:00,0.2055,0.2067,0.2021,0.2024,196908.8,1741049999999,40290.69461,585,87271.8,17883.50389,0,0.15
2025-03-04 01:00:00,0.2022,0.2025,0.194,0.1957,1030911.1,1741053599999,203169.20944,1805,432798.5,85385.25263,0,0.15
2025-03-04 02:00:00,0.1955,0.1986,0.1909,0.197,725729.8,1741057199999,140987.74598,1611,457463.4,88928.41419,0,0.15
2025-03-04 03:00:00,0.197,0.1992,0.196,0.1974,138699.3,1741060799999,27356.98772,383,78020.9,15387.28406,0,0.15
2025-03-04 04:00:00,0.1975,0.2,0.197,0.1982,286147.6,1741064399999,56887.13911,520,201914.4,40150.60382,0,0.15
2025-03-04 05:00:00,0.1983,0.2021,0.1982,0.2007,102202.6,1741067999999,20493.98276,345,72030.6,14442.88382,0,0.15
2025-03-04 06:00:00,0.2005,0.2007,0.1989,0.2,163694.1,1741071599999,32753.11491,204,74259.1,14865.22711,0,0.15
2025-03-04 07:00:00,0.1997,0.2002,0.1985,0.1986,132147.6,1741075199999,26290.46589,188,57074.7,11354.61935,0,0.15
2025-03-04 08:00:00,0.1986,0.2,0.1976,0.1991,519394.7,1741078799999,103103.13133,562,247668.3,49194.82182,0,0.15
2025-03-04 09:00:00,0.1989,0.1992,0.1961,0.1973,454920.0,1741082399999,90003.69695,547,281550.0,55697.07545,0,0.15
2025-03-04 10:00:00,0.197,0.1987,0.1966,0.1982,219245.9,1741085999999,43321.97182,278,118121.0,23319.2583,0,0.15
2025-03-04 11:00:00,0.1982,0.1998,0.1979,0.1983,155080.5,1741089599999,30821.3715,227,99130.3,19707.90096,0,0.15
2025-03-04 12:00:00,0.1982,0.199,0.1963,0.198,111805.4,1741093199999,22055.50762,208,36782.2,7262.00696,0,0.15
2025-03-04 13:00:00,0.1974,0.1974,0.1934,0.1945,242515.3,1741096799999,47364.55632,725,136878.9,26758.65655,0,0.15
2025-03-04 14:00:00,0.1945,0.2042,0.1944,0.1981,1000395.0,1741100399999,201241.78469,1395,544153.8,109379.17687,0,0.15
2025-03-04 15:00:00,0.198,0.2004,0.1949,0.1996,439932.8,1741103999999,87014.32392,614,215874.0,42739.61777,0,0.15
2025-03-04 16:00:00,0.1995,0.2,0.1898,0.1965,655635.6,1741107599999,126877.53218,965,292351.2,56533.96562,0,0.15
2025-03-04 17:00:00,0.1965,0.2022,0.1965,0.201,518592.6,1741111199999,103558.44078,870,304590.5,60771.60218,0,0.15
2025-03-04 18:00:00,0.201,0.2041,0.2005,0.2038,97653.2,1741114799999,19735.25113,159,66730.1,13482.3837,0,0.15
2025-03-04 19:00:00,0.204,0.2059,0.2037,0.2057,168257.8,1741118399999,34455.14044,212,99742.9,20430.09525,0,0.15
2025-03-04 20:00:00,0.2055,0.206,0.2026,0.2029,340845.4,1741121999999,69774.28037,310,132168.3,27169.02286,0,0.15
2025-03-04 21:00:00,0.2028,0.208,0.2021,0.2057,365270.2,1741125599999,75256.69834,386,241662.2,49806.23959,0,0.15
2025-03-04 22:00:00,0.2057,0.2072,0.2053,0.2054,106655.2,1741129199999,22002.31518,211,58880.9,12137.74183,0,0.15
2025-03-04 23:00:00,0.2059,0.2062,0.2043,0.2053,21116.8,1741132799999,4334.53113,58,9393.7,1927.23047,0,0.15
2025-03-05 00:00:00,0.2053,0.2065,0.204,0.2043,184987.3,1741136399999,37818.72286,207,29397.0,6015.70292,0,0.2
2025-03-05 01:00:00,0.2045,0.2065,0.2034,0.2062,76175.3,1741139999999,15628.81904,155,31027.2,6362.11299,0,0.2
2025-03-05 02:00:00,0.2065,0.2069,0.2046,0.2057,173659.7,1741143599999,35773.69094,189,95838.3,19738.65934,0,0.2
2025-03-05 03:00:00,0.2058,0.2058,0.2019,0.2019,118876.8,1741147199999,24277.31133,184,40126.2,8212.02718,0,0.2
2025-03-05 04:00:00,0.2021,0.203,0.2019,0.2028,142544.4,1741150799999,28848.88424,287,46372.2,9386.70452,0,0.2
2025-03-05 05:00:00,0.2026,0.2029,0.202,0.2025,27492.0,1741154399999,5564.3176,77,17605.3,3562.85923,0,0.2
2025-03-05 06:00:00,0.2022,0.2031,0.2006,0.2028,263683.7,1741157999999,53205.46239,409,138037.4,27871.31872,0,0.2
2025-03-05 07:00:00,0.2028,0.204,0.2024,0.2038,73591.1,1741161599999,14946.73025,148,31736.4,6439.0347,0,0.2
2025-03-05 08:00:00,0.2039,0.2057,0.2036,0.2051,147038.5,1741165199999,30077.47437,247,93985.2,19228.41071,0,0.2
2025-03-05 09:00:00,0.2051,0.2078,0.2051,0.2064,70631.6,1741168799999,14591.92497,193,33536.6,6929.65438,0,0.2
2025-03-05 10:00:00,0.2066,0.2099,0.2061,0.2086,180155.3,1741172399999,37554.93075,353,109083.5,22733.99212,0,0.2
2025-03-05 11:00:00,0.2081,0.2083,0.2061,0.2064,76383.7,1741175999999,15852.72866,164,49400.8,10252.17644,0,0.2
2025-03-05 12:00:00,0.2064,0.2085,0.2064,0.2077,200745.2,1741179599999,41623.81311,277,81045.8,16800.04585,0,0.2
2025-03-05 13:00:00,0.2078,0.2084,0.2057,0.2065,415390.8,1741183199999,85912.73188,460,67878.2,14034.32639,0,0.2
2025-03-05 14:00:00,0.2061,0.2067,0.2036,0.2037,81219.2,1741186799999,16651.87751,187,21193.1,4356.48535,0,0.2
2025-03-05 15:00:00,0.2039,0.2066,0.2036,0.2053,310537.3,1741190399999,63640.92344,516,210435.3,43087.13786,0,0.2
2025-03-05 16:00:00,0.2051,0.2057,0.2023,0.205,159261.6,1741193999999,32498.19095,281,70176.5,14340.72081,0,0.2
2025-03-05 17:00:00,0.205,0.2085,0.2049,0.208,100572.5,1741197599999,20838.01381,177,72953.2,15114.02241,0,0.2
2025-03-05 18:00:00,0.2078,0.2091,0.2073,0.2089,79422.1,1741201199999,16519.16408,113,44023.5,9163.6888,0,0.2
2025-03-05 19:00:00,0.2084,0.2105,0.2084,0.2103,83930.2,1741204799999,17616.93248,215,29557.6,6205.5159,0,0.2
2025-03-05 20:00:00,0.2104,0.2113,0.2102,0.2106,65194.9,1741208399999,13743.82289,192,18370.1,3874.19929,0,0.2
2025-03-05 21:00:00,0.2106,0.2113,0.2098,0.21,71858.3,1741211999999,15117.63474,247,29611.8,6225.32554,0,0.2
2025-03-05 22:00:00,0.2098,0.2106,0.2096,0.2104,75988.0,1741215599999,15957.90555,189,23230.3,4878.98889,0,0.2
2025-03-05 23:00:00,0.2104,0.2112,0.21,0.2102,54961.9,1741219199999,11573.84821,119,38245.0,8053.92375,0,0.2
2025-03-06 00:00:00,0.2101,0.2107,0.2085,0.2089,84838.2,1741222799999,17781.23588,295,26636.0,5588.72063,0,0.25
2025-03-06 01:00:00,0.2088,0.2118,0.208,0.21,123218.0,1741226399999,25961.65647,191,48279.1,10163.6982,0,0.25
2025-03-06 02:00:00,0.2101,0.2108,0.2098,0.2108,48854.7,1741229999999,10275.4767,161,19770.7,4160.86903,0,0.25
2025-03-06 03:00:00,0.2108,0.2121,0.2106,0.212,66477.7,1741233599999,14065.85102,125,28818.3,6100.53683,0,0.25
2025-03-06 04:00:00,0.2121,0.2136,0.211,0.2132,72724.8,1741237199999,15441.74194,191,41397.0,8789.65962,0,0.25
2025-03-06 05:00:00,0.2134,0.2152,0.2134,0.2146,89768.7,1741240799999,19243.97392,247,46303.8,9927.84024,0,0.25
2025-03-06 06:00:00,0.2144,0.2144,0.2128,0.2128,93694.6,1741244399999,20019.75647,124,47021.8,10049.95788,0,0.25
2025-03-06 07:00:00,0.213,0.2131,0.2108,0.2111,106812.1,1741247999999,22621.37691,114,41766.0,8849.35231,0,0.25
2025-03-06 08:00:00,0.2111,0.2127,0.2111,0.2126,83750.2,1741251599999,17727.75946,88,35547.7,7522.13271,0,0.25
2025-03-06 09:00:00,0.2122,0.2122,0.2107,0.2111,52681.5,1741255199999,11137.0003,139,19486.6,4116.78221,0,0.25
2025-03-06 10:00:00,0.2111,0.2127,0.2108,0.2124,85086.4,1741258799999,18034.70441,131,35499.8,7521.32035,0,0.25
2025-03-06 11:00:00,0.2123,0.2128,0.2116,0.2127,47241.7,1741262399999,10031.19311,135,22743.2,4833.00973,0,0.25
2025-03-06 12:00:00,0.2126,0.2127,0.21,0.2104,297805.3,1741265999999,62813.76998,629,154478.6,32554.98716,0,0.25
2025-03-06 13:00:00,0.2105,0.2112,0.2094,0.2095,148119.1,1741269599999,31136.97098,355,51428.8,10823.88113,0,0.25
2025-03-06 14:00:00,0.2096,0.2108,0.2074,0.2086,128549.7,1741273199999,26875.83798,233,55220.1,11536.64698,0,0.25
2025-03-06 15:00:00,0.2088,0.2124,0.2088,0.2111,60687.7,1741276799999,12807.01028,140,36174.3,7632.77122,0,0.25
2025-03-06 16:00:00,0.2113,0.2118,0.2086,0.2086,75589.3,1741280399999,15875.87016,114,25145.7,5289.78865,0,0.25
2025-03-06 17:00:00,0.2083,0.2083,0.2041,0.2055,114350.4,1741283999999,23602.51393,238,47267.9,9749.44189,0,0.25
2025-03-06 18:00:00,0.2054,0.2057,0.2042,0.2052,81326.6,1741287599999,16681.85601,121,45731.6,9386.43425,0,0.25
2025-03-06 19:00:00,0.2052,0.2064,0.2036,0.2048,331793.2,1741291199999,68156.43558,252,31621.8,6489.18433,0,0.25
2025-03-06 20:00:00,0.2044,0.2058,0.204,0.2049,142339.7,1741294799999,29188.0047,174,84745.2,17377.05479,0,0.25
2025-03-06 21:00:00,0.2046,0.2064,0.2046,0.2052,80605.9,1741298399999,16558.52547,153,44520.5,9143.83222,0,0.25
2025-03-06 22:00:00,0.2056,0.2081,0.2056,0.207,153463.6,1741301999999,31785.47303,293,96971.1,20090.85313,0,0.25
2025-03-06 23:00:00,0.2074,0.2077,0.2059,0.206,27982.4,1741305599999,5787.60943,84,10317.4,2135.95785,0,0.25
2025-03-07 00:00:00,0.2059,0.2073,0.1961,0.1965,719856.6,1741309199999,144415.09891,1378,296286.1,59511.3372,0,0.34
2025-03-07 01:00:00,0.1963,0.2044,0.1959,0.2033,318666.1,1741312799999,64055.9077,445,181196.1,36432.68785,0,0.34
2025-03-07 02:00:00,0.2035,0.2056,0.2031,0.2041,186833.9,1741316399999,38138.58091,389,75724.4,15469.75004,0,0.34
2025-03-07 03:00:00,0.2041,0.2055,0.2032,0.2032,107294.9,1741319999999,21916.79433,227,48760.1,9972.89314,0,0.34
2025-03-07 04:00:00,0.2033,0.2043,0.2029,0.2035,90152.7,1741323599999,18352.36224,125,35342.0,7197.23413,0,0.34
2025-03-07 05:00:00,0.2035,0.2056,0.2035,0.2048,60284.6,1741327199999,12334.67051,95,48665.5,9954.15586,0,0.34
2025-03-07 06:00:00,0.2049,0.2062,0.2039,0.206,76272.4,1741330799999,15644.03999,139,23662.1,4861.18827,0,0.34
2025-03-07 07:00:00,0.2054,0.2064,0.205,0.2056,65132.2,1741334399999,13387.67134,127,32312.0,6640.68928,0,0.34
2025-03-07 08:00:00,0.2058,0.206,0.2042,0.2053,46711.8,1741337999999,9567.29963,86,27205.8,5576.97649,0,0.34
2025-03-07 09:00:00,0.2049,0.2082,0.2049,0.2074,67944.9,1741341599999,14071.98508,138,21745.6,4502.19541,0,0.34
2025-03-07 10:00:00,0.2071,0.2075,0.2066,0.2071,38726.3,1741345199999,8024.37021,122,18239.7,3780.11534,0,0.34
2025-03-07 11:00:00,0.2071,0.2076,0.2064,0.2067,43212.2,1741348799999,8954.19763,86,29014.0,6014.87812,0,0.34
2025-03-07 12:00:00,0.207,0.2071,0.2049,0.2057,43671.2,1741352399999,8997.48664,167,22151.2,4565.11633,0,0.34
2025-03-07 13:00:00,0.2057,0.2104,0.2057,0.2078,529686.0,1741355999999,110453.88486,803,317003.7,66013.81029,0,0.34
2025-03-07 14:00:00,0.2078,0.2108,0.2059,0.2089,216117.1,1741359599999,44945.08503,358,118064.0,24553.46718,0,0.34
2025-03-07 15:00:00,0.2091,0.21,0.2069,0.2093,196254.5,1741363199999,40922.49907,334,73840.9,15412.69572,0,0.34
2025-03-07 16:00:00,0.2089,0.2095,0.2039,0.2049,287462.5,1741366799999,59517.00779,369,111712.8,23112.53506,0,0.34
2025-03-07 17:00:00,0.2056,0.208,0.2041,0.2067,194471.3,1741370399999,39969.64101,225,48673.5,10004.42172,0,0.34
2025-03-07 18:00:00,0.2066,0.2116,0.2066,0.2112,124219.3,1741373999999,26010.69665,210,66815.6,13989.79306,0,0.34
2025-03-07 19:00:00,0.2112,0.2117,0.2088,0.2094,101496.3,1741377599999,21373.64823,144,32806.2,6913.75918,0,0.34
2025-03-07 20:00:00,0.2094,0.2103,0.2068,0.2082,185529.8,1741381199999,38674.45198,290,72919.8,15202.1914,0,0.34
2025-03-07 21:00:00,0.2083,0.2083,0.2047,0.2061,196011.3,1741384799999,40385.57263,368,76038.8,15663.78688,0,0.34
2025-03-07 22:00:00,0.206,0.2072,0.2043,0.2064,101712.4,1741388399999,20928.31586,149,39042.6,8041.0147,0,0.34
2025-03-07 23:00:00,0.2063,0.2065,0.2034,0.2045,133132.8,1741391999999,27235.67655,168,44922.3,9170.91219,0,0.34
2025-03-08 00:00:00,0.2042,0.2057,0.2034,0.2057,81190.6,1741395599999,16601.58151,128,31751.2,6507.81339,0,0.28
2025-03-08 01:00:00,0.2055,0.2061,0.2011,0.2031,100236.8,1741399199999,20401.68961,285,46128.3,9371.66856,0,0.28
2025-03-08 02:00:00,0.2032,0.2037,0.2028,0.2035,31219.0,1741402799999,6342.07111,78,19649.8,3992.14261,0,0.28
2025-03-08 03:00:00,0.2036,0.2036,0.2016,0.2033,69699.6,1741406399999,14136.85029,222,47150.3,9566.55824,0,0.28
2025-03-08 04:00:00,0.2033,0.2051,0.2026,0.2051,34758.9,1741409999999,7080.54364,113,23810.5,4849.51979,0,0.28
2025-03-08 05:00:00,0.2052,0.2052,0.2027,0.203,52483.3,1741413599999,10685.98755,98,26234.8,5337.18122,0,0.28
2025-03-08 06:00:00,0.203,0.2031,0.2018,0.2023,83890.3,1741417199999,16999.18669,98,64196.8,13010.26508,0,0.28
2025-03-08 07:00:00,0.2021,0.203,0.2006,0.2009,145072.6,1741420799999,29252.59444,140,42953.7,8660.53586,0,0.28
2025-03-08 08:00:00,0.2009,0.2016,0.1996,0.1998,73738.2,1741424399999,14767.12121,135,40328.3,8081.15229,0,0.28
2025-03-08 09:00:00,0.1996,0.2017,0.1994,0.2,92736.4,1741427999999,18574.91135,135,53450.5,10693.08984,0,0.28
2025-03-08 10:00:00,0.1998,0.2013,0.1995,0.2008,35702.2,1741431599999,7148.87027,86,9365.9,1875.76882,0,0.28
2025-03-08 11:00:00,0.2005,0.2006,0.1978,0.1989,171327.1,1741435199999,34062.02422,215,110404.4,21958.12336,0,0.28
2025-03-08 12:00:00,0.199,0.2006,0.1981,0.2005,157981.8,1741438799999,31494.44052,292,80255.4,15999.47642,0,0.28
2025-03-08 13:00:00,0.2005,0.2015,0.2,0.2008,65618.8,1741442399999,13178.95074,129,28862.1,5803.33974,0,0.28
2025-03-08 14:00:00,0.2008,0.2014,0.2,0.2003,118439.9,1741445999999,23777.23709,246,74275.9,14909.7022,0,0.28
2025-03-08 15:00:00,0.2,0.2002,0.1992,0.1996,23970.9,1741449599999,4787.12366,72,4533.6,905.00936,0,0.28
2025-03-08 16:00:00,0.1996,0.1998,0.1973,0.199,69100.3,1741453199999,13700.88757,125,47090.3,9338.56226,0,0.28
2025-03-08 17:00:00,0.199,0.2013,0.1984,0.2002,142395.9,1741456799999,28513.10146,149,75469.1,15115.66984,0,0.28
2025-03-08 18:00:00,0.2006,0.2013,0.2003,0.2013,49269.2,1741460399999,9896.16845,79,30292.5,6089.35358,0,0.28
2025-03-08 19:00:00,0.2012,0.2025,0.2005,0.2021,46741.1,1741463999999,9436.32066,92,33393.8,6746.77287,0,0.28
2025-03-08 20:00:00,0.2021,0.2021,0.2008,0.2008,37589.5,1741467599999,7570.20525,52,12269.7,2468.96697,0,0.28
2025-03-08 21:00:00,0.2005,0.2015,0.1999,0.2001,38673.4,1741471199999,7761.54985,63,17403.7,3493.29687,0,0.28
2025-03-08 22:00:00,0.2,0.2002,0.198,0.1988,82349.5,1741474799999,16383.69432,116,33025.7,6570.91564,0,0.28
2025-03-08 23:00:00,0.199,0.2,0.1988,0.1992,47564.8,1741478399999,9476.09269,85,13083.6,2607.0342,0,0.28
2025-03-09 00:00:00,0.1991,0.2018,0.1989,0.1995,617137.7,1741481999999,123926.70135,809,336916.5,67683.54526,0,0.27
2025-03-09 01:00:00,0.1994,0.2001,0.198,0.1984,51301.4,1741485599999,10223.16417,103,16147.5,3219.48064,0,0.27
2025-03-09 02:00:00,0.1982,0.1983,0.197,0.1971,100920.1,1741489199999,19945.03555,154,55650.4,10997.44913,0,0.27
2025-03-09 03:00:00,0.1971,0.1975,0.1968,0.197,77008.3,1741492799999,15175.65012,89,30079.7,5930.04419,0,0.27
2025-03-09 04:00:00,0.1973,0.1977,0.197,0.1975,22355.7,1741496399999,4408.3001,45,5599.2,1104.74495,0,0.27
2025-03-09 05:00:00,0.1975,0.1981,0.1966,0.1966,58231.5,1741499999999,11490.52528,94,19567.0,3863.7852,0,0.27
2025-03-09 06:00:00,0.1967,0.1967,0.1951,0.1957,165239.1,1741503599999,32336.42537,234,65699.7,12857.52326,0,0.27
2025-03-09 07:00:00,0.1956,0.1977,0.1955,0.1968,51973.5,1741507199999,10243.19799,125,30336.2,5985.88378,0,0.27
2025-03-09 08:00:00,0.1969,0.1969,0.1953,0.1953,97396.3,1741510799999,19102.71633,187,36992.9,7265.31958,0,0.27
2025-03-09 09:00:00,0.1955,0.196,0.1946,0.1946,57529.6,1741514399999,11243.13781,141,23895.3,4669.51271,0,0.27
2025-03-09 10:00:00,0.1948,0.1956,0.1923,0.1928,190168.8,1741517999999,36855.53736,296,69315.6,13420.67702,0,0.27
2025-03-09 11:00:00,0.1926,0.1935,0.1921,0.1928,96690.2,1741521599999,18636.54356,188,41967.7,8094.98145,0,0.27
2025-03-09 12:00:00,0.1926,0.1943,0.1912,0.1941,474189.6,1741525199999,91670.37131,469,383007.5,74094.93735,0,0.27
2025-03-09 13:00:00,0.1941,0.1944,0.1913,0.1913,133099.7,1741528799999,25775.98434,300,55005.0,10645.44603,0,0.27
2025-03-09 14:00:00,0.1912,0.1922,0.1901,0.191,109547.3,1741532399999,20961.59874,227,40699.3,7792.77188,0,0.27
2025-03-09 15:00:00,0.1912,0.1918,0.1884,0.1889,196366.5,1741535999999,37296.19019,494,78825.5,14972.13243,0,0.27
2025-03-09 16:00:00,0.189,0.1905,0.1847,0.1849,307614.0,1741539599999,57512.18097,634,127119.4,23822.43234,0,0.27
2025-03-09 17:00:00,0.1849,0.1852,0.182,0.1823,227098.6,1741543199999,41797.01552,673,118833.9,21882.33941,0,0.27
2025-03-09 18:00:00,0.1826,0.184,0.1804,0.1824,447082.2,1741546799999,81291.71319,940,239691.4,43617.1872,0,0.27
2025-03-09 19:00:00,0.1825,0.1847,0.182,0.1839,159163.9,1741550399999,29168.24989,311,89586.3,16429.8207,0,0.27
2025-03-09 20:00:00,0.1839,0.1856,0.1835,0.1839,136567.2,1741553999999,25193.88384,224,85338.8,15739.53114,0,0.27
2025-03-09 21:00:00,0.1837,0.1837,0.1807,0.1807,242450.4,1741557599999,44167.86014,298,88549.8,16141.38875,0,0.27
2025-03-09 22:00:00,0.1807,0.1822,0.1798,0.181,676264.0,1741561199999,122345.53788,1098,294390.9,53293.84234,0,0.27
2025-03-09 23:00:00,0.181,0.1821,0.179,0.1807,255717.6,1741564799999,46147.67354,435,91987.0,16618.0143,0,0.27
2025-03-10 00:00:00,0.1809,0.1847,0.1787,0.184,368855.7,1741568399999,67064.1424,876,272474.8,49581.10063,0,0.2
2025-03-10 01:00:00,0.184,0.1852,0.1829,0.1835,145039.9,1741571999999,26692.89055,197,101789.6,18729.19951,0,0.2
2025-03-10 02:00:00,0.1838,0.1861,0.183,0.1845,194011.1,1741575599999,35793.76151,217,89883.5,16612.47945,0,0.2
2025-03-10 03:00:00,0.1844,0.1857,0.184,0.1848,80999.4,1741579199999,14960.94455,102,36708.2,6783.63334,0,0.2
2025-03-10 04:00:00,0.1845,0.187,0.1844,0.187,71071.5,1741582799999,13228.42464,121,57140.1,10635.01118,0,0.2
2025-03-10 05:00:00,0.1869,0.1873,0.186,0.1867,52043.4,1741586399999,9717.26346,152,24332.5,4546.07383,0,0.2
2025-03-10 06:00:00,0.1866,0.1869,0.1856,0.1864,57031.2,1741589999999,10622.94669,62,21122.3,3936.73195,0,0.2
2025-03-10 07:00:00,0.1868,0.1875,0.1864,0.1869,17696.3,1741593599999,3308.2529,68,9001.6,1684.30489,0,0.2
2025-03-10 08:00:00,0.1873,0.1873,0.1845,0.1858,71474.0,1741597199999,13274.03118,89,40730.1,7555.65716,0,0.2
2025-03-10 09:00:00,0.1857,0.1935,0.1856,0.189,351184.5,1741600799999,66993.9437,676,159953.2,30531.85775,0,0.2
2025-03-10 10:00:00,0.1891,0.1897,0.188,0.189,74090.5,1741604399999,13992.23097,144,34567.0,6530.5277,0,0.2
2025-03-10 11:00:00,0.1895,0.1921,0.1883,0.1915,118081.4,1741607999999,22402.13584,181,75260.9,14292.36049,0,0.2
2025-03-10 12:00:00,0.1917,0.1938,0.1912,0.1936,423966.3,1741611599999,81863.56313,378,305586.0,59034.73348,0,0.2
2025-03-10 13:00:00,0.1934,0.1937,0.1901,0.1903,236272.9,1741615199999,45231.75214,278,108614.6,20758.01758,0,0.2
2025-03-10 14:00:00,0.19,0.19,0.1834,0.1847,705380.3,1741618799999,130975.08438,1076,332827.1,61737.60141,0,0.2
2025-03-10 15:00:00,0.1842,0.1886,0.1842,0.1868,602386.8,1741622399999,112555.07178,584,371845.1,69507.04314,0,0.2
2025-03-10 16:00:00,0.1867,0.1879,0.1838,0.1844,229292.6,1741625999999,42537.59405,277,130591.6,24240.01857,0,0.2
2025-03-10 17:00:00,0.1848,0.1848,0.1789,0.1797,514356.9,1741629599999,93340.16551,656,244682.9,44372.48377,0,0.2
2025-03-10 18:00:00,0.1792,0.1816,0.1717,0.1721,488851.3,1741633199999,86489.71546,690,210029.6,37237.46534,0,0.2
2025-03-10 19:00:00,0.1721,0.179,0.1713,0.1786,588892.8,1741636799999,103113.18853,590,309793.2,54430.26667,0,0.2
2025-03-10 20:00:00,0.1781,0.1787,0.1757,0.1782,226110.6,1741640399999,40110.85669,273,88822.9,15758.38839,0,0.2
2025-03-10 21:00:00,0.1776,0.1799,0.177,0.178,233935.3,1741643999999,41730.60376,292,118392.6,21128.08605,0,0.2
2025-03-10 22:00:00,0.178,0.1785,0.1759,0.1765,159336.9,1741647599999,28189.70846,213,65829.8,11647.36802,0,0.2
2025-03-10 23:00:00,0.1765,0.1775,0.1744,0.1745,176717.9,1741651199999,31107.71205,203,70755.8,12461.3609,0,0.2
2025-03-11 00:00:00,0.1746,0.1767,0.1645,0.1689,1603200.2,1741654799999,270643.48331,2127,796361.0,134118.93591,0,0.24
2025-03-11 01:00:00,0.1686,0.1749,0.1654,0.1749,1077678.4,1741658399999,181594.91903,1335,643220.0,108378.16771,0,0.24
2025-03-11 02:00:00,0.1749,0.1766,0.1745,0.176,321441.9,1741661999999,56418.77235,376,183178.3,32167.97401,0,0.24
2025-03-11 03:00:00,0.1758,0.1779,0.1754,0.1756,269779.5,1741665599999,47668.77596,234,136426.5,24114.1739,0,0.24
2025-03-11 04:00:00,0.1755,0.1781,0.1752,0.1768,68619.0,1741669199999,12117.70775,115,49017.1,8655.91648,0,0.24
2025-03-11 05:00:00,0.1769,0.1804,0.1766,0.1781,755980.7,1741672799999,134956.92528,408,584782.9,104330.1666,0,0.24
2025-03-11 06:00:00,0.1782,0.1785,0.1759,0.1761,1383020.1,1741676399999,245556.97782,804,1007320.8,178920.10865,0,0.24
2025-03-11 07:00:00,0.1762,0.1781,0.1762,0.1777,128101.5,1741679999999,22689.98055,172,74988.7,13283.49724,0,0.24
2025-03-11 08:00:00,0.1774,0.1788,0.177,0.178,219282.6,1741683599999,38981.23346,276,145844.9,25926.19672,0,0.24
2025-03-11 09:00:00,0.1779,0.1801,0.1777,0.1793,697869.1,1741687199999,124987.60368,620,548053.1,98140.95107,0,0.24
2025-03-11 10:00:00,0.1791,0.1811,0.179,0.1805,720301.5,1741690799999,129823.59624,861,502925.5,90611.5069,0,0.24
2025-03-11 11:00:00,0.1803,0.181,0.1789,0.1799,157950.1,1741694399999,28440.05139,209,100880.5,18177.12413,0,0.24
2025-03-11 12:00:00,0.1801,0.1803,0.1782,0.1785,95441.3,1741697999999,17102.91888,128,31170.4,5585.70482,0,0.24
2025-03-11 13:00:00,0.1784,0.1842,0.177,0.1809,736439.0,1741701599999,133690.15338,955,384188.9,69581.20324,0,0.24
2025-03-11 14:00:00,0.1806,0.1815,0.1746,0.176,536934.8,1741705199999,95898.20764,476,201639.3,36038.88321,0,0.24
2025-03-11 15:00:00,0.1758,0.1817,0.1758,0.1812,281112.0,1741708799999,50496.71409,493,145968.3,26248.79571,0,0.24
2025-03-11 16:00:00,0.1808,0.1838,0.1802,0.1816,219381.3,1741712399999,39962.50619,569,133918.6,24376.22983,0,0.24
2025-03-11 17:00:00,0.1818,0.1822,0.179,0.1796,210649.9,1741715999999,37954.42008,509,98316.2,17710.97146,0,0.24
2025-03-11 18:00:00,0.1798,0.1874,0.1798,0.1861,419103.4,1741719599999,77098.27996,1086,225200.0,41267.53566,0,0.24
2025-03-11 19:00:00,0.1861,0.1873,0.1859,0.1871,191250.2,1741723199999,35711.80069,281,92343.2,17248.77543,0,0.24
2025-03-11 20:00:00,0.1868,0.1873,0.186,0.1861,195615.1,1741726799999,36528.37812,179,97422.0,18201.90652,0,0.24
2025-03-11 21:00:00,0.1862,0.1872,0.1857,0.1862,178046.8,1741730399999,33204.52717,137,103687.5,19359.36624,0,0.24
2025-03-11 22:00:00,0.1865,0.1875,0.1863,0.1872,130948.2,1741733999999,24478.8874,130,37693.8,7043.73673,0,0.24
2025-03-11 23:00:00,0.1873,0.1873,0.1841,0.1845,159485.9,1741737599999,29540.50675,190,90698.5,16781.88502,0,0.24
2025-03-12 00:00:00,0.185,0.1853,0.1832,0.1839,181135.5,1741741199999,33345.61312,217,88284.0,16250.60416,0,0.34
2025-03-12 01:00:00,0.1839,0.1875,0.1839,0.1863,114965.5,1741744799999,21348.55277,148,82104.3,15250.63313,0,0.34
2025-03-12 02:00:00,0.1863,0.1863,0.1834,0.1835,66571.9,1741748399999,12324.70703,131,34562.7,6402.27988,0,0.34
2025-03-12 03:00:00,0.1837,0.1842,0.1805,0.1805,106180.0,1741751999999,19345.56621,240,46197.4,8429.6305,0,0.34
2025-03-12 04:00:00,0.1805,0.1814,0.1796,0.1812,144053.6,1741755599999,26009.51401,180,53125.7,9592.00145,0,0.34
2025-03-12 05:00:00,0.1811,0.1831,0.1807,0.1827,174861.7,1741759199999,31809.05219,180,70363.5,12793.95331,0,0.34
2025-03-12 06:00:00,0.1825,0.1829,0.1813,0.1827,81368.8,1741762799999,14802.51824,145,36125.9,6579.00094,0,0.34
2025-03-12 07:00:00,0.1827,0.1866,0.1825,0.186,264724.7,1741766399999,48986.37805,458,126077.0,23332.60834,0,0.34
2025-03-12 08:00:00,0.1862,0.1888,0.1843,0.1879,460318.1,1741769999999,85688.75622,553,177210.1,32984.09658,0,0.34
2025-03-12 09:00:00,0.188,0.1895,0.1859,0.1873,424846.7,1741773599999,79527.47763,527,154433.0,28915.25268,0,0.34
2025-03-12 10:00:00,0.1872,0.1878,0.1864,0.1873,55840.1,1741777199999,10453.544,111,32836.1,6150.27766,0,0.34
2025-03-12 11:00:00,0.1874,0.189,0.1874,0.189,126597.8,1741780799999,23788.00497,216,60693.7,11415.44982,0,0.34
2025-03-12 12:00:00,0.1893,0.1942,0.1883,0.1913,705721.7,1741784399999,135374.80411,1074,400802.7,76790.65168,0,0.34
2025-03-12 13:00:00,0.1913,0.1913,0.1878,0.1882,374038.5,1741787999999,71003.69479,643,198038.3,37586.63391,0,0.34
2025-03-12 14:00:00,0.1883,0.1887,0.1861,0.1862,234503.6,1741791599999,43866.23501,408,122739.7,22961.18321,0,0.34
2025-03-12 15:00:00,0.1862,0.1866,0.1841,0.1864,246737.7,1741795199999,45762.61587,462,97840.4,18148.96418,0,0.34
2025-03-12 16:00:00,0.1862,0.1895,0.1861,0.1885,190931.4,1741798799999,35846.51173,375,85931.1,16140.3331,0,0.34
2025-03-12 17:00:00,0.1885,0.1902,0.1881,0.1881,134370.5,1741802399999,25439.57138,233,78777.1,14912.33851,0,0.34
2025-03-12 18:00:00,0.1883,0.1902,0.1882,0.1896,38429.3,1741805999999,7283.48786,76,20909.7,3963.87762,0,0.34
2025-03-12 19:00:00,0.1896,0.1899,0.1883,0.1895,46245.8,1741809599999,8749.47396,90,18140.0,3433.35625,0,0.34
2025-03-12 20:00:00,0.1891,0.1902,0.1889,0.1898,71196.4,1741813199999,13490.12084,104,47582.1,9015.58774,0,0.34
2025-03-12 21:00:00,0.1899,0.1908,0.189,0.1895,53590.6,1741816799999,10172.59326,105,19487.6,3705.89936,0,0.34
2025-03-12 22:00:00,0.1896,0.1909,0.1896,0.1906,17230.0,1741820399999,3276.58799,61,10012.1,1903.63904,0,0.34
2025-03-12 23:00:00,0.1906,0.1913,0.1898,0.191,106589.9,1741823999999,20331.07107,112,23629.5,4504.80315,0,0.34
2025-03-13 00:00:00,0.1911,0.1918,0.1899,0.1901,89987.7,1741827599999,17196.10625,169,35336.3,6754.25145,0,0.45
2025-03-13 01:00:00,0.1899,0.1909,0.1885,0.1896,235159.9,1741831199999,44546.74451,287,119642.6,22688.08085,0,0.45
2025-03-13 02:00:00,0.1894,0.1903,0.1882,0.1885,43723.3,1741834799999,8275.52362,94,25467.2,4817.52577,0,0.45
2025-03-13 03:00:00,0.1887,0.1898,0.1879,0.1886,50219.0,1741838399999,9478.0103,83,24963.1,4715.24252,0,0.45
2025-03-13 04:00:00,0.1885,0.189,0.1875,0.1878,141917.1,1741841999999,26737.52781,107,27008.7,5088.74171,0,0.45
2025-03-13 05:00:00,0.188,0.1897,0.188,0.1884,82693.4,1741845599999,15615.44348,141,60125.5,11360.89229,0,0.45
2025-03-13 06:00:00,0.1884,0.1884,0.1874,0.1876,184998.9,1741849199999,34752.10289,123,70106.6,13169.47326,0,0.45
2025-03-13 07:00:00,0.1877,0.1889,0.187,0.188,139295.0,1741852799999,26212.59174,136,22031.8,4145.08161,0,0.45
2025-03-13 08:00:00,0.1882,0.1902,0.1875,0.1901,489797.1,1741856399999,92632.01464,529,279930.9,52967.64554,0,0.45
2025-03-13 09:00:00,0.19,0.1952,0.1899,0.1948,1022439.5,1741859999999,196926.76828,1180,725120.0,139697.53508,0,0.45
2025-03-13 10:00:00,0.1947,0.1966,0.1937,0.1946,1396017.8,1741863599999,272689.62437,1070,980488.7,191558.25357,0,0.45
2025-03-13 11:00:00,0.1947,0.1951,0.1925,0.1937,437810.4,1741867199999,84798.68066,413,173556.7,33634.27542,0,0.45
2025-03-13 12:00:00,0.1939,0.197,0.1923,0.1925,702513.1,1741870799999,136641.41441,1082,351440.8,68405.61499,0,0.45
2025-03-13 13:00:00,0.193,0.1961,0.1915,0.1916,976394.7,1741874399999,189524.11442,1126,524605.5,101833.49829,0,0.45
2025-03-13 14:00:00,0.1912,0.1947,0.191,0.1934,245186.7,1741877999999,47319.2443,465,173602.3,33479.45071,0,0.45
2025-03-13 15:00:00,0.1935,0.1952,0.193,0.1939,565220.9,1741881599999,109767.63639,791,317564.8,61676.82419,0,0.45
2025-03-13 16:00:00,0.1939,0.1941,0.189,0.1901,791929.9,1741885199999,150923.85824,745,335705.7,63958.62802,0,0.45
2025-03-13 17:00:00,0.1903,0.1905,0.1864,0.1866,221608.8,1741888799999,41695.91791,265,83912.0,15801.76998,0,0.45
2025-03-13 18:00:00,0.1865,0.1895,0.1865,0.1889,232250.7,1741892399999,43739.895,250,169260.2,31876.65602,0,0.45
2025-03-13 19:00:00,0.1889,0.1891,0.1874,0.1876,357696.7,1741895999999,67325.94166,370,110497.1,20799.78134,0,0.45
2025-03-13 20:00:00,0.1878,0.1891,0.1868,0.1874,395968.5,1741899599999,74467.93346,498,265070.3,49871.81145,0,0.45
2025-03-13 21:00:00,0.1874,0.1889,0.1874,0.1888,121697.6,1741903199999,22918.87009,143,76247.9,14367.32702,0,0.45
2025-03-13 22:00:00,0.189,0.1925,0.189,0.1923,469426.8,1741906799999,89505.43927,423,155052.2,29629.24063,0,0.45
2025-03-13 23:00:00,0.1922,0.1933,0.192,0.1925,313331.7,1741910399999,60373.36244,835,214040.5,41257.92614,0,0.45
2025-03-14 00:00:00,0.1927,0.1946,0.1919,0.194,209682.2,1741913999999,40543.14275,335,136504.0,26384.59555,0,0.27
2025-03-14 01:00:00,0.194,0.1948,0.1926,0.1938,139772.4,1741917599999,27050.38901,287,46184.2,8944.14953,0,0.27
2025-03-14 02:00:00,0.1938,0.1955,0.1936,0.1954,86114.9,1741921199999,16771.41274,283,63447.8,12355.04792,0,0.27
2025-03-14 03:00:00,0.1954,0.1954,0.194,0.1951,100177.7,1741924799999,19507.75434,234,42835.6,8341.81912,0,0.27
2025-03-14 04:00:00,0.1952,0.1952,0.1936,0.1938,62256.7,1741928399999,12107.9668,96,32206.2,6262.19216,0,0.27
2025-03-14 05:00:00,0.1938,0.1942,0.1931,0.1938,95318.5,1741931999999,18457.51041,146,52347.0,10141.7045,0,0.27
2025-03-14 06:00:00,0.1937,0.1939,0.1932,0.1935,109231.5,1741935599999,21130.2828,173,54102.3,10467.64367,0,0.27
2025-03-14 07:00:00,0.1935,0.194,0.1928,0.1934,174480.7,1741939199999,33730.56788,463,103680.2,20035.88365,0,0.27
2025-03-14 08:00:00,0.1933,0.1954,0.1927,0.1937,348472.8,1741942799999,67617.7497,560,181133.5,35181.61,0,0.27
2025-03-14 09:00:00,0.1937,0.1948,0.1934,0.1944,156062.9,1741946399999,30286.02868,195,111611.3,21663.23848,0,0.27
2025-03-14 10:00:00,0.1943,0.1948,0.1934,0.194,135516.8,1741949999999,26340.02801,189,55435.0,10776.33387,0,0.27
2025-03-14 11:00:00,0.1941,0.1952,0.1938,0.1948,91377.7,1741953599999,17776.76035,129,52521.8,10222.07876,0,0.27
2025-03-14 12:00:00,0.1948,0.1953,0.1936,0.1945,128481.3,1741957199999,24987.21383,158,69278.2,13475.80346,0,0.27
2025-03-14 13:00:00,0.1947,0.1958,0.1938,0.195,143968.7,1741960799999,28001.66623,205,40516.8,7889.47009,0,0.27
2025-03-14 14:00:00,0.195,0.1968,0.1936,0.1957,500520.8,1741964399999,97755.21134,776,300210.3,58625.43562,0,0.27
2025-03-14 15:00:00,0.196,0.1992,0.196,0.1976,309792.6,1741967999999,61347.6411,466,168056.4,33307.06923,0,0.27
2025-03-14 16:00:00,0.1975,0.199,0.1968,0.1987,163662.8,1741971599999,32427.83346,219,100035.7,19835.86608,0,0.27
2025-03-14 17:00:00,0.1988,0.1989,0.1972,0.1972,64846.2,1741975199999,12832.72174,95,25478.1,5040.20816,0,0.27
2025-03-14 18:00:00,0.1977,0.2009,0.1977,0.1996,282089.7,1741978799999,56246.00269,456,164660.9,32844.28593,0,0.27
2025-03-14 19:00:00,0.1995,0.2004,0.1989,0.1997,96748.8,1741982399999,19314.86975,173,37496.5,7483.50481,0,0.27
2025-03-14 20:00:00,0.1996,0.1996,0.1983,0.1989,140677.9,1741985999999,27980.18324,220,64456.7,12811.58933,0,0.27
2025-03-14 21:00:00,0.1987,0.2,0.1979,0.1996,200248.1,1741989599999,39814.16143,299,108790.8,21635.56985,0,0.27
2025-03-14 22:00:00,0.1995,0.2005,0.1994,0.2003,48364.5,1741993199999,9668.24014,81,21789.2,4357.94511,0,0.27
2025-03-14 23:00:00,0.2002,0.2002,0.1969,0.1976,195024.7,1741996799999,38574.86624,383,99339.6,19639.29999,0,0.27
2025-03-15 00:00:00,0.1977,0.1996,0.1973,0.1989,283210.7,1742000399999,56229.78495,430,135319.1,26862.45747,0,0.46
2025-03-15 01:00:00,0.1987,0.199,0.1971,0.1976,100288.6,1742003999999,19875.90607,173,53629.4,10632.26055,0,0.46
2025-03-15 02:00:00,0.1977,0.1984,0.1969,0.1983,97585.2,1742007599999,19276.1824,160,60249.4,11910.45419,0,0.46
2025-03-15 03:00:00,0.1982,0.2,0.198,0.2,109614.7,1742011199999,21836.4803,213,63272.8,12616.66364,0,0.46
2025-03-15 04:00:00,0.2,0.2007,0.199,0.2005,67053.3,1742014799999,13408.28704,152,44720.1,8947.24549,0,0.46
2025-03-15 05:00:00,0.2003,0.2004,0.1994,0.1999,54799.5,1742018399999,10948.6616,118,18638.7,3725.28511,0,0.46
2025-03-15 06:00:00,0.1997,0.2,0.1992,0.1995,66422.4,1742021999999,13250.99988,134,26105.0,5209.89013,0,0.46
2025-03-15 07:00:00,0.1993,0.2,0.1983,0.1999,130342.8,1742025599999,25941.42226,179,63193.7,12588.01403,0,0.46
2025-03-15 08:00:00,0.1998,0.1999,0.1991,0.1997,203452.5,1742029199999,40586.37264,367,107748.1,21491.31913,0,0.46
2025-03-15 09:00:00,0.1996,0.1996,0.1984,0.199,120273.8,1742032799999,23930.94326,213,79998.7,15918.48535,0,0.46
2025-03-15 10:00:00,0.1989,0.1989,0.1974,0.198,114986.4,1742036399999,22782.94937,190,53276.6,10546.60879,0,0.46
2025-03-15 11:00:00,0.198,0.1991,0.1974,0.1991,122350.5,1742039999999,24266.93368,164,84163.3,16692.62853,0,0.46
2025-03-15 12:00:00,0.199,0.1997,0.1988,0.1993,99276.4,1742043599999,19762.61751,127,45905.5,9137.91265,0,0.46
2025-03-15 13:00:00,0.1992,0.2,0.1991,0.1993,82573.9,1742047199999,16473.85804,168,49602.3,9895.07069,0,0.46
2025-03-15 14:00:00,0.1994,0.1994,0.1977,0.1988,135822.2,1742050799999,26967.82208,179,81636.7,16223.03715,0,0.46
2025-03-15 15:00:00,0.1987,0.1992,0.1985,0.1992,111846.4,1742054399999,22253.10391,143,55289.4,10999.32089,0,0.46
2025-03-15 16:00:00,0.1992,0.2007,0.1984,0.2001,144823.7,1742057999999,28858.24234,173,85264.9,17006.47571,0,0.46
2025-03-15 17:00:00,0.1998,0.2009,0.1998,0.2002,36575.0,1742061599999,7325.84424,83,13331.6,2671.41003,0,0.46
2025-03-15 18:00:00,0.2005,0.2022,0.1995,0.1998,415449.4,1742065199999,83498.17709,516,196104.3,39455.10106,0,0.46
2025-03-15 19:00:00,0.1998,0.1999,0.1985,0.1997,107298.7,1742068799999,21368.39886,182,40054.1,7980.87891,0,0.46
2025-03-15 20:00:00,0.1997,0.2004,0.1997,0.2004,65772.4,1742072399999,13155.7122,133,41388.3,8278.11615,0,0.46
2025-03-15 21:00:00,0.2002,0.2008,0.1999,0.2005,89387.5,1742075999999,17909.76845,121,53130.3,10653.03813,0,0.46
2025-03-15 22:00:00,0.2006,0.2008,0.1999,0.1999,41894.9,1742079599999,8386.67651,77,21922.5,4387.18775,0,0.46
2025-03-15 23:00:00,0.2001,0.2003,0.1994,0.1995,69890.3,1742083199999,13956.66986,119,28771.5,5743.2378,0,0.46
2025-03-16 00:00:00,0.1995,0.2001,0.1992,0.1992,95156.7,1742086799999,19003.83918,165,46270.1,9239.07708,0,0.3
2025-03-16 01:00:00,0.1993,0.1994,0.1982,0.1986,77210.8,1742090399999,15333.0665,82,17583.9,3497.20842,0,0.3
2025-03-16 02:00:00,0.1982,0.1986,0.1971,0.1975,157167.2,1742093999999,31094.88234,210,84369.0,16689.28447,0,0.3
2025-03-16 03:00:00,0.1976,0.199,0.1975,0.1989,62565.7,1742097599999,12403.3531,154,34882.1,6916.83426,0,0.3
2025-03-16 04:00:00,0.1987,0.1999,0.1985,0.1999,79916.1,1742101199999,15898.19319,107,49777.9,9895.85836,0,0.3
2025-03-16 05:00:00,0.2,0.2006,0.1994,0.2005,128056.2,1742104799999,25623.04855,250,66873.8,13381.53432,0,0.3
2025-03-16 06:00:00,0.2007,0.2011,0.2004,0.2007,123205.5,1742108399999,24731.00209,208,55811.3,11203.73089,0,0.3
2025-03-16 07:00:00,0.2006,0.2006,0.1996,0.1999,77645.5,1742111999999,15540.17639,234,25358.0,5074.65497,0,0.3
2025-03-16 08:00:00,0.2,0.2,0.1985,0.1993,162235.7,1742115599999,32317.87375,290,48111.1,9600.19798,0,0.3
2025-03-16 09:00:00,0.1991,0.1992,0.1971,0.1979,65201.9,1742119199999,12910.09597,167,29194.4,5778.28498,0,0.3
2025-03-16 10:00:00,0.1975,0.1978,0.1964,0.197,144537.9,1742122799999,28484.00106,280,78717.0,15509.19218,0,0.3
2025-03-16 11:00:00,0.197,0.197,0.193,0.1933,441405.1,1742126399999,86240.25666,498,207723.5,40570.95062,0,0.3
2025-03-16 12:00:00,0.1932,0.1953,0.1932,0.1938,463756.4,1742129999999,90042.64379,761,173737.2,33750.67943,0,0.3
2025-03-16 13:00:00,0.1936,0.1949,0.1912,0.1915,223017.8,1742133599999,42987.17125,231,75844.6,14680.5378,0,0.3
2025-03-16 14:00:00,0.1916,0.1934,0.1914,0.1934,75183.4,1742137199999,14469.73964,174,30422.2,5860.72829,0,0.3
2025-03-16 15:00:00,0.1933,0.1941,0.1919,0.193,45737.4,1742140799999,8833.29234,89,19641.1,3793.57184,0,0.3
2025-03-16 16:00:00,0.1927,0.1971,0.1927,0.1955,256330.4,1742144399999,50172.28152,378,143425.6,28042.30811,0,0.3
2025-03-16 17:00:00,0.1954,0.196,0.1942,0.1951,69337.8,1742147999999,13530.70787,95,41927.9,8174.8485,0,0.3
2025-03-16 18:00:00,0.1952,0.1953,0.1932,0.1935,108764.6,1742151599999,21122.56754,134,58559.5,11378.93474,0,0.3
2025-03-16 19:00:00,0.1936,0.1937,0.1909,0.1915,308384.9,1742155199999,59088.88652,225,226740.4,43431.06418,0,0.3
2025-03-16 20:00:00,0.1917,0.1929,0.1916,0.1927,85148.5,1742158799999,16372.59906,109,56442.9,10853.04613,0,0.3
2025-03-16 21:00:00,0.1929,0.1932,0.1919,0.1921,58524.8,1742162399999,11267.38177,99,21408.5,4116.17685,0,0.3
2025-03-16 22:00:00,0.1929,0.1929,0.1909,0.1909,94773.6,1742165999999,18168.04207,171,45722.5,8758.84328,0,0.3
2025-03-16 23:00:00,0.1913,0.1919,0.1905,0.1914,140075.9,1742169599999,26794.47616,194,75041.9,14352.54049,0,0.3
2025-03-17 00:00:00,0.1913,0.1937,0.1912,0.1936,96393.3,1742173199999,18505.15329,148,38592.2,7415.21993,0,0.32
2025-03-17 01:00:00,0.1935,0.1955,0.1935,0.1952,83404.4,1742176799999,16207.57812,169,33938.5,6596.5185,0,0.32
2025-03-17 02:00:00,0.1952,0.1971,0.1946,0.1965,117728.1,1742180399999,23095.06952,257,68764.1,13502.89758,0,0.32
2025-03-17 03:00:00,0.1967,0.198,0.1961,0.1977,68875.4,1742183999999,13580.50721,145,42820.0,8436.75294,0,0.32
2025-03-17 04:00:00,0.1972,0.1978,0.1968,0.1976,153246.6,1742187599999,30235.25433,216,55847.9,11025.90423,0,0.32
2025-03-17 05:00:00,0.1975,0.1979,0.1967,0.1969,154891.7,1742191199999,30538.34572,226,47361.4,9339.67527,0,0.32
2025-03-17 06:00:00,0.1968,0.1981,0.1958,0.1963,163433.6,1742194799999,32192.01484,238,96544.7,19026.87452,0,0.32
2025-03-17 07:00:00,0.1962,0.1985,0.1962,0.198,121279.5,1742198399999,23989.35448,202,79115.9,15640.14967,0,0.32
2025-03-17 08:00:00,0.1983,0.1992,0.1971,0.1992,56997.8,1742201999999,11302.25408,98,29088.6,5773.93197,0,0.32
2025-03-17 09:00:00,0.1991,0.2005,0.1987,0.1999,151475.7,1742205599999,30297.78765,220,80222.5,16041.23301,0,0.32
2025-03-17 10:00:00,0.2001,0.2007,0.1994,0.2005,201959.1,1742209199999,40425.61694,192,182511.8,36538.45474,0,0.32
2025-03-17 11:00:00,0.2005,0.2008,0.1995,0.1997,126048.7,1742212799999,25233.25959,146,89154.2,17852.72486,0,0.32
2025-03-17 12:00:00,0.1996,0.203,0.1993,0.1995,661954.9,1742216399999,132826.98994,816,266313.9,53413.52569,0,0.32
2025-03-17 13:00:00,0.1996,0.2005,0.1987,0.1994,131908.7,1742219999999,26316.88813,184,73727.3,14712.97614,0,0.32
2025-03-17 14:00:00,0.1994,0.2012,0.198,0.1997,258256.6,1742223599999,51517.70753,376,113520.3,22643.30062,0,0.32
2025-03-17 15:00:00,0.2,0.2005,0.199,0.2,172775.0,1742227199999,34544.84224,296,60540.0,12102.39158,0,0.32
2025-03-17 16:00:00,0.2002,0.2008,0.1991,0.1996,89990.4,1742230799999,17992.07745,178,31345.0,6265.71433,0,0.32
2025-03-17 17:00:00,0.1995,0.2028,0.1995,0.202,178827.1,1742234399999,36051.06587,230,79835.7,16071.47466,0,0.32
2025-03-17 18:00:00,0.202,0.203,0.2016,0.2028,127932.9,1742237999999,25901.25429,221,59188.1,11986.71428,0,0.32
2025-03-17 19:00:00,0.2029,0.2036,0.2017,0.2017,73510.3,1742241599999,14883.6938,126,54527.9,11043.77602,0,0.32
2025-03-17 20:00:00,0.2017,0.2033,0.2015,0.2027,112133.0,1742245199999,22688.64597,158,29601.0,5993.40483,0,0.32
2025-03-17 21:00:00,0.2027,0.2037,0.2022,0.2037,103366.8,1742248799999,20973.37046,239,31974.9,6486.66867,0,0.32
2025-03-17 22:00:00,0.2038,0.2039,0.2028,0.2029,79316.8,1742252399999,16121.17214,140,17460.8,3552.22849,0,0.32
2025-03-17 23:00:00,0.2026,0.2028,0.2019,0.2024,67537.4,1742255999999,13660.43885,130,33437.0,6762.35018,0,0.32
2025-03-18 00:00:00,0.2022,0.204,0.202,0.2027,857045.7,1742259599999,174028.07346,1148,461304.7,93692.06652,0,0.34
2025-03-18 01:00:00,0.2027,0.2031,0.1993,0.1998,611852.0,1742263199999,122943.56881,1260,114416.2,22953.91151,0,0.34
2025-03-18 02:00:00,0.1997,0.2041,0.1997,0.2022,661802.6,1742266799999,133963.69063,1239,260026.4,52669.06728,0,0.34
2025-03-18 03:00:00,0.2023,0.2036,0.2008,0.2009,226155.7,1742270399999,45780.50143,313,82917.5,16808.24544,0,0.34
2025-03-18 04:00:00,0.2008,0.2069,0.2007,0.2052,595598.5,1742273999999,121979.55689,852,338178.9,69264.88519,0,0.34
2025-03-18 05:00:00,0.2052,0.2084,0.2034,0.2038,2005403.8,1742277599999,414410.74827,2630,1190823.5,246125.16946,0,0.34
2025-03-18 06:00:00,0.2039,0.2049,0.2012,0.2019,582227.9,1742281199999,118249.71972,733,228807.7,46498.11394,0,0.34
2025-03-18 07:00:00,0.2018,0.2032,0.1988,0.1996,889464.3,1742284799999,178725.83638,920,330458.8,66372.66721,0,0.34
2025-03-18 08:00:00,0.1994,0.2018,0.1983,0.2016,318027.0,1742288399999,63480.35389,492,201241.3,40183.12421,0,0.34
2025-03-18 09:00:00,0.2015,0.2028,0.2012,0.2019,188054.8,1742291999999,37997.17585,330,93285.4,18854.111,0,0.34
2025-03-18 10:00:00,0.2018,0.2024,0.2005,0.2022,353274.2,1742295599999,71189.34839,367,221685.8,44688.31385,0,0.34
2025-03-18 11:00:00,0.2022,0.2025,0.2009,0.2013,317599.3,1742299199999,64055.98817,363,121724.0,24558.09949,0,0.34
2025-03-18 12:00:00,0.2012,0.2019,0.2001,0.2009,115634.4,1742302799999,23251.37337,162,63194.7,12721.90733,0,0.34
2025-03-18 13:00:00,0.2009,0.2015,0.1983,0.1988,190241.2,1742306399999,38044.40692,357,66790.6,13329.59092,0,0.34
2025-03-18 14:00:00,0.199,0.2013,0.1985,0.2005,107772.2,1742309999999,21540.41195,238,59432.7,11893.50108,0,0.34
2025-03-18 15:00:00,0.2004,0.2004,0.1978,0.198,89698.3,1742313599999,17849.58674,203,38909.4,7767.6591,0,0.34
2025-03-18 16:00:00,0.1978,0.1988,0.1971,0.1983,61379.2,1742317199999,12148.22636,205,31939.7,6321.87055,0,0.34
2025-03-18 17:00:00,0.1982,0.1985,0.197,0.1973,219155.5,1742320799999,43229.38511,248,60240.1,11894.59025,0,0.34
2025-03-18 18:00:00,0.1973,0.198,0.1961,0.1977,82899.6,1742324399999,16369.96295,178,51323.6,10138.41616,0,0.34
2025-03-18 19:00:00,0.1975,0.1991,0.1972,0.1987,57257.4,1742327999999,11340.01889,117,33557.8,6647.42338,0,0.34
2025-03-18 20:00:00,0.199,0.1995,0.1974,0.1995,44007.0,1742331599999,8731.9955,96,32963.5,6541.37452,0,0.34
2025-03-18 21:00:00,0.1992,0.2011,0.1992,0.2007,41604.8,1742335199999,8341.94928,100,18180.7,3641.11603,0,0.34
2025-03-18 22:00:00,0.2009,0.203,0.2005,0.2028,112360.6,1742338799999,22696.52826,235,66625.3,13455.03654,0,0.34
2025-03-18 23:00:00,0.203,0.2042,0.2028,0.2033,221069.5,1742342399999,44994.99828,411,89004.4,18118.31574,0,0.34
2025-03-19 00:00:00,0.2034,0.2039,0.2021,0.2028,177062.0,1742345999999,35933.99885,236,68402.1,13880.90776,0,0.32
2025-03-19 01:00:00,0.2029,0.2057,0.2029,0.2046,628666.3,1742349599999,128456.63704,777,495518.2,101291.18757,0,0.32
2025-03-19 02:00:00,0.2045,0.2048,0.2021,0.2039,498622.4,1742353199999,101382.80722,567,64717.6,13173.09819,0,0.32
2025-03-19 03:00:00,0.204,0.2045,0.2032,0.2042,26665.2,1742356799999,5435.31866,74,15947.0,3252.39351,0,0.32
2025-03-19 04:00:00,0.2048,0.2048,0.2036,0.2042,20986.4,1742360399999,4283.17989,62,7427.7,1516.90347,0,0.32
2025-03-19 05:00:00,0.204,0.2041,0.2034,0.2037,39578.8,1742363999999,8062.72126,55,4003.2,815.89688,0,0.32
2025-03-19 06:00:00,0.2038,0.205,0.203,0.2043,351972.3,1742367599999,71834.67604,425,217758.3,44419.72893,0,0.32
2025-03-19 07:00:00,0.2045,0.2051,0.2026,0.2031,394589.8,1742371199999,80396.37618,424,165447.5,33723.45757,0,0.32
2025-03-19 08:00:00,0.2032,0.2042,0.2032,0.2033,210737.1,1742374799999,42922.26964,229,104572.5,21317.8686,0,0.32
2025-03-19 09:00:00,0.2033,0.2042,0.2029,0.2035,53335.6,1742378399999,10846.02109,95,38301.8,7787.56441,0,0.32
2025-03-19 10:00:00,0.2035,0.2073,0.2029,0.2048,377025.6,1742381999999,77328.41966,544,212031.8,43479.74636,0,0.32
2025-03-19 11:00:00,0.205,0.2077,0.2047,0.2068,239105.9,1742385599999,49347.6305,402,143706.8,29675.79559,0,0.32
2025-03-19 12:00:00,0.2067,0.2078,0.2048,0.2058,217091.6,1742389199999,44728.50326,331,119770.4,24696.24583,0,0.32
2025-03-19 13:00:00,0.2059,0.2086,0.2043,0.2066,1527143.9,1742392799999,316283.67016,2050,979983.7,202962.65839,0,0.32
2025-03-19 14:00:00,0.2067,0.2081,0.2044,0.206,1292987.1,1742396399999,266439.27391,1047,274706.5,56686.94914,0,0.32
2025-03-19 15:00:00,0.2058,0.2061,0.2042,0.2053,116358.5,1742399999999,23898.152,210,70542.8,14497.55188,0,0.32
2025-03-19 16:00:00,0.2054,0.2063,0.2049,0.2053,75868.9,1742403599999,15571.55348,125,44494.7,9134.10583,0,0.32
2025-03-19 17:00:00,0.2053,0.2056,0.2026,0.2037,274285.0,1742407199999,55935.46446,363,163297.1,33287.33568,0,0.32
2025-03-19 18:00:00,0.2036,0.2085,0.2028,0.208,606888.2,1742410799999,124555.1204,802,351186.6,72071.64738,0,0.32
2025-03-19 19:00:00,0.2081,0.2093,0.2069,0.2078,173672.3,1742414399999,36096.63109,260,103473.5,21507.25214,0,0.32
2025-03-19 20:00:00,0.208,0.2088,0.2072,0.2076,45682.3,1742417999999,9503.43679,88,10742.7,2238.09949,0,0.32
2025-03-19 21:00:00,0.2081,0.2087,0.2075,0.2075,118161.4,1742421599999,24609.2615,136,48033.6,9994.6679,0,0.32
2025-03-19 22:00:00,0.2079,0.2089,0.2071,0.2084,147102.6,1742425199999,30615.92398,153,103034.9,21441.38904,0,0.32
2025-03-19 23:00:00,0.2084,0.2091,0.2077,0.209,42567.6,1742428799999,8880.01309,96,22942.5,4784.26695,0,0.32
2025-03-20 00:00:00,0.209,0.21,0.2058,0.207,438960.8,1742432399999,91124.76448,581,233701.9,48484.78783,0,0.49
2025-03-20 01:00:00,0.2069,0.2081,0.2065,0.2068,235146.7,1742435999999,48733.29877,326,84125.4,17441.22655,0,0.49
2025-03-20 02:00:00,0.2071,0.2073,0.2062,0.2069,117678.3,1742439599999,24340.9306,146,64225.4,13287.71945,0,0.49
2025-03-20 03:00:00,0.2072,0.2073,0.2064,0.2065,84964.7,1742443199999,17576.36034,128,34529.1,7144.87079,0,0.49
2025-03-20 04:00:00,0.2066,0.2067,0.2056,0.2062,61076.9,1742446799999,12594.53972,93,35529.5,7329.91479,0,0.49
2025-03-20 05:00:00,0.2062,0.2063,0.2049,0.2055,84433.6,1742450399999,17358.05753,131,40977.3,8433.99537,0,0.49
2025-03-20 06:00:00,0.2055,0.2059,0.2048,0.2054,73648.8,1742453999999,15129.75006,92,42199.3,8668.40045,0,0.49
2025-03-20 07:00:00,0.2054,0.2064,0.2054,0.2061,53879.4,1742457599999,11090.03844,117,36108.8,7434.73881,0,0.49
2025-03-20 08:00:00,0.2064,0.2076,0.206,0.2075,93461.6,1742461199999,19342.89366,193,39398.3,8155.90463,0,0.49
2025-03-20 09:00:00,0.2073,0.2073,0.2056,0.2056,65167.6,1742464799999,13445.81854,97,20988.6,4328.97227,0,0.49
2025-03-20 10:00:00,0.2056,0.2058,0.2029,0.2035,333174.9,1742468399999,68093.85863,397,122477.7,25053.93435,0,0.49
2025-03-20 11:00:00,0.2035,0.204,0.2033,0.2034,51126.1,1742471999999,10414.03307,77,28396.4,5783.11011,0,0.49
2025-03-20 12:00:00,0.2033,0.205,0.2029,0.2049,123406.4,1742475599999,25202.08877,164,66373.3,13557.15801,0,0.49
2025-03-20 13:00:00,0.205,0.205,0.2037,0.2041,108015.6,1742479199999,22063.19889,157,66627.0,13608.19353,0,0.49
2025-03-20 14:00:00,0.204,0.2067,0.204,0.2063,159936.0,1742482799999,32868.01329,297,95489.0,19620.50821,0,0.49
2025-03-20 15:00:00,0.2066,0.2066,0.2034,0.2035,140212.6,1742486399999,28688.39737,244,50083.5,10267.0407,0,0.49
2025-03-20 16:00:00,0.2037,0.2048,0.2018,0.2024,210449.0,1742489999999,42741.84278,373,88313.0,17969.35545,0,0.49
2025-03-20 17:00:00,0.2024,0.2042,0.2022,0.2037,75051.0,1742493599999,15245.71234,150,29359.1,5963.29513,0,0.49
2025-03-20 18:00:00,0.2037,0.2049,0.2034,0.2034,77824.7,1742497199999,15871.19705,119,58692.2,11965.98538,0,0.49
2025-03-20 19:00:00,0.2034,0.2045,0.2029,0.2041,43324.6,1742500799999,8824.59292,109,28825.6,5870.66294,0,0.49
2025-03-20 20:00:00,0.2041,0.2052,0.2036,0.2051,42185.3,1742504399999,8625.95427,124,21186.9,4331.22602,0,0.49
2025-03-20 21:00:00,0.2051,0.2064,0.2051,0.2053,99500.1,1742507999999,20450.32723,158,41262.9,8486.83027,0,0.49
2025-03-20 22:00:00,0.2052,0.2056,0.2045,0.2045,30148.6,1742511599999,6186.04821,69,24547.1,5038.40485,0,0.49
2025-03-20 23:00:00,0.2043,0.2045,0.2038,0.2045,22187.0,1742515199999,4530.35885,61,9177.8,1874.47481,0,0.49
2025-03-21 00:00:00,0.2044,0.2054,0.2039,0.204,263081.6,1742518799999,53730.65377,247,72167.2,14741.41701,0,0.31
2025-03-21 01:00:00,0.2037,0.2044,0.2029,0.2044,92075.8,1742522399999,18749.42187,135,51111.6,10405.23544,0,0.31
2025-03-21 02:00:00,0.204,0.2041,0.2033,0.2035,39087.5,1742525999999,7967.73339,80,21777.4,4439.39902,0,0.31
2025-03-21 03:00:00,0.2035,0.2037,0.2028,0.2028,63645.0,1742529599999,12935.21375,110,41113.4,8358.73149,0,0.31
2025-03-21 04:00:00,0.2028,0.2039,0.2026,0.2039,56731.8,1742533199999,11520.96245,85,38341.6,7785.97831,0,0.31
2025-03-21 05:00:00,0.204,0.2043,0.2028,0.2037,121524.0,1742536799999,24726.92559,155,82421.0,16774.9744,0,0.31
2025-03-21 06:00:00,0.2037,0.2038,0.2024,0.2029,76652.9,1742540399999,15578.51688,132,20534.2,4174.35541,0,0.31
2025-03-21 07:00:00,0.2029,0.2031,0.2015,0.2018,156685.4,1742543999999,31646.75417,221,41838.8,8456.19925,0,0.31
2025-03-21 08:00:00,0.2018,0.2022,0.2001,0.201,199872.0,1742547599999,40172.00113,280,97677.1,19631.69181,0,0.31
2025-03-21 09:00:00,0.201,0.2013,0.1997,0.1998,137581.9,1742551199999,27571.82648,190,70210.6,14086.25448,0,0.31
2025-03-21 10:00:00,0.1998,0.1999,0.198,0.1991,160104.0,1742554799999,31851.30449,264,86136.7,17143.26442,0,0.31
2025-03-21 11:00:00,0.1989,0.1995,0.1983,0.1992,55556.0,1742558399999,11041.78924,124,23640.8,4703.07703,0,0.31
2025-03-21 12:00:00,0.1992,0.2005,0.1985,0.1986,228225.7,1742561999999,45515.60663,317,132519.2,26434.51788,0,0.31
2025-03-21 13:00:00,0.1986,0.201,0.1986,0.2006,111748.3,1742565599999,22309.88992,201,68596.9,13695.64305,0,0.31
2025-03-21 14:00:00,0.2007,0.2016,0.1995,0.2011,63511.5,1742569199999,12739.84144,136,15051.6,3017.66511,0,0.31
2025-03-21 15:00:00,0.2013,0.2013,0.1998,0.1998,56171.4,1742572799999,11256.55058,122,17682.9,3545.58869,0,0.31
2025-03-21 16:00:00,0.1999,0.201,0.1997,0.2008,53996.4,1742576399999,10803.73112,155,30099.1,6023.89772,0,0.31
2025-03-21 17:00:00,0.2007,0.2008,0.2,0.2,84782.9,1742579999999,16989.0811,127,25915.4,5192.20365,0,0.31
2025-03-21 18:00:00,0.2001,0.2019,0.1991,0.2006,244124.0,1742583599999,48977.78037,330,152116.0,30511.34517,0,0.31
2025-03-21 19:00:00,0.2005,0.2008,0.1996,0.2004,84035.2,1742587199999,16825.03611,108,29854.8,5983.01709,0,0.31
2025-03-21 20:00:00,0.2005,0.2016,0.2002,0.2014,57513.3,1742590799999,11556.69464,92,26168.0,5253.37147,0,0.31
2025-03-21 21:00:00,0.2012,0.202,0.2008,0.2011,88490.7,1742594399999,17819.98702,149,65306.2,13148.39821,0,0.31
2025-03-21 22:00:00,0.2012,0.2012,0.2004,0.201,80383.5,1742597999999,16135.32722,135,30368.2,6096.25523,0,0.31
2025-03-21 23:00:00,0.201,0.2016,0.2003,0.2005,57881.1,1742601599999,11637.34903,107,25577.1,5143.297,0,0.31
2025-03-22 00:00:00,0.2006,0.2039,0.2004,0.2011,500946.3,1742605199999,101199.53825,613,244019.4,49265.7987,0,0.32
2025-03-22 01:00:00,0.201,0.2021,0.2008,0.2013,84637.9,1742608799999,17025.57707,113,47588.8,9569.57011,0,0.32
2025-03-22 02:00:00,0.2009,0.2025,0.2006,0.2023,53628.8,1742612399999,10827.61495,110,22725.4,4587.17189,0,0.32
2025-03-22 03:00:00,0.2021,0.2038,0.202,0.2024,364415.4,1742615999999,73939.6523,501,191753.2,38891.4201,0,0.32
2025-03-22 04:00:00,0.2026,0.2044,0.2026,0.2039,166027.4,1742619599999,33833.6936,272,75074.7,15290.97153,0,0.32
2025-03-22 05:00:00,0.2041,0.2064,0.204,0.2054,335289.9,1742623199999,68828.44402,403,174859.8,35875.11102,0,0.32
2025-03-22 06:00:00,0.2055,0.2065,0.2055,0.2062,110775.2,1742626799999,22821.65544,179,60362.4,12434.7907,0,0.32
2025-03-22 07:00:00,0.2066,0.2071,0.2057,0.2068,155268.0,1742630399999,32050.86077,291,93429.7,19287.90714,0,0.32
2025-03-22 08:00:00,0.2067,0.2084,0.2063,0.2083,292793.2,1742633999999,60824.18394,400,175710.2,36501.47933,0,0.32
2025-03-22 09:00:00,0.2083,0.2092,0.2081,0.2086,147481.2,1742637599999,30764.08637,308,49003.9,10222.04549,0,0.32
2025-03-22 10:00:00,0.2087,0.2097,0.2082,0.209,294524.4,1742641199999,61568.06299,451,216983.3,45356.19409,0,0.32
2025-03-22 11:00:00,0.2091,0.2094,0.2084,0.2092,131083.9,1742644799999,27374.6988,274,52664.5,10996.92456,0,0.32
2025-03-22 12:00:00,0.2092,0.2095,0.2071,0.2071,275093.9,1742648399999,57326.57115,561,135594.6,28293.55274,0,0.32
2025-03-22 13:00:00,0.2071,0.2073,0.2061,0.2069,123994.3,1742651999999,25626.68145,385,68677.0,14190.416,0,0.32
2025-03-22 14:00:00,0.2067,0.2067,0.2056,0.2061,101044.3,1742655599999,20829.67271,274,56472.2,11637.95619,0,0.32
2025-03-22 15:00:00,0.2061,0.2077,0.206,0.2076,58987.2,1742659199999,12211.19632,176,26777.7,5542.43051,0,0.32
2025-03-22 16:00:00,0.2076,0.2086,0.2071,0.2086,118628.8,1742662799999,24630.99135,226,37716.2,7834.68371,0,0.32
2025-03-22 17:00:00,0.2086,0.2086,0.2078,0.2081,110610.7,1742666399999,23019.65424,216,21990.1,4578.55997,0,0.32
2025-03-22 18:00:00,0.2083,0.2085,0.2078,0.208,46692.2,1742669999999,9720.30552,134,32948.7,6860.14015,0,0.32
2025-03-22 19:00:00,0.208,0.2082,0.2074,0.2076,107775.4,1742673599999,22401.60072,214,46117.2,9582.3549,0,0.32
2025-03-22 20:00:00,0.2077,0.2078,0.2068,0.2068,36976.1,1742677199999,7669.74079,88,21733.3,4510.35122,0,0.32
2025-03-22 21:00:00,0.2063,0.2077,0.2061,0.2073,95955.5,1742680799999,19867.1422,173,43645.8,9035.30965,0,0.32
2025-03-22 22:00:00,0.2077,0.2094,0.2075,0.2083,157902.0,1742684399999,32935.07613,526,51879.9,10828.21747,0,0.32
2025-03-22 23:00:00,0.2083,0.209,0.2076,0.209,131008.5,1742687999999,27271.34751,327,43165.3,8994.0648,0,0.32
2025-03-23 00:00:00,0.209,0.209,0.2054,0.2058,321431.8,1742691599999,66411.96831,587,103360.1,21362.79444,0,0.3
2025-03-23 01:00:00,0.2058,0.2068,0.2057,0.2066,44422.6,1742695199999,9160.51416,157,19644.0,4050.54161,0,0.3
2025-03-23 02:00:00,0.2067,0.2071,0.2058,0.207,29077.5,1742698799999,6002.16891,146,14967.9,3088.50714,0,0.3
2025-03-23 03:00:00,0.207,0.2081,0.2065,0.2081,36502.8,1742702399999,7553.61973,127,13168.9,2728.69891,0,0.3
2025-03-23 04:00:00,0.2079,0.2086,0.2072,0.2074,142943.4,1742705999999,29741.24086,230,53376.5,11114.25293,0,0.3
2025-03-23 05:00:00,0.2076,0.2076,0.206,0.2068,30565.1,1742709599999,6314.21278,130,8835.5,1825.80104,0,0.3
2025-03-23 06:00:00,0.2067,0.2068,0.2054,0.2059,63748.0,1742713199999,13127.89017,180,31248.9,6436.47998,0,0.3
2025-03-23 07:00:00,0.206,0.2069,0.2058,0.2061,93286.8,1742716799999,19235.27593,256,54053.2,11148.40046,0,0.3
2025-03-23 08:00:00,0.2061,0.2073,0.2059,0.2066,33571.8,1742720399999,6933.98792,116,16784.4,3465.58303,0,0.3
2025-03-23 09:00:00,0.2065,0.2069,0.206,0.2068,31277.2,1742723999999,6460.49222,89,16588.2,3427.44374,0,0.3
2025-03-23 10:00:00,0.2069,0.2085,0.2069,0.2082,44507.1,1742727599999,9251.04434,133,27886.9,5797.36461,0,0.3
2025-03-23 11:00:00,0.2086,0.2096,0.2084,0.2092,156195.2,1742731199999,32645.8166,294,95239.6,19911.44886,0,0.3
2025-03-23 12:00:00,0.2093,0.2109,0.2091,0.2102,307544.1,1742734799999,64619.96391,541,143922.1,30254.9757,0,0.3
2025-03-23 13:00:00,0.2103,0.2104,0.2091,0.2101,134238.0,1742738399999,28165.95259,290,59688.0,12526.56382,0,0.3
2025-03-23 14:00:00,0.2101,0.2101,0.2086,0.2088,150192.2,1742741999999,31421.42659,277,46755.9,9782.69455,0,0.3
2025-03-23 15:00:00,0.2087,0.2091,0.2082,0.2082,204433.3,1742745599999,42647.22243,314,103897.5,21680.0258,0,0.3
2025-03-23 16:00:00,0.2082,0.2082,0.2061,0.2064,123555.8,1742749199999,25573.09742,273,59616.0,12332.78731,0,0.3
2025-03-23 17:00:00,0.2064,0.2067,0.2044,0.2053,133094.8,1742752799999,27337.82032,233,68470.3,14077.1053,0,0.3
2025-03-23 18:00:00,0.205,0.2056,0.204,0.205,83620.1,1742756399999,17107.98529,126,22622.0,4638.86524,0,0.3
2025-03-23 19:00:00,0.205,0.2057,0.2049,0.2057,49321.1,1742759999999,10130.23648,68,37603.4,7726.52494,0,0.3
2025-03-23 20:00:00,0.2058,0.2064,0.2055,0.2057,83321.8,1742763599999,17166.32078,155,52713.2,10867.11887,0,0.3
2025-03-23 21:00:00,0.2058,0.2061,0.2054,0.2058,65797.9,1742767199999,13532.62352,121,22818.5,4692.13932,0,0.3
2025-03-23 22:00:00,0.206,0.2068,0.2056,0.2064,68710.1,1742770799999,14166.85435,149,37202.6,7668.34624,0,0.3
2025-03-23 23:00:00,0.2065,0.2067,0.206,0.206,44812.1,1742774399999,9248.91034,115,21305.5,4398.01265,0,0.3
2025-03-24 00:00:00,0.2058,0.2063,0.2049,0.2053,166538.8,1742777999999,34204.17976,254,69188.6,14217.62698,0,0.45
2025-03-24 01:00:00,0.2052,0.2054,0.2039,0.204,246792.6,1742781599999,50402.95125,283,67003.9,13694.52632,0,0.45
2025-03-24 02:00:00,0.2038,0.2042,0.2029,0.204,117955.4,1742785199999,24001.12957,199,39281.1,7991.08295,0,0.45
2025-03-24 03:00:00,0.2039,0.2065,0.2038,0.2063,133986.3,1742788799999,27550.33644,245,99192.2,20396.85892,0,0.45
2025-03-24 04:00:00,0.2065,0.2089,0.2065,0.2085,209369.7,1742792399999,43556.38979,476,144652.7,30075.34456,0,0.45
2025-03-24 05:00:00,0.2087,0.2115,0.2086,0.2113,225233.4,1742795999999,47417.87158,507,110446.7,23237.99737,0,0.45
2025-03-24 06:00:00,0.2116,0.2151,0.2115,0.2147,335327.6,1742799599999,71502.21296,754,181663.2,38720.89934,0,0.45
2025-03-24 07:00:00,0.2147,0.2153,0.2142,0.2145,357192.9,1742803199999,76707.3212,652,196803.8,42251.38872,0,0.45
2025-03-24 08:00:00,0.2145,0.2174,0.2145,0.217,517352.9,1742806799999,111968.40219,827,323510.9,69991.82601,0,0.45
2025-03-24 09:00:00,0.2172,0.2172,0.2156,0.2158,127129.9,1742810399999,27456.61811,175,77959.7,16832.84625,0,0.45
2025-03-24 10:00:00,0.2157,0.2165,0.2154,0.2155,146026.2,1742813999999,31507.39096,294,82228.6,17738.97621,0,0.45
2025-03-24 11:00:00,0.2156,0.2158,0.2147,0.2151,161465.3,1742817599999,34750.02047,283,52166.9,11229.06304,0,0.45
2025-03-24 12:00:00,0.2151,0.2159,0.2144,0.2154,177056.9,1742821199999,38055.92329,404,89202.5,19175.1244,0,0.45
2025-03-24 13:00:00,0.2153,0.2158,0.2146,0.2155,140456.5,1742824799999,30221.86337,349,91709.4,19734.47424,0,0.45
2025-03-24 14:00:00,0.2156,0.2183,0.2155,0.2157,344711.9,1742828399999,74693.57153,572,149689.3,32444.2602,0,0.45
2025-03-24 15:00:00,0.2157,0.2162,0.215,0.216,85036.8,1742831999999,18335.17358,211,38365.0,8274.33645,0,0.45
2025-03-24 16:00:00,0.2161,0.2165,0.2152,0.2162,206719.9,1742835599999,44653.10008,363,159783.4,34509.22302,0,0.45
2025-03-24 17:00:00,0.2161,0.2169,0.216,0.2164,212341.9,1742839199999,45972.73835,351,49580.5,10735.19017,0,0.45
2025-03-24 18:00:00,0.2164,0.217,0.2162,0.2167,47489.6,1742842799999,10287.76483,102,15638.4,3386.60355,0,0.45
2025-03-24 19:00:00,0.2163,0.2171,0.2158,0.2162,76901.8,1742846399999,16631.46045,133,55814.0,12069.11478,0,0.45
2025-03-24 20:00:00,0.2161,0.2165,0.2156,0.2159,30106.6,1742849999999,6503.19001,74,19434.7,4196.10461,0,0.45
2025-03-24 21:00:00,0.2159,0.2168,0.2155,0.2164,168487.3,1742853599999,36430.55588,293,120625.9,26098.81404,0,0.45
2025-03-24 22:00:00,0.2166,0.2167,0.2158,0.2165,81938.3,1742857199999,17723.0909,189,28149.8,6089.55394,0,0.45
2025-03-24 23:00:00,0.2168,0.217,0.2159,0.217,78958.0,1742860799999,17090.29184,141,43654.2,9455.65891,0,0.45
2025-03-25 00:00:00,0.2169,0.218,0.2167,0.2169,133654.4,1742864399999,29062.3463,415,80117.7,17428.77128,0,0.46
2025-03-25 01:00:00,0.2169,0.2169,0.2142,0.2163,169814.5,1742867999999,36565.76066,333,65774.2,14185.97207,0,0.46
2025-03-25 02:00:00,0.2164,0.2172,0.2162,0.2165,90794.8,1742871599999,19668.86501,179,52905.0,11471.21396,0,0.46
2025-03-25 03:00:00,0.2165,0.217,0.2152,0.2153,112525.3,1742875199999,24313.83601,332,74499.8,16094.2924,0,0.46
2025-03-25 04:00:00,0.2152,0.2155,0.2144,0.2152,112816.7,1742878799999,24247.64693,274,52878.4,11361.99218,0,0.46
2025-03-25 05:00:00,0.2151,0.2174,0.215,0.2171,112742.0,1742882399999,24408.16529,252,75024.8,16235.76973,0,0.46
2025-03-25 06:00:00,0.2172,0.2181,0.2169,0.2171,52376.0,1742885999999,11390.28746,186,31087.5,6764.18401,0,0.46
2025-03-25 07:00:00,0.217,0.2175,0.2156,0.2157,49694.9,1742889599999,10752.68165,105,25210.4,5455.24025,0,0.46
2025-03-25 08:00:00,0.2156,0.2162,0.2153,0.2158,53454.8,1742893199999,11534.08961,155,31139.7,6719.44896,0,0.46
2025-03-25 09:00:00,0.216,0.2164,0.2155,0.2159,55658.4,1742896799999,12022.56727,157,48410.8,10457.95397,0,0.46
2025-03-25 10:00:00,0.2159,0.2161,0.2153,0.2155,50071.5,1742900399999,10802.55626,87,18774.4,4052.95176,0,0.46
2025-03-25 11:00:00,0.2156,0.2163,0.2152,0.216,80266.8,1742903999999,17326.9774,130,32560.3,7026.12744,0,0.46
2025-03-25 12:00:00,0.2159,0.2163,0.2149,0.2149,144287.8,1742907599999,31114.73234,379,21861.7,4717.18119,0,0.46
2025-03-25 13:00:00,0.215,0.2165,0.2143,0.2148,84494.8,1742911199999,18195.74297,221,62977.2,13555.25948,0,0.46
2025-03-25 14:00:00,0.2149,0.2157,0.2141,0.2156,74592.0,1742914799999,16035.14644,253,55567.8,11944.81859,0,0.46
2025-03-25 15:00:00,0.2158,0.2168,0.2156,0.2161,252806.4,1742918399999,54638.21092,669,103126.3,22285.24161,0,0.46
2025-03-25 16:00:00,0.216,0.2169,0.2157,0.2169,148447.4,1742921999999,32106.52802,415,55855.2,12080.3904,0,0.46
2025-03-25 17:00:00,0.2172,0.2196,0.2166,0.2192,265620.0,1742925599999,57904.34182,420,184995.3,40340.64864,0,0.46
2025-03-25 18:00:00,0.2191,0.2194,0.2171,0.2174,166621.4,1742929199999,36305.49424,251,35546.4,7752.30491,0,0.46
2025-03-25 19:00:00,0.2175,0.2183,0.2174,0.2183,21197.8,1742932799999,4615.74885,65,8757.6,1907.93909,0,0.46
2025-03-25 20:00:00,0.2181,0.2188,0.2173,0.2176,68310.0,1742936399999,14896.66578,95,43097.1,9396.68929,0,0.46
2025-03-25 21:00:00,0.2175,0.2184,0.2171,0.2171,37421.2,1742939999999,8139.14293,95,17028.5,3705.41874,0,0.46
2025-03-25 22:00:00,0.2173,0.2181,0.216,0.2178,157948.4,1742943599999,34269.10769,254,59685.0,12962.42935,0,0.46
2025-03-25 23:00:00,0.2177,0.218,0.2169,0.2176,71547.5,1742947199999,15556.33352,127,33002.1,7175.89802,0,0.46
2025-03-26 00:00:00,0.2176,0.2176,0.2165,0.2167,144701.8,1742950799999,31381.14718,263,64982.3,14091.1417,0,0.47
2025-03-26 01:00:00,0.2167,0.2177,0.2166,0.2171,79308.1,1742954399999,17228.96048,152,53128.7,11543.2255,0,0.47
2025-03-26 02:00:00,0.2172,0.2172,0.2145,0.2147,150932.8,1742957999999,32517.09556,150,34502.6,7438.93435,0,0.47
2025-03-26 03:00:00,0.2151,0.2154,0.2148,0.2153,42094.9,1742961599999,9052.07919,59,23429.5,5038.05171,0,0.47
2025-03-26 04:00:00,0.2153,0.2154,0.2147,0.2149,63925.3,1742965199999,13755.68958,111,39436.3,8485.79686,0,0.47
2025-03-26 05:00:00,0.215,0.2163,0.2145,0.2161,122293.7,1742968799999,26339.53162,165,85387.7,18402.10077,0,0.47
2025-03-26 06:00:00,0.216,0.2174,0.216,0.2174,103934.2,1742972399999,22535.15657,139,46679.2,10120.4394,0,0.47
2025-03-26 07:00:00,0.2174,0.2193,0.2172,0.2192,172735.5,1742975999999,37735.7865,336,61820.3,13500.70304,0,0.47
2025-03-26 08:00:00,0.2192,0.22,0.2185,0.2189,162201.7,1742979599999,35589.75033,294,83251.6,18266.8372,0,0.47
2025-03-26 09:00:00,0.2189,0.2191,0.2184,0.2184,41148.3,1742983199999,8995.8705,78,24796.3,5421.9978,0,0.47
2025-03-26 10:00:00,0.2187,0.2196,0.2184,0.2192,80185.3,1742986799999,17568.39304,119,49836.8,10920.95266,0,0.47
2025-03-26 11:00:00,0.2195,0.2203,0.2193,0.2201,63370.9,1742990399999,13937.17977,129,37557.6,8259.39566,0,0.47
2025-03-26 12:00:00,0.22,0.22,0.2184,0.2196,132763.0,1742993999999,29111.87697,216,45906.7,10068.58838,0,0.47
2025-03-26 13:00:00,0.2194,0.2194,0.2155,0.2157,169537.6,1742997599999,36970.1749,305,64613.4,14096.89069,0,0.47
2025-03-26 14:00:00,0.2154,0.2164,0.2126,0.2139,191749.5,1743001199999,41058.05301,354,97496.5,20893.05394,0,0.47
2025-03-26 15:00:00,0.2139,0.2154,0.2135,0.2148,96831.2,1743004799999,20765.84403,176,56216.3,12056.58962,0,0.47
2025-03-26 16:00:00,0.2147,0.2168,0.2145,0.2157,70133.8,1743008399999,15116.23279,181,49065.3,10573.19768,0,0.47
2025-03-26 17:00:00,0.2158,0.2164,0.2148,0.2151,150126.3,1743011999999,32376.27761,186,72852.8,15708.23772,0,0.47
2025-03-26 18:00:00,0.2151,0.2157,0.2136,0.2136,82995.6,1743015599999,17842.44539,150,38262.0,8229.62598,0,0.47
2025-03-26 19:00:00,0.2139,0.2142,0.2116,0.2139,183542.5,1743019199999,39037.6688,238,62166.1,13210.2954,0,0.47
2025-03-26 20:00:00,0.2138,0.216,0.2137,0.2156,69922.6,1743022799999,15044.76581,142,37072.8,7978.80113,0,0.47
2025-03-26 21:00:00,0.2155,0.2162,0.2138,0.2162,112978.8,1743026399999,24335.10893,272,70254.2,15131.54153,0,0.47
2025-03-26 22:00:00,0.2156,0.2157,0.214,0.2148,41852.2,1743029999999,8985.07125,68,9907.8,2126.852,0,0.47
2025-03-26 23:00:00,0.2147,0.2154,0.214,0.2154,33720.8,1743033599999,7244.25097,70,19596.8,4209.21094,0,0.47
2025-03-27 00:00:00,0.2154,0.217,0.215,0.2169,52425.8,1743037199999,11303.12586,138,28114.7,6064.19502,0,0.4
2025-03-27 01:00:00,0.2169,0.2182,0.2169,0.2179,67892.8,1743040799999,14767.88975,133,34718.4,7551.52653,0,0.4
2025-03-27 02:00:00,0.2179,0.2187,0.2179,0.2186,16917.2,1743044399999,3692.14392,55,7988.4,1744.30787,0,0.4
2025-03-27 03:00:00,0.2185,0.2189,0.2183,0.2187,58415.5,1743047999999,12769.26441,112,37802.0,8259.82623,0,0.4
2025-03-27 04:00:00,0.2189,0.2189,0.217,0.2174,342585.1,1743051599999,74434.37875,196,154312.6,33515.73827,0,0.4
2025-03-27 05:00:00,0.2174,0.2174,0.2165,0.2165,78943.5,1743055199999,17131.19967,107,14287.4,3102.08409,0,0.4
2025-03-27 06:00:00,0.2167,0.2173,0.2158,0.216,72948.8,1743058799999,15798.9661,156,42298.5,9166.58242,0,0.4
2025-03-27 07:00:00,0.216,0.216,0.2152,0.2154,39794.2,1743062399999,8577.67423,99,16006.6,3451.56973,0,0.4
2025-03-27 08:00:00,0.2155,0.2161,0.2147,0.2151,62177.2,1743065999999,13387.26966,101,27008.1,5810.9671,0,0.4
2025-03-27 09:00:00,0.215,0.215,0.214,0.2142,44367.8,1743069599999,9515.47958,121,23243.9,4984.29049,0,0.4
2025-03-27 10:00:00,0.2139,0.2147,0.2133,0.2135,52277.1,1743073199999,11191.94495,129,17900.6,3832.76027,0,0.4
2025-03-27 11:00:00,0.2132,0.2138,0.212,0.2123,156442.5,1743076799999,33293.86603,180,64118.3,13664.5593,0,0.4
2025-03-27 12:00:00,0.2124,0.2136,0.212,0.2128,118918.5,1743080399999,25295.45785,187,70594.1,15023.45924,0,0.4
2025-03-27 13:00:00,0.2128,0.2134,0.2104,0.2121,131482.9,1743083999999,27853.04291,179,66634.9,14119.539,0,0.4
2025-03-27 14:00:00,0.2127,0.2155,0.2117,0.2155,126545.0,1743087599999,26980.18096,152,66926.3,14309.01876,0,0.4
2025-03-27 15:00:00,0.2153,0.2162,0.2149,0.2159,45752.8,1743091199999,9855.30399,101,20467.7,4411.1763,0,0.4
2025-03-27 16:00:00,0.2157,0.2161,0.2144,0.2144,54212.2,1743094799999,11665.8169,72,34264.1,7367.37349,0,0.4
2025-03-27 17:00:00,0.2142,0.2148,0.2119,0.2121,77238.2,1743098399999,16446.15126,152,23229.9,4953.89559,0,0.4
2025-03-27 18:00:00,0.212,0.2139,0.2119,0.2133,84772.6,1743101999999,18038.29924,215,58109.3,12366.37991,0,0.4
2025-03-27 19:00:00,0.2133,0.2148,0.2132,0.2141,46884.2,1743105599999,10037.63691,78,17616.5,3770.35936,0,0.4
2025-03-27 20:00:00,0.2139,0.2152,0.2136,0.2151,51461.7,1743109199999,11039.18946,79,24372.7,5229.23417,0,0.4
2025-03-27 21:00:00,0.2149,0.2166,0.2145,0.2165,102190.0,1743112799999,22050.35221,230,61855.8,13343.82807,0,0.4
2025-03-27 22:00:00,0.2165,0.2165,0.2157,0.2158,34757.2,1743116399999,7511.23168,79,14638.5,3163.19857,0,0.4
2025-03-27 23:00:00,0.2157,0.2158,0.2149,0.2152,33077.6,1743119999999,7122.00567,70,13293.6,2860.74788,0,0.4
2025-03-28 00:00:00,0.2151,0.2152,0.2134,0.2146,133330.6,1743123599999,28585.77552,260,48190.3,10336.28629,0,0.44
2025-03-28 01:00:00,0.2145,0.2166,0.2142,0.216,70478.4,1743127199999,15185.62337,227,56476.4,12171.71939,0,0.44
2025-03-28 02:00:00,0.216,0.217,0.2156,0.2156,114522.5,1743130799999,24782.09037,297,35429.0,7671.75593,0,0.44
2025-03-28 03:00:00,0.2157,0.2157,0.2129,0.2133,109880.5,1743134399999,23483.55363,282,34696.1,7405.1487,0,0.44
2025-03-28 04:00:00,0.2132,0.2133,0.2078,0.2089,280168.5,1743137999999,58726.98913,643,131883.6,27620.81169,0,0.44
2025-03-28 05:00:00,0.2087,0.2087,0.2059,0.2059,296841.2,1743141599999,61599.8427,459,62903.0,13046.22821,0,0.44
2025-03-28 06:00:00,0.2057,0.2067,0.2035,0.2036,163850.9,1743145199999,33618.80319,302,46954.9,9641.6857,0,0.44
2025-03-28 07:00:00,0.2036,0.2047,0.2007,0.2018,792096.9,1743148799999,160436.11196,1304,331246.6,67120.96817,0,0.44
2025-03-28 08:00:00,0.2019,0.2036,0.2016,0.2021,174101.0,1743152399999,35277.15781,275,77126.7,15641.15467,0,0.44
2025-03-28 09:00:00,0.202,0.2024,0.2007,0.2009,120203.1,1743155999999,24238.30838,232,56622.1,11427.93905,0,0.44
2025-03-28 10:00:00,0.2009,0.2017,0.2007,0.2007,74757.5,1743159599999,15046.34182,201,51387.6,10344.4893,0,0.44
2025-03-28 11:00:00,0.2009,0.2018,0.1997,0.2016,268362.6,1743163199999,53897.26096,425,132807.4,26697.39746,0,0.44
2025-03-28 12:00:00,0.2016,0.2029,0.1998,0.2001,294134.0,1743166799999,59212.51868,480,162300.7,32694.30798,0,0.44
2025-03-28 13:00:00,0.2003,0.2018,0.1993,0.1993,113224.0,1743170399999,22719.03725,289,75350.4,15125.35984,0,0.44
2025-03-28 14:00:00,0.1995,0.1997,0.1977,0.1981,298606.3,1743173999999,59262.25389,538,138931.3,27589.66855,0,0.44
2025-03-28 15:00:00,0.1981,0.1984,0.1972,0.1973,130509.3,1743177599999,25832.12196,420,95791.2,18964.77054,0,0.44
2025-03-28 16:00:00,0.1972,0.1979,0.195,0.1954,273139.1,1743181199999,53717.48375,661,84959.3,16688.72907,0,0.44
2025-03-28 17:00:00,0.1954,0.1962,0.1952,0.1956,104544.6,1743184799999,20449.66106,407,56540.2,11060.84201,0,0.44
2025-03-28 18:00:00,0.1956,0.1957,0.1943,0.1945,212969.6,1743188399999,41490.74729,654,89036.2,17355.87115,0,0.44
2025-03-28 19:00:00,0.1946,0.1948,0.193,0.1936,117208.4,1743191999999,22708.18298,250,64421.4,12489.51013,0,0.44
2025-03-28 20:00:00,0.1937,0.1954,0.1934,0.1934,120264.7,1743195599999,23398.275,254,74664.7,14532.44547,0,0.44
2025-03-28 21:00:00,0.1935,0.1953,0.1933,0.1945,92895.7,1743199199999,18035.98926,172,60549.4,11740.2516,0,0.44
2025-03-28 22:00:00,0.1945,0.1964,0.1945,0.1964,90613.4,1743202799999,17707.70134,190,55456.7,10837.36214,0,0.44
2025-03-28 23:00:00,0.1963,0.1965,0.1958,0.1959,43422.8,1743206399999,8520.67178,120,19964.7,3917.60738,0,0.44
2025-03-29 00:00:00,0.1959,0.1971,0.1958,0.1958,78546.6,1743209999999,15436.7396,175,41151.4,8089.52576,0,0.26
2025-03-29 01:00:00,0.1958,0.1968,0.1957,0.1962,48859.5,1743213599999,9591.90429,99,32814.4,6441.30214,0,0.26
2025-03-29 02:00:00,0.1961,0.1968,0.1943,0.1943,68027.4,1743217199999,13330.47645,129,35933.0,7050.62418,0,0.26
2025-03-29 03:00:00,0.1944,0.1959,0.1923,0.1959,140937.2,1743220799999,27306.37935,270,58178.9,11303.63361,0,0.26
2025-03-29 04:00:00,0.1955,0.1962,0.1946,0.1946,28739.2,1743224399999,5621.63655,94,22186.6,4341.01332,0,0.26
2025-03-29 05:00:00,0.1946,0.1948,0.1931,0.1943,44985.5,1743227999999,8736.72186,160,26574.9,5162.33279,0,0.26
2025-03-29 06:00:00,0.1941,0.1941,0.1921,0.1921,254336.2,1743231599999,49012.26418,450,199475.4,38433.81497,0,0.26
2025-03-29 07:00:00,0.1921,0.1921,0.1885,0.189,436581.0,1743235199999,83178.17569,488,206922.8,39407.47942,0,0.26
2025-03-29 08:00:00,0.1889,0.191,0.1889,0.1902,81576.0,1743238799999,15516.62924,197,53247.6,10122.94678,0,0.26
2025-03-29 09:00:00,0.1902,0.1902,0.187,0.1889,132026.4,1743242399999,24901.07217,241,84841.8,16013.85032,0,0.26
2025-03-29 10:00:00,0.1889,0.1898,0.1885,0.1891,72162.9,1743245999999,13642.24821,154,39718.8,7506.04709,0,0.26
2025-03-29 11:00:00,0.1888,0.1896,0.186,0.1868,192126.8,1743249599999,36057.76954,257,72830.1,13678.81518,0,0.26
2025-03-29 12:00:00,0.1869,0.1888,0.1869,0.1886,55421.5,1743253199999,10434.02314,84,24515.1,4611.30094,0,0.26
2025-03-29 13:00:00,0.1889,0.1901,0.1888,0.19,28028.4,1743256799999,5313.35396,75,14250.9,2703.42975,0,0.26
2025-03-29 14:00:00,0.1899,0.1899,0.1876,0.1877,28628.8,1743260399999,5386.72123,54,14258.9,2681.11933,0,0.26
2025-03-29 15:00:00,0.1879,0.1889,0.1874,0.1877,46168.2,1743263999999,8680.71088,76,26013.4,4888.66837,0,0.26
2025-03-29 16:00:00,0.1879,0.1883,0.1854,0.1855,84176.9,1743267599999,15716.26761,207,44315.8,8273.83093,0,0.26
2025-03-29 17:00:00,0.1855,0.187,0.1836,0.1852,108451.3,1743271199999,20074.28544,208,62210.6,11522.58348,0,0.26
2025-03-29 18:00:00,0.1854,0.1866,0.1851,0.1854,45681.9,1743274799999,8497.35947,78,8242.9,1533.65025,0,0.26
2025-03-29 19:00:00,0.1855,0.1864,0.1848,0.1864,64302.6,1743278399999,11917.46744,83,52468.1,9724.62122,0,0.26
2025-03-29 20:00:00,0.1862,0.1865,0.1843,0.1843,72001.4,1743281999999,13354.0525,120,34628.5,6414.65922,0,0.26
2025-03-29 21:00:00,0.1847,0.1858,0.1842,0.1852,72828.8,1743285599999,13466.15124,146,45452.9,8404.57655,0,0.26
2025-03-29 22:00:00,0.185,0.1855,0.1832,0.1839,162093.5,1743289199999,29890.83193,257,52962.0,9755.00453,0,0.26
2025-03-29 23:00:00,0.1836,0.1859,0.1835,0.1858,48770.2,1743292799999,8999.42351,103,18317.7,3371.772,0,0.26
2025-03-30 00:00:00,0.1857,0.1866,0.1847,0.1866,246480.0,1743296399999,45790.37327,268,139713.9,25946.47529,0,0.32
2025-03-30 01:00:00,0.1866,0.1886,0.1866,0.1878,66925.9,1743299999999,12565.30912,182,31688.3,5952.69882,0,0.32
2025-03-30 02:00:00,0.1878,0.1896,0.1878,0.1894,55317.3,1743303599999,10456.81016,147,22763.9,4303.25425,0,0.32
2025-03-30 03:00:00,0.1893,0.1899,0.1889,0.1889,61562.4,1743307199999,11645.74012,112,28735.8,5437.34845,0,0.32
2025-03-30 04:00:00,0.1893,0.1901,0.1892,0.1899,39354.5,1743310799999,7459.32274,96,10968.0,2077.51461,0,0.32
2025-03-30 05:00:00,0.1901,0.1902,0.1894,0.1896,71048.3,1743314399999,13484.91888,127,25609.7,4862.53797,0,0.32
2025-03-30 06:00:00,0.1897,0.1908,0.1887,0.19,152087.7,1743317999999,28774.43147,215,79762.2,15103.44458,0,0.32
2025-03-30 07:00:00,0.1899,0.1909,0.1899,0.1903,68251.6,1743321599999,12999.71095,124,33315.8,6347.24363,0,0.32
2025-03-30 08:00:00,0.1906,0.1907,0.1896,0.1907,82051.8,1743325199999,15596.11371,139,43170.2,8207.67552,0,0.32
2025-03-30 09:00:00,0.1908,0.199,0.1905,0.1942,7075459.7,1743328799999,1380327.63353,13490,3819613.5,744890.58258,0,0.32
2025-03-30 10:00:00,0.1942,0.1967,0.19,0.19,1468940.5,1743332399999,283933.66994,1939,525588.0,101666.57155,0,0.32
2025-03-30 11:00:00,0.19,0.1915,0.1884,0.1887,963128.0,1743335999999,182865.19481,1928,369907.8,70349.67522,0,0.32
2025-03-30 12:00:00,0.1886,0.1905,0.1885,0.1897,248746.7,1743339599999,47167.78042,356,121858.8,23084.80132,0,0.32
2025-03-30 13:00:00,0.1896,0.1896,0.1856,0.186,286995.7,1743343199999,53778.29725,416,125681.5,23557.78611,0,0.32
2025-03-30 14:00:00,0.1861,0.1877,0.1849,0.1869,158141.1,1743346799999,29466.1748,244,101164.7,18837.86268,0,0.32
2025-03-30 15:00:00,0.187,0.1881,0.1866,0.1869,103055.4,1743350399999,19312.17166,178,31810.8,5954.73284,0,0.32
2025-03-30 16:00:00,0.1873,0.1873,0.1848,0.1849,232726.0,1743353999999,43324.92098,397,110727.5,20615.95619,0,0.32
2025-03-30 17:00:00,0.1848,0.1863,0.1843,0.1861,55278.6,1743357599999,10239.60451,92,31294.5,5794.80304,0,0.32
2025-03-30 18:00:00,0.1864,0.1901,0.1863,0.1898,191185.9,1743361199999,36014.13413,284,98253.2,18529.04254,0,0.32
2025-03-30 19:00:00,0.1898,0.1903,0.1888,0.1889,134881.4,1743364799999,25562.78442,216,60736.3,11513.69062,0,0.32
2025-03-30 20:00:00,0.1888,0.1889,0.1869,0.1869,114167.6,1743368399999,21460.55556,207,46881.8,8809.88476,0,0.32
2025-03-30 21:00:00,0.1873,0.1875,0.1847,0.1849,125946.9,1743371999999,23440.21512,251,59164.5,11018.67795,0,0.32
2025-03-30 22:00:00,0.1849,0.1871,0.1823,0.1864,213272.4,1743375599999,39381.15772,362,89241.6,16495.51687,0,0.32
2025-03-30 23:00:00,0.1865,0.1865,0.1844,0.1857,65148.5,1743379199999,12071.34367,144,47173.4,8739.18075,0,0.32
2025-03-31 00:00:00,0.1859,0.1866,0.1825,0.183,256262.5,1743382799999,47321.77582,338,141288.9,26118.15462,0,0.34
2025-03-31 01:00:00,0.1832,0.1874,0.1829,0.1874,383941.6,1743386399999,71533.0035,345,304551.1,56776.78953,0,0.34
2025-03-31 02:00:00,0.1874,0.1877,0.1859,0.1866,155472.6,1743389999999,29029.85903,367,94982.0,17726.07922,0,0.34
2025-03-31 03:00:00,0.1865,0.187,0.184,0.1842,124194.3,1743393599999,23066.80415,295,71145.0,13230.85892,0,0.34
2025-03-31 04:00:00,0.1842,0.186,0.1837,0.1858,105226.8,1743397199999,19428.28382,280,55723.7,10292.46969,0,0.34
2025-03-31 05:00:00,0.1857,0.1873,0.1851,0.1854,625949.7,1743400799999,116630.88107,445,44453.1,8267.6678,0,0.34
2025-03-31 06:00:00,0.1857,0.1858,0.1842,0.1842,162933.0,1743404399999,30128.25402,407,36151.3,6690.65008,0,0.34
2025-03-31 07:00:00,0.1843,0.1849,0.1807,0.1818,211426.2,1743407999999,38617.38306,570,68552.4,12500.98998,0,0.34
2025-03-31 08:00:00,0.1819,0.1831,0.1806,0.1807,157948.9,1743411599999,28741.03373,243,75610.6,13759.26599,0,0.34
2025-03-31 09:00:00,0.1806,0.1829,0.1781,0.179,477436.1,1743415199999,86078.48359,559,192569.8,34840.03261,0,0.34
2025-03-31 10:00:00,0.1785,0.1815,0.1773,0.1815,198206.0,1743418799999,35410.9588,247,119815.3,21422.70845,0,0.34
2025-03-31 11:00:00,0.1816,0.1831,0.1804,0.1827,180092.8,1743422399999,32635.42725,215,112656.1,20412.44193,0,0.34
2025-03-31 12:00:00,0.1827,0.1857,0.1816,0.1847,207931.3,1743425999999,38169.80257,307,135244.2,24821.32303,0,0.34
2025-03-31 13:00:00,0.1847,0.1849,0.1814,0.1831,225971.7,1743429599999,41292.45069,322,105756.2,19336.74006,0,0.34
2025-03-31 14:00:00,0.1835,0.1866,0.1835,0.1861,186303.2,1743433199999,34562.91832,248,94616.9,17554.90108,0,0.34
2025-03-31 15:00:00,0.1861,0.1869,0.1856,0.1857,82125.8,1743436799999,15292.90743,167,46543.3,8665.66803,0,0.34
2025-03-31 16:00:00,0.1856,0.1862,0.1845,0.1845,95088.8,1743440399999,17645.42934,146,51140.4,9495.29038,0,0.34
2025-03-31 17:00:00,0.1844,0.1858,0.1826,0.183,63521.9,1743443999999,11677.14664,124,25633.5,4706.53449,0,0.34
2025-03-31 18:00:00,0.183,0.1858,0.1828,0.1854,105612.3,1743447599999,19493.38057,193,79860.0,14751.18289,0,0.34
2025-03-31 19:00:00,0.1854,0.1863,0.1842,0.1847,81104.2,1743451199999,15034.35908,145,54202.6,10045.50577,0,0.34
2025-03-31 20:00:00,0.1844,0.1857,0.1835,0.1835,336715.9,1743454799999,62258.53683,218,206378.8,38195.52311,0,0.34
2025-03-31 21:00:00,0.1838,0.1848,0.1837,0.1839,55963.8,1743458399999,10315.84313,90,23982.5,4421.48249,0,0.34
2025-03-31 22:00:00,0.184,0.1842,0.1829,0.1837,67941.3,1743461999999,12457.43804,107,29272.8,5363.60533,0,0.34
2025-03-31 23:00:00,0.1839,0.1847,0.1837,0.1842,147648.1,1743465599999,27182.91646,230,44483.1,8194.22166,0,0.34
2025-04-01 00:00:00,0.1842,0.1845,0.1828,0.1833,288455.9,1743469199999,53062.41097,340,90735.6,16668.33045,0,0.34
2025-04-01 01:00:00,0.1833,0.1833,0.1819,0.182,88986.1,1743472799999,16260.63095,162,34238.0,6264.41612,0,0.34
2025-04-01 02:00:00,0.182,0.1843,0.1815,0.1843,133634.6,1743476399999,24382.16118,199,85750.6,15643.64148,0,0.34
2025-04-01 03:00:00,0.1842,0.1852,0.1841,0.1849,178558.5,1743479999999,32991.92948,265,108746.1,20090.05871,0,0.34
2025-04-01 04:00:00,0.185,0.1858,0.1849,0.1851,102213.1,1743483599999,18935.3501,267,67389.5,12488.00695,0,0.34
2025-04-01 05:00:00,0.1853,0.1865,0.1844,0.1851,899005.6,1743487199999,166476.85424,678,219463.6,40688.30613,0,0.34
2025-04-01 06:00:00,0.1851,0.1856,0.1842,0.1854,71737.3,1743490799999,13268.66133,156,33564.3,6207.57786,0,0.34
2025-04-01 07:00:00,0.1854,0.1864,0.1841,0.1843,251534.3,1743494399999,46615.64429,367,155812.5,28911.8973,0,0.34
2025-04-01 08:00:00,0.1843,0.1874,0.1843,0.1873,257421.2,1743497999999,47914.64959,534,158887.0,29577.23972,0,0.34
2025-04-01 09:00:00,0.1873,0.1885,0.1869,0.1872,290867.0,1743501599999,54688.51462,312,70990.1,13331.60157,0,0.34
2025-04-01 10:00:00,0.1872,0.1874,0.1845,0.1845,103084.0,1743505199999,19240.33889,132,46285.0,8646.34708,0,0.34
2025-04-01 11:00:00,0.1845,0.1849,0.1829,0.183,444317.8,1743508799999,81707.90409,348,247673.4,45541.5818,0,0.34
2025-04-01 12:00:00,0.183,0.184,0.1812,0.1821,373149.5,1743512399999,68179.17056,337,115780.0,21151.49335,0,0.34
2025-04-01 13:00:00,0.182,0.1839,0.1818,0.1828,66678.4,1743515999999,12177.91043,111,24966.3,4556.54031,0,0.34
2025-04-01 14:00:00,0.1829,0.1845,0.18,0.1842,278041.8,1743519599999,50638.1396,385,155736.8,28411.93335,0,0.34
2025-04-01 15:00:00,0.1842,0.1875,0.1842,0.187,315220.8,1743523199999,58800.485,398,122235.3,22806.17264,0,0.34
2025-04-01 16:00:00,0.1871,0.1884,0.1866,0.1867,270800.7,1743526799999,50831.79937,320,168043.7,31544.75056,0,0.34
2025-04-01 17:00:00,0.1866,0.1884,0.1863,0.1864,164230.6,1743530399999,30780.49796,205,67466.8,12647.18097,0,0.34
2025-04-01 18:00:00,0.1861,0.1863,0.1838,0.1845,310654.7,1743533999999,57464.85175,330,102303.2,18941.27368,0,0.34
2025-04-01 19:00:00,0.1846,0.1847,0.1835,0.1837,53354.8,1743537599999,9816.70878,82,17632.9,3244.48375,0,0.34
2025-04-01 20:00:00,0.1838,0.1838,0.182,0.1836,80654.4,1743541199999,14746.22994,144,30168.5,5518.61712,0,0.34
2025-04-01 21:00:00,0.1838,0.1852,0.1836,0.1841,158742.7,1743544799999,29322.53074,131,54662.0,10083.67188,0,0.34
2025-04-01 22:00:00,0.1841,0.1845,0.1836,0.1836,158447.8,1743548399999,29175.84602,520,53206.5,9793.43821,0,0.34
2025-04-01 23:00:00,0.1834,0.1835,0.1821,0.1827,205270.7,1743551999999,37483.32704,418,127358.1,23275.47217,0,0.34
2025-04-02 00:00:00,0.1828,0.1829,0.1763,0.1768,1132607.6,1743555599999,202648.27365,1194,321368.9,57592.07253,0,0.44
2025-04-02 01:00:00,0.1768,0.1773,0.1754,0.1763,345008.7,1743559199999,60818.60299,379,154444.1,27228.24367,0,0.44
2025-04-02 02:00:00,0.1762,0.1764,0.1721,0.1735,690321.8,1743562799999,119791.44293,1362,220461.2,38265.35016,0,0.44
2025-04-02 03:00:00,0.1734,0.1762,0.1732,0.1751,182343.6,1743566399999,31863.58445,222,121416.0,21193.43064,0,0.44
2025-04-02 04:00:00,0.1751,0.1756,0.1731,0.1734,448752.7,1743569999999,78167.75829,363,256382.5,44587.35096,0,0.44
2025-04-02 05:00:00,0.1731,0.1732,0.1707,0.1709,576033.0,1743573599999,99094.55773,450,365915.3,62918.45717,0,0.44
2025-04-02 06:00:00,0.1709,0.1715,0.1696,0.1698,682415.8,1743577199999,116503.77584,438,488387.6,83462.28549,0,0.44
2025-04-02 07:00:00,0.1697,0.1724,0.1696,0.1713,847809.2,1743580799999,144575.272,809,556090.2,94717.61197,0,0.44
2025-04-02 08:00:00,0.1712,0.1736,0.1711,0.1727,542625.9,1743584399999,93679.38517,552,308663.1,53245.90171,0,0.44
2025-04-02 09:00:00,0.1727,0.1759,0.1726,0.1749,425435.6,1743587999999,74383.99891,527,231426.1,40425.79677,0,0.44
2025-04-02 10:00:00,0.175,0.1759,0.1746,0.1747,78230.2,1743591599999,13701.77794,143,34712.7,6081.8499,0,0.44
2025-04-02 11:00:00,0.1749,0.1753,0.1746,0.1747,95402.7,1743595199999,16692.4135,154,28789.2,5035.49143,0,0.44
2025-04-02 12:00:00,0.1747,0.1756,0.1736,0.1756,136831.5,1743598799999,23898.18261,232,50549.4,8823.6632,0,0.44
2025-04-02 13:00:00,0.1753,0.178,0.1738,0.1767,235494.8,1743602399999,41575.17759,364,171429.3,30299.58264,0,0.44
2025-04-02 14:00:00,0.176,0.1772,0.1748,0.1759,530030.6,1743605999999,93219.43119,697,199314.1,35052.45167,0,0.44
2025-04-02 15:00:00,0.1758,0.1811,0.1757,0.1801,971584.3,1743609599999,173901.52046,884,582306.1,104313.1051,0,0.44
2025-04-02 16:00:00,0.1802,0.1814,0.1791,0.1795,902749.3,1743613199999,162397.44023,582,418442.1,75286.5639,0,0.44
2025-04-02 17:00:00,0.1798,0.1802,0.1763,0.1777,993989.8,1743616799999,176823.76866,943,471264.4,83699.14009,0,0.44
2025-04-02 18:00:00,0.1778,0.1796,0.1772,0.179,125625.5,1743620399999,22388.49537,226,57465.2,10249.18928,0,0.44
2025-04-02 19:00:00,0.179,0.1794,0.1782,0.1792,94575.4,1743623999999,16910.06078,105,51587.8,9222.92035,0,0.44
2025-04-02 20:00:00,0.1793,0.1838,0.1748,0.1776,1015209.9,1743627599999,181512.11995,1450,471036.7,84401.25092,0,0.44
2025-04-02 21:00:00,0.1776,0.1779,0.1737,0.1759,198817.2,1743631199999,34820.11665,233,112318.1,19687.75762,0,0.44
2025-04-02 22:00:00,0.1756,0.1756,0.1662,0.1671,956786.5,1743634799999,161904.89155,1515,441860.3,74796.61257,0,0.44
2025-04-02 23:00:00,0.1666,0.1684,0.1659,0.1674,262779.6,1743638399999,43890.30647,465,140497.7,23480.14313,0,0.44
2025-04-03 00:00:00,0.1675,0.1691,0.1666,0.1691,418120.6,1743641999999,70303.21587,854,283372.1,47661.66227,0,0.25
2025-04-03 01:00:00,0.1691,0.1709,0.1682,0.1703,112612.7,1743645599999,19115.55279,179,65857.0,11196.89524,0,0.25
2025-04-03 02:00:00,0.1706,0.1725,0.1699,0.172,258736.7,1743649199999,44388.10656,252,204965.5,35164.84023,0,0.25
2025-04-03 03:00:00,0.1721,0.1721,0.1705,0.1709,187423.2,1743652799999,32119.25655,361,111658.3,19127.00617,0,0.25
2025-04-03 04:00:00,0.171,0.1727,0.1704,0.1726,397069.1,1743656399999,68174.73434,448,293829.9,50446.69682,0,0.25
2025-04-03 05:00:00,0.1727,0.1737,0.1717,0.1721,270250.6,1743659999999,46571.32538,421,163506.7,28169.11649,0,0.25
2025-04-03 06:00:00,0.1721,0.1729,0.1713,0.1715,224117.8,1743663599999,38584.2386,309,85461.4,14728.47537,0,0.25
2025-04-03 07:00:00,0.1715,0.1716,0.1688,0.1699,237190.7,1743667199999,40343.06029,298,99174.5,16855.0577,0,0.25
2025-04-03 08:00:00,0.17,0.1708,0.1691,0.1696,251661.6,1743670799999,42826.69811,317,131238.2,22334.13358,0,0.25
2025-04-03 09:00:00,0.1698,0.1708,0.1692,0.1701,150811.1,1743674399999,25656.92931,233,67956.4,11561.36117,0,0.25
2025-04-03 10:00:00,0.1702,0.1705,0.1674,0.1677,146184.8,1743677999999,24663.4702,260,66224.7,11181.19181,0,0.25
2025-04-03 11:00:00,0.1676,0.1689,0.1671,0.1682,177344.8,1743681599999,29762.92138,260,81579.3,13688.91316,0,0.25
2025-04-03 12:00:00,0.1678,0.1692,0.1643,0.1649,299645.7,1743685199999,49898.61478,433,109513.0,18254.22751,0,0.25
2025-04-03 13:00:00,0.1645,0.1686,0.1645,0.1686,154001.7,1743688799999,25703.20587,275,83224.8,13905.76198,0,0.25
2025-04-03 14:00:00,0.1686,0.1701,0.1666,0.1677,1530753.3,1743692399999,258448.31732,1583,1033743.5,174470.56702,0,0.25
2025-04-03 15:00:00,0.1676,0.1714,0.1676,0.1714,155150.3,1743695999999,26446.47472,265,66434.5,11322.08788,0,0.25
2025-04-03 16:00:00,0.1713,0.1723,0.1706,0.171,127556.6,1743699599999,21863.61138,211,49224.6,8428.18503,0,0.25
2025-04-03 17:00:00,0.171,0.173,0.171,0.1728,226539.0,1743703199999,38966.14466,279,122191.1,21013.56417,0,0.25
2025-04-03 18:00:00,0.1729,0.1742,0.1708,0.1728,227438.4,1743706799999,39110.15765,321,70009.9,12039.91223,0,0.25
2025-04-03 19:00:00,0.1727,0.1738,0.1725,0.173,158074.1,1743710399999,27327.92529,180,90548.4,15653.94913,0,0.25
2025-04-03 20:00:00,0.173,0.1748,0.1724,0.1742,226961.8,1743713999999,39390.71745,234,105651.9,18319.20819,0,0.25
2025-04-03 21:00:00,0.1743,0.1759,0.174,0.1757,165091.0,1743717599999,28827.77045,258,89850.9,15698.69606,0,0.25
2025-04-03 22:00:00,0.1754,0.1758,0.1748,0.1752,63581.0,1743721199999,11154.44033,73,40775.5,7156.37411,0,0.25
2025-04-03 23:00:00,0.1752,0.1753,0.1742,0.1746,81846.8,1743724799999,14297.52091,117,39294.0,6861.03512,0,0.25
2025-04-04 00:00:00,0.1747,0.1758,0.1735,0.1736,180353.1,1743728399999,31534.57232,225,57805.8,10123.34495,0,0.28
2025-04-04 01:00:00,0.1737,0.1751,0.1729,0.1734,118789.8,1743731999999,20696.5025,132,63608.9,11066.62262,0,0.28
2025-04-04 02:00:00,0.1734,0.176,0.1734,0.175,113112.3,1743735599999,19827.33401,141,47666.6,8354.38614,0,0.28
2025-04-04 03:00:00,0.1751,0.1765,0.1743,0.1762,119342.0,1743739199999,20905.78422,148,57740.0,10104.87194,0,0.28
2025-04-04 04:00:00,0.1763,0.1763,0.1746,0.1746,49216.1,1743742799999,8628.04826,72,13124.0,2297.13118,0,0.28
2025-04-04 05:00:00,0.1749,0.1775,0.1739,0.1768,387331.6,1743746399999,68305.74103,256,78943.8,13855.95516,0,0.28
2025-04-04 06:00:00,0.1771,0.1774,0.1757,0.1757,112646.3,1743749999999,19882.43031,169,61623.6,10877.0351,0,0.28
2025-04-04 07:00:00,0.1757,0.1772,0.175,0.1756,545071.7,1743753599999,95874.25919,456,117039.5,20597.16561,0,0.28
2025-04-04 08:00:00,0.1756,0.1773,0.1752,0.1767,151664.7,1743757199999,26744.43349,201,51310.5,9044.97468,0,0.28
2025-04-04 09:00:00,0.1768,0.1768,0.1751,0.1757,140504.5,1743760799999,24712.22587,174,58475.5,10275.89059,0,0.28
2025-04-04 10:00:00,0.1754,0.1754,0.1706,0.1707,261141.4,1743764399999,45024.99882,323,130244.4,22427.77363,0,0.28
2025-04-04 11:00:00,0.1713,0.1714,0.1681,0.1702,149164.9,1743767999999,25355.28047,238,55761.6,9474.04571,0,0.28
2025-04-04 12:00:00,0.1702,0.1723,0.1683,0.1718,450303.2,1743771599999,76710.19797,561,258877.3,44143.24431,0,0.28
2025-04-04 13:00:00,0.1719,0.174,0.1697,0.1734,215930.8,1743775199999,37076.45782,265,136117.9,23408.06788,0,0.28
2025-04-04 14:00:00,0.1735,0.1735,0.1703,0.1723,259398.9,1743778799999,44494.62529,274,120009.2,20616.01943,0,0.28
2025-04-04 15:00:00,0.1723,0.1755,0.172,0.1726,288428.9,1743782399999,49968.75231,367,135113.1,23422.94169,0,0.28
2025-04-04 16:00:00,0.1727,0.1743,0.1714,0.1728,207151.5,1743785999999,35843.76534,299,93335.7,16132.08974,0,0.28
2025-04-04 17:00:00,0.1727,0.1754,0.1711,0.1751,226533.4,1743789599999,39201.20061,284,67871.8,11743.41466,0,0.28
2025-04-04 18:00:00,0.1752,0.1754,0.1739,0.1739,109984.9,1743793199999,19184.16389,155,32420.3,5647.86911,0,0.28
2025-04-04 19:00:00,0.1733,0.1749,0.1731,0.1743,124108.2,1743796799999,21623.99157,140,55449.2,9659.68112,0,0.28
2025-04-04 20:00:00,0.1744,0.176,0.1744,0.1759,54183.9,1743800399999,9497.09208,92,26711.0,4682.0059,0,0.28
2025-04-04 21:00:00,0.1759,0.1765,0.1756,0.1763,73713.8,1743803999999,12978.20255,107,40819.1,7191.2774,0,0.28
2025-04-04 22:00:00,0.176,0.1766,0.1756,0.1758,151298.1,1743807599999,26635.7419,185,39661.6,6979.96605,0,0.28
2025-04-04 23:00:00,0.1758,0.1762,0.1751,0.1755,150337.0,1743811199999,26408.89259,148,78226.0,13726.96932,0,0.28
2025-04-05 00:00:00,0.1756,0.1761,0.1749,0.1759,100444.9,1743814799999,17611.23631,88,81806.4,14343.16861,0,0.3
2025-04-05 01:00:00,0.1761,0.1765,0.1755,0.1757,182251.2,1743818399999,32081.66904,165,132305.2,23283.32508,0,0.3
2025-04-05 02:00:00,0.1757,0.1759,0.1749,0.1749,211565.9,1743821999999,37103.84091,220,159700.1,28007.02844,0,0.3
2025-04-05 03:00:00,0.1749,0.1761,0.1748,0.1761,68275.1,1743825599999,11963.94344,79,21735.2,3809.11791,0,0.3
2025-04-05 04:00:00,0.1761,0.1765,0.1755,0.1756,93417.7,1743829199999,16435.91288,90,61374.2,10798.27874,0,0.3
2025-04-05 05:00:00,0.1756,0.1765,0.1756,0.1759,132604.1,1743832799999,23329.62934,160,70830.4,12455.45193,0,0.3
2025-04-05 06:00:00,0.1759,0.1769,0.1758,0.1763,157709.5,1743836399999,27836.79416,151,70484.4,12434.24786,0,0.3
2025-04-05 07:00:00,0.1766,0.1776,0.1765,0.1775,96126.4,1743839999999,16990.8039,142,55979.0,9892.71912,0,0.3
2025-04-05 08:00:00,0.1778,0.1779,0.1766,0.1766,410115.4,1743843599999,72599.26198,293,263487.1,46640.5912,0,0.3
2025-04-05 09:00:00,0.1765,0.1771,0.176,0.1771,460615.5,1743847199999,81219.29217,460,314480.0,55446.56845,0,0.3
2025-04-05 10:00:00,0.1771,0.178,0.1771,0.1778,145653.6,1743850799999,25877.9608,142,77559.6,13777.6161,0,0.3
2025-04-05 11:00:00,0.1775,0.1778,0.1766,0.1768,240896.4,1743854399999,42685.90204,221,117478.5,20798.34704,0,0.3
2025-04-05 12:00:00,0.1767,0.1769,0.1741,0.1749,346759.9,1743857999999,60763.84218,287,149601.7,26204.66557,0,0.3
2025-04-05 13:00:00,0.175,0.175,0.1722,0.1723,137546.6,1743861599999,23890.02086,170,35787.5,6206.22955,0,0.3
2025-04-05 14:00:00,0.1722,0.1735,0.1722,0.1732,150255.6,1743865199999,25971.69221,166,86653.5,14975.27307,0,0.3
2025-04-05 15:00:00,0.1733,0.1733,0.1718,0.1724,95024.9,1743868799999,16411.64155,131,54030.2,9330.59025,0,0.3
2025-04-05 16:00:00,0.1725,0.1732,0.1723,0.1725,51115.0,1743872399999,8823.61343,94,13516.6,2331.99504,0,0.3
2025-04-05 17:00:00,0.1726,0.1733,0.1719,0.1728,74545.2,1743875999999,12872.38989,124,24768.1,4274.11286,0,0.3
2025-04-05 18:00:00,0.1727,0.1742,0.1727,0.174,28870.7,1743879599999,5020.39764,94,5526.4,961.65885,0,0.3
2025-04-05 19:00:00,0.174,0.1745,0.1734,0.1736,40907.2,1743883199999,7112.93766,96,29632.0,5150.53512,0,0.3
2025-04-05 20:00:00,0.1736,0.1748,0.1734,0.1746,64218.3,1743886799999,11183.95126,93,31822.6,5537.9288,0,0.3
2025-04-05 21:00:00,0.1746,0.1752,0.1741,0.1752,75751.1,1743890399999,13239.73747,124,43490.2,7600.71416,0,0.3
2025-04-05 22:00:00,0.175,0.1755,0.1745,0.1753,78684.3,1743893999999,13756.52101,93,19613.6,3426.14992,0,0.3
2025-04-05 23:00:00,0.1756,0.1765,0.1756,0.1765,33025.7,1743897599999,5813.11883,49,15614.2,2749.29854,0,0.3
2025-04-06 00:00:00,0.1765,0.1774,0.1758,0.1758,265014.8,1743901199999,46797.46203,268,91368.8,16137.87776,0,0.34
2025-04-06 01:00:00,0.176,0.1761,0.1754,0.1756,68200.0,1743904799999,11990.24014,71,30184.1,5302.97605,0,0.34
2025-04-06 02:00:00,0.1757,0.1757,0.1751,0.1751,10232.2,1743908399999,1795.27901,28,7381.1,1294.75656,0,0.34
2025-04-06 03:00:00,0.175,0.176,0.1749,0.1759,49429.2,1743911999999,8678.46919,75,10778.5,1890.16536,0,0.34
2025-04-06 04:00:00,0.1758,0.1758,0.1744,0.1748,117260.2,1743915599999,20491.4014,156,38687.2,6760.33669,0,0.34
2025-04-06 05:00:00,0.1752,0.1771,0.1752,0.1768,76188.5,1743919199999,13409.10255,78,13661.0,2404.07796,0,0.34
2025-04-06 06:00:00,0.1767,0.1769,0.1743,0.1744,788210.5,1743922799999,138210.37214,1218,380970.7,66801.49388,0,0.34
2025-04-06 07:00:00,0.1743,0.1775,0.1735,0.1769,402692.0,1743926399999,70666.90677,408,303917.9,53347.27558,0,0.34
2025-04-06 08:00:00,0.1769,0.1772,0.1748,0.1758,383185.0,1743929999999,67346.79323,520,154287.7,27153.0356,0,0.34
2025-04-06 09:00:00,0.1758,0.1765,0.1755,0.1759,156525.0,1743933599999,27563.67435,208,52241.2,9189.97204,0,0.34
2025-04-06 10:00:00,0.1759,0.1763,0.1751,0.1751,130715.1,1743937199999,22971.69293,205,99429.0,17480.71449,0,0.34
2025-04-06 11:00:00,0.1753,0.1759,0.1747,0.1759,53878.4,1743940799999,9431.38501,181,35740.6,6253.8658,0,0.34
2025-04-06 12:00:00,0.1759,0.1759,0.1735,0.1735,115372.8,1743944399999,20194.90114,170,24746.6,4329.13336,0,0.34
2025-04-06 13:00:00,0.1733,0.1738,0.1693,0.1695,285982.7,1743947999999,49152.31071,449,122467.1,21070.55726,0,0.34
2025-04-06 14:00:00,0.1695,0.1717,0.1691,0.1717,151472.8,1743951599999,25809.50426,253,101940.6,17378.78421,0,0.34
2025-04-06 15:00:00,0.1715,0.1718,0.1706,0.1712,73054.5,1743955199999,12512.63028,113,32823.6,5620.49182,0,0.34
2025-04-06 16:00:00,0.1711,0.1711,0.1689,0.169,70042.6,1743958799999,11912.79186,138,29484.0,5013.86664,0,0.34
2025-04-06 17:00:00,0.169,0.1693,0.1649,0.1655,325895.0,1743962399999,54266.42623,456,148480.0,24713.13772,0,0.34
2025-04-06 18:00:00,0.1654,0.1654,0.1604,0.1612,746275.2,1743965999999,121334.36857,1305,293229.2,47704.90365,0,0.34
2025-04-06 19:00:00,0.1611,0.1622,0.1585,0.161,1550989.0,1743969599999,248068.77154,1400,964218.3,154324.85383,0,0.34
2025-04-06 20:00:00,0.1605,0.1609,0.1559,0.1578,1368089.1,1743973199999,217072.3427,1438,634206.8,100722.29795,0,0.34
2025-04-06 21:00:00,0.1576,0.1594,0.1571,0.1575,520730.0,1743976799999,82435.00006,663,219118.2,34694.68936,0,0.34
2025-04-06 22:00:00,0.1576,0.1601,0.1558,0.1575,896550.9,1743980399999,142037.72539,1193,545329.4,86511.03428,0,0.34
2025-04-06 23:00:00,0.1575,0.1579,0.154,0.1568,575071.5,1743983999999,89726.21664,624,268192.6,41811.0466,0,0.34
2025-04-07 00:00:00,0.1564,0.1571,0.154,0.1559,394531.7,1743987599999,61325.49883,479,229018.8,35599.62099,0,0.23
2025-04-07 01:00:00,0.1562,0.1603,0.1562,0.1592,297649.3,1743991199999,47222.41641,489,157094.5,24969.3246,0,0.23
2025-04-07 02:00:00,0.1591,0.1595,0.1571,0.1571,233498.2,1743994799999,36969.12154,495,102553.0,16264.4296,0,0.23
2025-04-07 03:00:00,0.1572,0.1575,0.152,0.1539,805083.2,1743998399999,123754.2775,752,564563.6,86627.11876,0,0.23
2025-04-07 04:00:00,0.1539,0.1552,0.1524,0.1535,1298254.9,1744001999999,199301.90182,1577,753814.1,115659.9664,0,0.23
2025-04-07 05:00:00,0.1534,0.155,0.1528,0.1535,290133.8,1744005599999,44661.69908,367,180464.5,27777.952,0,0.23
2025-04-07 06:00:00,0.1537,0.1546,0.1416,0.1441,1838344.3,1744009199999,269907.20666,2697,760435.6,111349.48788,0,0.23
2025-04-07 07:00:00,0.1442,0.1483,0.144,0.1446,865941.4,1744012799999,125947.05452,1124,537616.6,78143.42788,0,0.23
2025-04-07 08:00:00,0.1445,0.1496,0.1433,0.148,1119286.7,1744016399999,164745.92584,1761,752458.6,111007.84837,0,0.23
2025-04-07 09:00:00,0.1484,0.1507,0.1473,0.1478,380823.7,1744019999999,56724.28004,655,236437.7,35242.76794,0,0.23
2025-04-07 10:00:00,0.148,0.1512,0.1477,0.1491,704072.6,1744023599999,104923.76117,942,497584.0,74099.61736,0,0.23
2025-04-07 11:00:00,0.149,0.1502,0.1471,0.1474,246427.2,1744027199999,36620.75757,304,143166.0,21270.5508,0,0.23
2025-04-07 12:00:00,0.1475,0.1515,0.1472,0.1506,527590.2,1744030799999,78851.86778,1373,318642.4,47662.69527,0,0.23
2025-04-07 13:00:00,0.1506,0.1571,0.1485,0.1565,828621.0,1744034399999,126906.69879,1736,397563.0,60763.02895,0,0.23
2025-04-07 14:00:00,0.1568,0.1629,0.1551,0.1576,2105072.7,1744037999999,334373.05361,5686,1139716.6,181109.60129,0,0.23
2025-04-07 15:00:00,0.1574,0.1585,0.1546,0.1567,644097.6,1744041599999,100715.6812,1388,314991.3,49238.97444,0,0.23
2025-04-07 16:00:00,0.1567,0.1567,0.1533,0.1533,310184.0,1744045199999,48050.11186,635,141383.7,21895.52092,0,0.23
2025-04-07 17:00:00,0.1537,0.1587,0.1537,0.1584,574290.4,1744048799999,89902.92558,1057,279409.7,43688.39524,0,0.23
2025-04-07 18:00:00,0.1583,0.1583,0.1563,0.1566,195009.3,1744052399999,30684.07435,510,111565.5,17559.87807,0,0.23
2025-04-07 19:00:00,0.1567,0.1579,0.156,0.1563,325543.0,1744055999999,51032.66575,720,181789.4,28503.37797,0,0.23
2025-04-07 20:00:00,0.1563,0.1592,0.1563,0.1581,111868.2,1744059599999,17679.70106,223,80434.3,12711.63595,0,0.23
2025-04-07 21:00:00,0.1581,0.1581,0.1565,0.1575,136180.9,1744063199999,21421.81809,324,74925.1,11787.94827,0,0.23
2025-04-07 22:00:00,0.1573,0.1588,0.1572,0.1583,128740.2,1744066799999,20384.79255,220,87025.5,13782.77075,0,0.23
2025-04-07 23:00:00,0.1581,0.1585,0.1566,0.1567,69737.4,1744070399999,10982.30114,117,25477.6,4016.27467,0,0.23
2025-04-08 00:00:00,0.1565,0.1577,0.1563,0.1564,233428.8,1744073999999,36630.86221,399,112699.3,17681.31985,0,0.24
2025-04-08 01:00:00,0.1564,0.1609,0.156,0.1608,60924.4,1744077599999,9667.90424,157,34612.1,5500.65597,0,0.24
2025-04-08 02:00:00,0.1609,0.1618,0.1602,0.1603,63712.3,1744081199999,10242.65917,155,35958.7,5776.84631,0,0.24
2025-04-08 03:00:00,0.1604,0.1606,0.1588,0.1588,53392.7,1744084799999,8541.20943,88,49503.9,7918.53709,0,0.24
2025-04-08 04:00:00,0.1591,0.1602,0.1587,0.1596,70431.6,1744088399999,11231.62331,167,34547.4,5506.00644,0,0.24
2025-04-08 05:00:00,0.1596,0.1598,0.1577,0.1585,131585.1,1744091999999,20865.40041,236,53583.7,8500.02767,0,0.24
2025-04-08 06:00:00,0.1579,0.1583,0.1568,0.157,151921.9,1744095599999,23977.05025,184,77261.8,12190.83901,0,0.24
2025-04-08 07:00:00,0.1567,0.1578,0.1564,0.1577,185815.6,1744099199999,29246.66414,176,61036.6,9597.28503,0,0.24
2025-04-08 08:00:00,0.1577,0.1577,0.1559,0.1569,133547.6,1744102799999,20936.15572,293,80037.6,12536.76845,0,0.24
2025-04-08 09:00:00,0.157,0.1582,0.1563,0.157,147850.9,1744106399999,23174.68031,304,36591.6,5738.87562,0,0.24
2025-04-08 10:00:00,0.1571,0.1577,0.1569,0.1573,49383.6,1744109999999,7766.46519,114,26219.1,4122.59923,0,0.24
2025-04-08 11:00:00,0.1572,0.1604,0.1569,0.1601,173924.4,1744113599999,27687.90987,384,91841.0,14635.15863,0,0.24
2025-04-08 12:00:00,0.1603,0.1604,0.1588,0.1596,179079.6,1744117199999,28588.3014,214,57825.3,9234.3696,0,0.24
2025-04-08 13:00:00,0.1595,0.1615,0.1594,0.1608,267957.7,1744120799999,43034.95626,502,151554.6,24348.52175,0,0.24
2025-04-08 14:00:00,0.1603,0.1623,0.1577,0.1579,333877.8,1744124399999,53638.64047,391,106143.4,17033.07891,0,0.24
2025-04-08 15:00:00,0.1579,0.1581,0.1568,0.1573,138598.1,1744127999999,21821.31052,157,44481.3,7009.79367,0,0.24
2025-04-08 16:00:00,0.1572,0.1579,0.154,0.1546,253431.5,1744131599999,39530.95237,252,120969.7,18874.18584,0,0.24
2025-04-08 17:00:00,0.1546,0.1546,0.1514,0.1536,260109.6,1744135199999,39800.17372,265,151187.7,23146.00574,0,0.24
2025-04-08 18:00:00,0.1535,0.1554,0.1532,0.154,71623.1,1744138799999,11056.7904,135,41017.8,6329.68602,0,0.24
2025-04-08 19:00:00,0.1543,0.1544,0.152,0.1522,71796.4,1744142399999,10979.98989,106,33011.9,5044.9776,0,0.24
2025-04-08 20:00:00,0.1523,0.1535,0.1513,0.1531,103572.6,1744145999999,15761.46378,119,59617.5,9087.86468,0,0.24
2025-04-08 21:00:00,0.1533,0.1539,0.1518,0.1538,144429.1,1744149599999,22085.37381,202,85702.8,13094.08515,0,0.24
2025-04-08 22:00:00,0.1537,0.1537,0.151,0.1524,186354.0,1744153199999,28345.60096,279,87637.5,13337.20822,0,0.24
2025-04-08 23:00:00,0.1524,0.1529,0.1514,0.1526,78424.5,1744156799999,11932.71878,127,33057.7,5032.20017,0,0.24
2025-04-09 00:00:00,0.1525,0.1535,0.1515,0.1517,102847.2,1744160399999,15672.01726,228,37041.2,5660.34191,0,0.18
2025-04-09 01:00:00,0.1519,0.1533,0.1463,0.1532,684667.1,1744163999999,102409.08203,1201,269128.1,40252.16869,0,0.18
2025-04-09 02:00:00,0.1536,0.1544,0.1525,0.1527,186166.1,1744167599999,28566.43514,319,83621.7,12828.92963,0,0.18
2025-04-09 03:00:00,0.1529,0.1537,0.1525,0.1533,157785.7,1744171199999,24123.70527,169,61053.2,9341.47858,0,0.18
2025-04-09 04:00:00,0.1533,0.1561,0.1533,0.1549,191113.3,1744174799999,29550.2496,209,94186.1,14560.82146,0,0.18
2025-04-09 05:00:00,0.1549,0.157,0.1548,0.1567,231954.7,1744178399999,36220.58463,206,123480.7,19298.56526,0,0.18
2025-04-09 06:00:00,0.1568,0.1586,0.1568,0.1573,180421.3,1744181999999,28445.60025,203,82011.0,12925.12665,0,0.18
2025-04-09 07:00:00,0.1572,0.1599,0.1572,0.1583,300476.9,1744185599999,47753.4717,449,101669.9,16156.58046,0,0.18
2025-04-09 08:00:00,0.1585,0.1585,0.1562,0.1567,815138.2,1744189199999,127866.37036,625,572845.5,89841.56442,0,0.18
2025-04-09 09:00:00,0.1567,0.1569,0.1551,0.1559,1068181.7,1744192799999,166644.46265,1179,661937.8,103261.39658,0,0.18
2025-04-09 10:00:00,0.1559,0.1563,0.1547,0.1558,454433.0,1744196399999,70671.0225,872,240966.4,37478.30293,0,0.18
2025-04-09 11:00:00,0.1559,0.156,0.1529,0.1534,303350.6,1744199999999,46740.80638,492,158540.4,24454.60681,0,0.18
2025-04-09 12:00:00,0.1535,0.1563,0.1529,0.1555,353094.2,1744203599999,54375.88727,596,198036.1,30504.59823,0,0.18
2025-04-09 13:00:00,0.1555,0.1594,0.1553,0.1579,331422.3,1744207199999,52219.38035,641,213714.3,33683.61215,0,0.18
2025-04-09 14:00:00,0.1582,0.1592,0.1572,0.1574,262765.8,1744210799999,41597.05337,359,128263.3,20289.3772,0,0.18
2025-04-09 15:00:00,0.1574,0.1591,0.1574,0.1581,131288.1,1744214399999,20800.25054,227,40956.2,6489.55927,0,0.18
2025-04-09 16:00:00,0.1581,0.1598,0.1581,0.1597,100530.4,1744217999999,16011.57962,197,61024.9,9730.0288,0,0.18
2025-04-09 17:00:00,0.1596,0.1678,0.1584,0.1678,1157907.2,1744221599999,189571.9725,2157,580572.4,95041.49763,0,0.18
2025-04-09 18:00:00,0.1676,0.1685,0.1661,0.1672,492327.3,1744225199999,82458.02393,926,251789.7,42208.39156,0,0.18
2025-04-09 19:00:00,0.1671,0.1677,0.1664,0.1669,144906.9,1744228799999,24216.17653,229,57177.9,9551.85587,0,0.18
2025-04-09 20:00:00,0.1671,0.1678,0.1663,0.1677,88979.0,1744232399999,14861.93759,155,40215.1,6715.73402,0,0.18
2025-04-09 21:00:00,0.1676,0.1684,0.1672,0.1676,187270.7,1744235999999,31406.60283,329,85630.1,14361.35615,0,0.18
2025-04-09 22:00:00,0.1677,0.168,0.1674,0.1676,62679.2,1744239599999,10509.50618,136,40969.9,6871.46855,0,0.18
2025-04-09 23:00:00,0.1677,0.1677,0.1664,0.1673,86192.8,1744243199999,14403.20177,146,50989.5,8518.90524,0,0.18
2025-04-10 00:00:00,0.1671,0.1682,0.1655,0.1668,111333.8,1744246799999,18591.90611,182,54755.6,9139.981,0,0.39
2025-04-10 01:00:00,0.1669,0.1672,0.1655,0.1663,92507.3,1744250399999,15406.31727,115,44473.7,7414.03188,0,0.39
2025-04-10 02:00:00,0.1663,0.167,0.1661,0.167,77576.2,1744253999999,12912.49136,102,64473.9,10729.84264,0,0.39
2025-04-10 03:00:00,0.167,0.1673,0.1644,0.1653,222455.5,1744257599999,36868.92431,366,132104.0,21847.69934,0,0.39
2025-04-10 04:00:00,0.1654,0.1657,0.1646,0.1655,100265.9,1744261199999,16556.08115,165,56812.9,9379.97794,0,0.39
2025-04-10 05:00:00,0.1655,0.1674,0.1653,0.1655,987105.7,1744264799999,164146.95761,959,522277.5,86851.71002,0,0.39
2025-04-10 06:00:00,0.1655,0.1681,0.1655,0.1671,778150.3,1744268399999,130125.69188,648,568795.9,95154.37926,0,0.39
2025-04-10 07:00:00,0.1671,0.168,0.1658,0.1668,291916.3,1744271999999,48728.84899,432,146817.6,24481.51675,0,0.39
2025-04-10 08:00:00,0.1667,0.1678,0.1667,0.1677,118028.6,1744275599999,19728.14833,182,36305.3,6071.3208,0,0.39
2025-04-10 09:00:00,0.1677,0.1679,0.1665,0.1673,138098.3,1744279199999,23103.98132,176,43364.3,7249.13794,0,0.39
2025-04-10 10:00:00,0.1671,0.1676,0.1665,0.1674,102305.3,1744282799999,17099.77194,134,55456.4,9268.1331,0,0.39
2025-04-10 11:00:00,0.1673,0.1673,0.1649,0.1657,208389.2,1744286399999,34566.52312,330,85785.4,14234.51301,0,0.39
2025-04-10 12:00:00,0.1656,0.1676,0.1654,0.1665,514604.3,1744289999999,85619.31304,724,228677.0,38024.04617,0,0.39
2025-04-10 13:00:00,0.1665,0.1687,0.1662,0.1674,1035349.8,1744293599999,173438.53774,1213,617591.0,103435.41998,0,0.39
2025-04-10 14:00:00,0.1674,0.1694,0.1665,0.1685,222938.4,1744297199999,37464.32494,307,100838.8,16940.17298,0,0.39
2025-04-10 15:00:00,0.1684,0.1687,0.1603,0.1608,726597.0,1744300799999,118945.45102,687,216231.8,35351.51248,0,0.39
2025-04-10 16:00:00,0.1608,0.1617,0.1593,0.1617,455545.6,1744304399999,73171.81415,419,194120.9,31192.63921,0,0.39
2025-04-10 17:00:00,0.1617,0.1623,0.1602,0.1623,170943.9,1744307999999,27588.58267,175,116188.9,18751.08309,0,0.39
2025-04-10 18:00:00,0.1622,0.1633,0.1619,0.1631,114291.1,1744311599999,18608.93422,153,55886.1,9099.47683,0,0.39
2025-04-10 19:00:00,0.1633,0.1637,0.1622,0.163,81546.0,1744315199999,13297.5077,115,57169.1,9325.43635,0,0.39
2025-04-10 20:00:00,0.1631,0.1648,0.163,0.1646,61147.5,1744318799999,10028.13626,78,13533.0,2215.84041,0,0.39
2025-04-10 21:00:00,0.1646,0.1653,0.1645,0.1646,44083.4,1744322399999,7268.66752,107,26952.3,4444.2787,0,0.39
2025-04-10 22:00:00,0.1647,0.1653,0.1642,0.1648,38689.3,1744325999999,6377.71328,72,26715.5,4403.88376,0,0.39
2025-04-10 23:00:00,0.1648,0.1657,0.1645,0.1656,93546.0,1744329599999,15434.38527,102,41247.1,6810.50555,0,0.39
2025-04-11 00:00:00,0.1656,0.1685,0.1652,0.1673,451558.6,1744333199999,75602.30012,411,203609.4,34077.10594,0,0.25
2025-04-11 01:00:00,0.1673,0.172,0.1672,0.1707,1335543.6,1744336799999,227998.57115,1918,692969.2,118307.35366,0,0.25
2025-04-11 02:00:00,0.1707,0.1708,0.1695,0.1697,256603.8,1744340399999,43669.43607,366,118606.9,20179.00099,0,0.25
2025-04-11 03:00:00,0.1696,0.1704,0.1691,0.17,154068.9,1744343999999,26165.00473,222,86429.6,14679.4119,0,0.25
2025-04-11 04:00:00,0.17,0.1703,0.1694,0.17,60915.5,1744347599999,10350.50328,83,18916.3,3213.93537,0,0.25
2025-04-11 05:00:00,0.1699,0.1706,0.1695,0.1697,106493.4,1744351199999,18103.39052,93,56595.8,9615.2292,0,0.25
2025-04-11 06:00:00,0.1698,0.1705,0.1696,0.17,161087.9,1744354799999,27389.9804,203,116560.8,19821.81977,0,0.25
2025-04-11 07:00:00,0.17,0.1709,0.1697,0.1706,223796.8,1744358399999,38085.70637,211,75825.6,12898.69101,0,0.25
2025-04-11 08:00:00,0.1705,0.1713,0.1694,0.17,188586.3,1744361999999,32094.83493,266,86894.2,14802.63856,0,0.25
2025-04-11 09:00:00,0.1699,0.1704,0.1687,0.1702,127423.9,1744365599999,21592.3534,157,73741.0,12491.31068,0,0.25
2025-04-11 10:00:00,0.1701,0.1714,0.1695,0.1706,197208.1,1744369199999,33616.16836,318,121806.7,20775.26063,0,0.25
2025-04-11 11:00:00,0.1703,0.1706,0.1695,0.1697,88855.9,1744372799999,15088.93526,120,36491.7,6198.48951,0,0.25
2025-04-11 12:00:00,0.1698,0.1717,0.1692,0.1701,184113.0,1744376399999,31350.3552,257,97052.4,16510.78882,0,0.25
2025-04-11 13:00:00,0.1703,0.1718,0.1694,0.1715,209897.4,1744379999999,35864.60975,323,91752.0,15650.53741,0,0.25
2025-04-11 14:00:00,0.1715,0.1715,0.1691,0.1704,172781.1,1744383599999,29469.15571,309,88285.9,15051.50916,0,0.25
2025-04-11 15:00:00,0.1705,0.1717,0.17,0.1714,177394.3,1744387199999,30310.65391,286,140970.2,24085.36204,0,0.25
2025-04-11 16:00:00,0.1714,0.1739,0.1709,0.1731,198431.5,1744390799999,34246.86344,260,119713.2,20662.4961,0,0.25
2025-04-11 17:00:00,0.1731,0.175,0.1727,0.1743,167471.1,1744394399999,29154.63336,248,72509.8,12612.21603,0,0.25
2025-04-11 18:00:00,0.1743,0.1746,0.174,0.1741,100021.9,1744397999999,17438.06238,219,68196.7,11893.70452,0,0.25
2025-04-11 19:00:00,0.1741,0.1748,0.1739,0.1739,110748.6,1744401599999,19320.85554,134,55690.4,9715.1237,0,0.25
2025-04-11 20:00:00,0.1739,0.174,0.1731,0.1733,52682.8,1744405199999,9146.65664,80,31723.7,5508.67529,0,0.25
2025-04-11 21:00:00,0.1734,0.174,0.1729,0.1731,54273.7,1744408799999,9415.02912,120,17098.4,2965.50451,0,0.25
2025-04-11 22:00:00,0.1732,0.1734,0.1724,0.1725,115493.0,1744412399999,19957.7958,117,79399.7,13721.55609,0,0.25
2025-04-11 23:00:00,0.1725,0.1725,0.172,0.1722,61986.2,1744415999999,10675.72572,92,38479.5,6628.53953,0,0.25
2025-04-12 00:00:00,0.1721,0.1726,0.1712,0.1713,106449.0,1744419599999,18299.73526,204,67342.4,11580.54519,0,0.43
2025-04-12 01:00:00,0.1713,0.1716,0.1712,0.1715,43006.9,1744423199999,7370.07929,85,26131.9,4479.45542,0,0.43
2025-04-12 02:00:00,0.1715,0.1725,0.1713,0.1713,78734.0,1744426799999,13527.33897,96,49076.5,8422.95007,0,0.43
2025-04-12 03:00:00,0.1713,0.1717,0.1709,0.1716,45140.9,1744430399999,7734.75791,69,19226.0,3292.5925,0,0.43
2025-04-12 04:00:00,0.1715,0.1731,0.1711,0.1724,88141.5,1744433999999,15167.55454,167,43175.1,7431.64851,0,0.43
2025-04-12 05:00:00,0.1723,0.1724,0.1717,0.1722,72818.5,1744437599999,12534.48396,95,45789.3,7883.79238,0,0.43
2025-04-12 06:00:00,0.1721,0.1736,0.1721,0.1728,118366.0,1744441199999,20453.64847,127,66082.0,11411.83019,0,0.43
2025-04-12 07:00:00,0.1727,0.1741,0.1727,0.174,141757.9,1744444799999,24567.50782,156,55154.7,9568.66442,0,0.43
2025-04-12 08:00:00,0.1739,0.1762,0.1738,0.1757,445526.5,1744448399999,78060.14763,609,238649.4,41827.88565,0,0.43
2025-04-12 09:00:00,0.1755,0.1794,0.1753,0.1777,602555.6,1744451999999,106814.62811,742,299660.3,53013.63338,0,0.43
2025-04-12 10:00:00,0.1778,0.2686,0.1777,0.2239,40847136.9,1744455599999,9069673.1056,79949,19765039.7,4383576.17579,0,0.43
2025-04-12 11:00:00,0.2239,0.2445,0.2141,0.2314,18831766.4,1744459199999,4350608.51408,36453,9058495.7,2094010.08755,0,0.43
2025-04-12 12:00:00,0.2311,0.232,0.2119,0.2121,9605044.5,1744462799999,2116982.9464,19507,4676888.8,1031456.95048,0,0.43
2025-04-12 13:00:00,0.2121,0.216,0.2029,0.2056,7934268.9,1744466399999,1657041.35748,13286,3805972.6,795755.54457,0,0.43
2025-04-12 14:00:00,0.2056,0.2087,0.2001,0.2073,7809223.4,1744469999999,1597565.94412,11222,3628195.4,742600.14867,0,0.43
2025-04-12 15:00:00,0.2073,0.2074,0.2002,0.2015,5737193.0,1744473599999,1164210.70328,6913,2972191.0,602746.04365,0,0.43
2025-04-12 16:00:00,0.2017,0.2068,0.1994,0.2058,5697590.6,1744477199999,1160458.7148,9133,3234893.9,658552.20104,0,0.43
2025-04-12 17:00:00,0.2058,0.2062,0.2008,0.201,3521653.9,1744480799999,713482.17545,4751,1711041.2,346678.46869,0,0.43
2025-04-12 18:00:00,0.2009,0.2082,0.2003,0.2041,3108453.6,1744484399999,635631.37398,3762,1774852.1,363218.8856,0,0.43
2025-04-12 19:00:00,0.2041,0.2067,0.2021,0.2054,2089586.4,1744487999999,426944.63973,2579,984300.6,201185.27481,0,0.43
2025-04-12 20:00:00,0.2056,0.2066,0.2038,0.2051,1787623.0,1744491599999,366718.84379,2090,854676.5,175349.97933,0,0.43
2025-04-12 21:00:00,0.2052,0.2156,0.2043,0.207,7025211.3,1744495199999,1474798.94248,11737,3522530.1,739532.2591,0,0.43
2025-04-12 22:00:00,0.207,0.2087,0.2043,0.2072,2067027.1,1744498799999,427020.94865,2508,1174502.1,242758.55813,0,0.43
2025-04-12 23:00:00,0.2073,0.2086,0.2041,0.208,1838065.7,1744502399999,378238.62648,1989,1020022.2,209960.37142,0,0.43
2025-04-13 00:00:00,0.2079,0.2079,0.1971,0.1973,6695267.7,1744505999999,1347241.72545,8521,3248619.4,654058.60511,0,0.45
2025-04-13 01:00:00,0.1973,0.2073,0.1961,0.1978,4673291.0,1744509599999,940757.39388,5075,2264211.0,455701.34362,0,0.45
2025-04-13 02:00:00,0.1977,0.1991,0.1967,0.1983,1508126.1,1744513199999,298363.99491,2348,766573.2,151667.41279,0,0.45
2025-04-13 03:00:00,0.1983,0.1986,0.1966,0.1971,807473.1,1744516799999,159514.76303,956,353417.0,69828.00204,0,0.45
2025-04-13 04:00:00,0.197,0.1987,0.1938,0.1944,1949711.4,1744520399999,383583.87958,2242,983237.4,193610.34222,0,0.45
2025-04-13 05:00:00,0.1944,0.1946,0.192,0.1928,1058552.4,1744523999999,204364.19882,1840,543915.1,105034.27857,0,0.45
2025-04-13 06:00:00,0.1929,0.195,0.1926,0.193,979254.0,1744527599999,189884.27804,2113,516934.4,100280.55793,0,0.45
2025-04-13 07:00:00,0.1931,0.194,0.192,0.1931,1515822.5,1744531199999,292709.17796,1824,622135.4,120199.89488,0,0.45
2025-04-13 08:00:00,0.193,0.1972,0.1927,0.1959,1425935.9,1744534799999,278656.31822,1909,647734.0,126515.70502,0,0.45
2025-04-13 09:00:00,0.1959,0.1975,0.1942,0.1972,1018551.7,1744538399999,199166.89019,1177,535712.0,104767.45274,0,0.45
2025-04-13 10:00:00,0.1972,0.1994,0.1946,0.1986,2584284.5,1744541999999,510647.68597,3238,1210806.6,239242.08445,0,0.45
2025-04-13 11:00:00,0.1986,0.1995,0.1974,0.1983,2040847.7,1744545599999,404540.06835,2855,972010.2,192754.30053,0,0.45
2025-04-13 12:00:00,0.1982,0.1987,0.1951,0.1956,1566148.9,1744549199999,308950.86619,2155,707526.0,139675.52287,0,0.45
2025-04-13 13:00:00,0.1956,0.1961,0.1902,0.1909,1648481.0,1744552799999,318642.67567,1784,828393.4,160146.60514,0,0.45
2025-04-13 14:00:00,0.1909,0.192,0.1887,0.1909,1143188.6,1744556399999,217607.01044,1575,426753.5,81216.58791,0,0.45
2025-04-13 15:00:00,0.1908,0.1909,0.1885,0.1896,649022.4,1744559999999,123140.54159,775,301627.3,57227.85321,0,0.45
2025-04-13 16:00:00,0.1894,0.1915,0.1892,0.1909,547461.2,1744563599999,104326.50046,1073,218569.7,41647.31156,0,0.45
2025-04-13 17:00:00,0.1908,0.1946,0.1907,0.1939,537272.5,1744567199999,103594.53237,1406,243589.5,46936.4164,0,0.45
2025-04-13 18:00:00,0.194,0.1948,0.1914,0.1915,740176.0,1744570799999,142888.79798,1506,398103.4,76912.69012,0,0.45
2025-04-13 19:00:00,0.1914,0.1914,0.1843,0.1866,1536780.2,1744574399999,288521.7535,2728,631321.7,118353.74731,0,0.45
2025-04-13 20:00:00,0.1866,0.1875,0.1834,0.1848,1135426.6,1744577999999,210717.25371,1470,552600.2,102552.90296,0,0.45
2025-04-13 21:00:00,0.1847,0.1849,0.182,0.1844,1047902.8,1744581599999,192292.20796,1616,577041.0,105886.32051,0,0.45
2025-04-13 22:00:00,0.1843,0.1857,0.1811,0.1811,562319.3,1744585199999,102889.88625,858,254151.8,46514.1387,0,0.45
2025-04-13 23:00:00,0.181,0.1848,0.181,0.1848,352415.1,1744588799999,64593.93105,572,148942.8,27298.21194,0,0.45
2025-04-14 00:00:00,0.1847,0.1879,0.1831,0.1857,1014125.0,1744592399999,188527.60952,1107,444871.2,82613.89356,0,0.31
2025-04-14 01:00:00,0.1856,0.1864,0.1827,0.1833,473488.4,1744595999999,87260.52246,635,263654.6,48561.59626,0,0.31
2025-04-14 02:00:00,0.1832,0.1883,0.183,0.1862,465811.1,1744599599999,86411.90576,1000,229393.7,42499.63075,0,0.31
2025-04-14 03:00:00,0.1863,0.1866,0.1844,0.1846,463824.2,1744603199999,86015.32546,692,221337.6,41047.19585,0,0.31
2025-04-14 04:00:00,0.1847,0.1857,0.184,0.1855,345336.8,1744606799999,63775.48636,645,171489.1,31687.69115,0,0.31
2025-04-14 05:00:00,0.1854,0.1857,0.1818,0.1828,365025.9,1744610399999,66866.6661,543,184018.8,33689.90399,0,0.31
2025-04-14 06:00:00,0.1827,0.1828,0.1796,0.1797,582488.3,1744613999999,105381.28134,762,305600.8,55240.25269,0,0.31
2025-04-14 07:00:00,0.1797,0.1802,0.1781,0.1797,742056.7,1744617599999,133041.54222,869,492673.9,88377.41494,0,0.31
2025-04-14 08:00:00,0.1797,0.1812,0.1792,0.1796,1055879.0,1744621199999,190088.57064,1042,492568.1,88679.28421,0,0.31
2025-04-14 09:00:00,0.1794,0.181,0.179,0.1794,449331.9,1744624799999,80852.15261,752,263752.8,47465.79838,0,0.31
2025-04-14 10:00:00,0.1793,0.1837,0.1793,0.1832,810667.0,1744628399999,147320.79668,1213,491013.3,89205.17489,0,0.31
2025-04-14 11:00:00,0.1833,0.1841,0.1827,0.1837,477910.0,1744631999999,87614.86167,639,247717.6,45427.65017,0,0.31
2025-04-14 12:00:00,0.1837,0.1841,0.1827,0.1834,596462.1,1744635599999,109337.44079,845,323598.5,59331.99972,0,0.31
2025-04-14 13:00:00,0.1835,0.1839,0.1801,0.181,822203.5,1744639199999,149520.99527,1127,417269.7,75838.94782,0,0.31
2025-04-14 14:00:00,0.181,0.1852,0.1804,0.184,736135.3,1744642799999,134824.20741,1011,432239.4,79160.47967,0,0.31
2025-04-14 15:00:00,0.184,0.1844,0.1768,0.1775,931059.1,1744646399999,167967.7567,1285,433056.3,78275.57406,0,0.31
2025-04-14 16:00:00,0.1774,0.1818,0.1774,0.1805,1008341.0,1744649999999,181411.81264,1558,723924.5,130266.67933,0,0.31
2025-04-14 17:00:00,0.1806,0.1831,0.1805,0.1826,548181.1,1744653599999,99632.39026,752,267011.5,48491.7911,0,0.31
2025-04-14 18:00:00,0.1826,0.1837,0.1822,0.1824,312219.9,1744657199999,57059.59993,484,193202.1,35302.73051,0,0.31
2025-04-14 19:00:00,0.1824,0.1841,0.1824,0.1834,189708.3,1744660799999,34784.54009,329,114952.5,21076.60143,0,0.31
2025-04-14 20:00:00,0.1834,0.1834,0.1815,0.1823,349570.4,1744664399999,63797.17429,498,117929.9,21514.02902,0,0.31
2025-04-14 21:00:00,0.1822,0.1831,0.1811,0.1827,186552.7,1744667999999,34025.27583,348,120656.4,22010.40963,0,0.31
2025-04-14 22:00:00,0.1826,0.1853,0.1826,0.1848,262464.3,1744671599999,48244.01229,463,144486.2,26571.67623,0,0.31
2025-04-14 23:00:00,0.1846,0.186,0.1844,0.186,454032.8,1744675199999,84053.40945,486,366819.9,67903.38133,0,0.31
2025-04-15 00:00:00,0.1859,0.1862,0.1836,0.1841,332800.5,1744678799999,61521.14561,550,202212.4,37394.95521,0,0.38
2025-04-15 01:00:00,0.1841,0.1869,0.182,0.1869,490636.6,1744682399999,90527.60158,706,319957.4,59109.58296,0,0.38
2025-04-15 02:00:00,0.1869,0.188,0.185,0.188,415176.9,1744685999999,77544.24764,835,210678.1,39366.32837,0,0.38
2025-04-15 03:00:00,0.1879,0.1889,0.187,0.1877,278574.0,1744689599999,52311.17792,511,143499.1,26945.07821,0,0.38
2025-04-15 04:00:00,0.1876,0.2064,0.1871,0.191,10110347.8,1744693199999,1980616.01483,20424,5405517.8,1060267.81104,0,0.38
2025-04-15 05:00:00,0.191,0.1916,0.1876,0.1887,1193175.7,1744696799999,225953.40761,2542,614514.3,116485.282,0,0.38
2025-04-15 06:00:00,0.1888,0.1894,0.1859,0.1874,684889.3,1744700399999,128095.882,1759,363006.6,67875.43271,0,0.38
2025-04-15 07:00:00,0.1875,0.1884,0.1867,0.1873,537579.3,1744703999999,100730.96671,962,284555.8,53329.89377,0,0.38
2025-04-15 08:00:00,0.1872,0.189,0.1867,0.1885,229724.1,1744707599999,43097.53335,503,131121.0,24607.85008,0,0.38
2025-04-15 09:00:00,0.1883,0.1963,0.1881,0.1958,1500096.7,1744711199999,288988.63495,1982,656803.9,126309.75237,0,0.38
2025-04-15 10:00:00,0.1958,0.1969,0.189,0.1921,2179123.0,1744714799999,421715.49877,3402,1305095.6,252870.79335,0,0.38
2025-04-15 11:00:00,0.1922,0.1985,0.1906,0.1963,1836291.7,1744718399999,358427.87726,3024,909216.5,177513.13803,0,0.38
2025-04-15 12:00:00,0.1963,0.1981,0.1914,0.1936,1238395.8,1744721999999,240014.4981,2441,536105.4,103954.74788,0,0.38
2025-04-15 13:00:00,0.1936,0.1946,0.1917,0.192,628348.2,1744725599999,121275.0829,1201,305900.0,59080.46613,0,0.38
2025-04-15 14:00:00,0.192,0.1944,0.1905,0.1926,863816.5,1744729199999,165971.33745,1575,428327.7,82277.65689,0,0.38
2025-04-15 15:00:00,0.1927,0.1955,0.1922,0.1931,567315.4,1744732799999,110098.89068,1131,287338.9,55801.93419,0,0.38
2025-04-15 16:00:00,0.1931,0.1937,0.1912,0.1915,296304.7,1744736399999,56952.0479,657,147706.1,28391.24211,0,0.38
2025-04-15 17:00:00,0.1914,0.1936,0.1909,0.1923,367472.0,1744739999999,70619.56034,790,195642.4,37610.6182,0,0.38
2025-04-15 18:00:00,0.1924,0.1934,0.19,0.1926,537457.8,1744743599999,102810.4944,1034,282436.8,54129.66043,0,0.38
2025-04-15 19:00:00,0.1926,0.1946,0.1914,0.192,327092.1,1744747199999,63056.57863,712,170094.6,32798.91882,0,0.38
2025-04-15 20:00:00,0.1919,0.1929,0.1897,0.19,346582.9,1744750799999,66272.49558,635,150309.1,28754.98505,0,0.38
2025-04-15 21:00:00,0.19,0.1934,0.19,0.1928,306194.3,1744754399999,58573.85638,617,174115.6,33324.68676,0,0.38
2025-04-15 22:00:00,0.1926,0.1942,0.1915,0.1934,341048.9,1744757999999,65829.65656,511,211544.8,40842.6563,0,0.38
2025-04-15 23:00:00,0.1932,0.1944,0.1928,0.1935,332050.8,1744761599999,64270.97156,556,202967.7,39295.35241,0,0.38
2025-04-16 00:00:00,0.1934,0.2096,0.1932,0.2059,9173251.6,1744765199999,1872431.63082,14136,4509570.2,921161.67602,0,0.29
2025-04-16 01:00:00,0.2057,0.2081,0.2023,0.2054,2275890.6,1744768799999,467193.63842,2958,1168911.6,239930.81736,0,0.29
2025-04-16 02:00:00,0.2052,0.2102,0.2037,0.2099,1908136.9,1744772399999,395780.74291,2426,1114909.6,231102.69608,0,0.29
2025-04-16 03:00:00,0.21,0.2148,0.2056,0.2091,3242839.5,1744775999999,682728.2578,4430,1589849.6,334240.76547,0,0.29
2025-04-16 04:00:00,0.2089,0.209,0.2053,0.2058,846926.7,1744779599999,175484.1771,1298,429784.2,89062.52418,0,0.29
2025-04-16 05:00:00,0.2058,0.2077,0.2037,0.2045,1594520.0,1744783199999,327646.09266,2355,780983.7,160574.47028,0,0.29
2025-04-16 06:00:00,0.2041,0.2071,0.2041,0.205,670811.6,1744786799999,137986.57932,1065,359436.4,73923.43081,0,0.29
2025-04-16 07:00:00,0.2051,0.2068,0.2026,0.203,1056616.1,1744790399999,215701.68514,1425,531108.3,108461.67255,0,0.29
2025-04-16 08:00:00,0.203,0.2048,0.2011,0.2027,1429577.7,1744793999999,290312.58665,3117,771005.0,156570.54246,0,0.29
2025-04-16 09:00:00,0.2028,0.2039,0.2011,0.2031,607491.2,1744797599999,122850.26185,1084,318928.1,64520.47183,0,0.29
2025-04-16 10:00:00,0.203,0.2087,0.2029,0.2062,1287944.4,1744801199999,265831.54931,1747,682511.0,140859.69724,0,0.29
2025-04-16 11:00:00,0.2061,0.2139,0.2042,0.207,2724626.4,1744804799999,569130.60994,4421,1206341.8,252307.01809,0,0.29
2025-04-16 12:00:00,0.2071,0.2252,0.2064,0.2086,7967243.0,1744808399999,1719362.04915,12999,3727218.0,805212.55947,0,0.29
2025-04-16 13:00:00,0.2086,0.2114,0.2002,0.2011,2808324.7,1744811999999,576691.19124,3692,1155732.7,236781.93373,0,0.29
2025-04-16 14:00:00,0.2013,0.2063,0.2001,0.2052,1181885.1,1744815599999,239892.5371,1565,774674.3,157377.32071,0,0.29
2025-04-16 15:00:00,0.2051,0.2065,0.2019,0.2023,708906.1,1744819199999,144851.77139,1149,365276.2,74630.99281,0,0.29
2025-04-16 16:00:00,0.2024,0.2044,0.2011,0.2019,709337.3,1744822799999,143634.95233,1193,361470.0,73187.80441,0,0.29
2025-04-16 17:00:00,0.2019,0.2049,0.1984,0.199,954203.3,1744826399999,193113.02663,1463,554546.4,112281.06218,0,0.29
2025-04-16 18:00:00,0.1991,0.2049,0.1991,0.2029,666344.5,1744829999999,134825.22146,1334,379816.7,76748.54616,0,0.29
2025-04-16 19:00:00,0.2031,0.2055,0.2,0.2042,727271.2,1744833599999,147148.43174,926,373771.2,75640.68377,0,0.29
2025-04-16 20:00:00,0.2042,0.2068,0.2019,0.2024,870204.6,1744837199999,178106.0782,947,369635.3,75778.19365,0,0.29
2025-04-16 21:00:00,0.2024,0.2027,0.2009,0.2022,487977.4,1744840799999,98547.97865,880,279761.5,56521.53783,0,0.29
2025-04-16 22:00:00,0.2022,0.2047,0.2021,0.2043,417043.3,1744844399999,84875.89807,594,241529.9,49185.94299,0,0.29
2025-04-16 23:00:00,0.2044,0.2068,0.2039,0.2051,882120.1,1744847999999,181453.46524,1453,471100.9,96918.0635,0,0.29
2025-04-17 00:00:00,0.2051,0.2052,0.1984,0.2001,759808.6,1744851599999,153038.70583,1086,328166.3,65966.29292,0,0.3
2025-04-17 01:00:00,0.2002,0.2024,0.1982,0.2011,444548.5,1744855199999,89127.83353,831,255775.2,51272.88169,0,0.3
2025-04-17 02:00:00,0.2013,0.2026,0.2004,0.2023,328963.7,1744858799999,66281.1483,764,212288.2,42789.20806,0,0.3
2025-04-17 03:00:00,0.2024,0.2059,0.202,0.2055,417215.2,1744862399999,85114.23546,784,171234.5,34937.54555,0,0.3
2025-04-17 04:00:00,0.2055,0.2186,0.2044,0.213,2842073.1,1744865999999,603451.91661,5129,1356862.0,288237.07831,0,0.3
2025-04-17 05:00:00,0.2134,0.2166,0.2124,0.2159,736546.4,1744869599999,157940.59716,2073,430176.5,92189.86657,0,0.3
2025-04-17 06:00:00,0.2158,0.2158,0.2086,0.2114,869167.8,1744873199999,183546.36745,2135,430216.8,90832.84248,0,0.3
2025-04-17 07:00:00,0.2115,0.2136,0.2104,0.211,726008.8,1744876799999,153999.05098,1500,374656.4,79471.47625,0,0.3
2025-04-17 08:00:00,0.2108,0.2133,0.2104,0.2112,379051.6,1744880399999,80208.59513,933,190836.1,40408.79973,0,0.3
2025-04-17 09:00:00,0.2111,0.2111,0.2088,0.2101,341501.5,1744883999999,71720.91821,941,185337.9,38912.33158,0,0.3
2025-04-17 10:00:00,0.2102,0.2107,0.2074,0.2075,283290.9,1744887599999,59219.54585,764,130713.2,27311.96672,0,0.3
2025-04-17 11:00:00,0.2076,0.2114,0.2076,0.2103,300187.2,1744891199999,62892.98544,846,168528.7,35306.24122,0,0.3
2025-04-17 12:00:00,0.2104,0.2106,0.2071,0.2087,442085.5,1744894799999,92087.13575,923,181842.6,37873.34273,0,0.3
2025-04-17 13:00:00,0.2086,0.211,0.2075,0.211,541727.0,1744898399999,113193.70971,993,339446.5,70957.25492,0,0.3
2025-04-17 14:00:00,0.2109,0.2142,0.2098,0.2137,891836.1,1744901999999,188649.14896,1868,486271.9,102896.16006,0,0.3
2025-04-17 15:00:00,0.2135,0.2167,0.2125,0.2142,683636.2,1744905599999,146713.93446,1343,367960.7,78994.72771,0,0.3
2025-04-17 16:00:00,0.2142,0.2183,0.2122,0.2172,722176.3,1744909199999,156154.35423,1573,386879.2,83754.2632,0,0.3
2025-04-17 17:00:00,0.2171,0.2196,0.2161,0.2194,780501.8,1744912799999,170158.88349,1400,428262.8,93394.44623,0,0.3
2025-04-17 18:00:00,0.2195,0.2212,0.2173,0.2175,591192.9,1744916399999,129770.46853,1250,276321.0,60707.85831,0,0.3
2025-04-17 19:00:00,0.2174,0.2212,0.2161,0.2181,990171.6,1744919999999,216764.73948,2076,474727.1,103992.38062,0,0.3
2025-04-17 20:00:00,0.218,0.2197,0.2167,0.2188,487946.6,1744923599999,106495.09868,1638,217205.4,47405.18264,0,0.3
2025-04-17 21:00:00,0.2188,0.225,0.2166,0.2174,1833163.8,1744927199999,406525.53313,5381,908451.5,201612.05969,0,0.3
2025-04-17 22:00:00,0.2174,0.2195,0.2145,0.216,513347.8,1744930799999,111040.15072,1315,240861.9,52103.14874,0,0.3
2025-04-17 23:00:00,0.216,0.2161,0.2138,0.2154,577604.6,1744934399999,124084.24259,1322,317613.0,68210.10141,0,0.3
2025-04-18 00:00:00,0.2154,0.2159,0.2088,0.2093,1197488.6,1744937999999,253312.6825,2291,629979.2,133492.32544,0,0.33
2025-04-18 01:00:00,0.2094,0.212,0.2089,0.2103,622915.8,1744941599999,130916.62059,1233,380031.4,79878.90501,0,0.33
2025-04-18 02:00:00,0.2102,0.213,0.2096,0.2122,474401.5,1744945199999,100380.59909,935,240694.1,50938.296,0,0.33
2025-04-18 03:00:00,0.2121,0.2125,0.2083,0.2093,1054610.6,1744948799999,221418.74432,1600,457786.5,96160.99799,0,0.33
2025-04-18 04:00:00,0.2093,0.2113,0.2065,0.2109,1198709.1,1744952399999,249496.24072,2191,527779.5,109948.13165,0,0.33
2025-04-18 05:00:00,0.2109,0.2141,0.2105,0.2122,1375558.6,1744955999999,291585.28307,1757,505458.3,107344.0467,0,0.33
2025-04-18 06:00:00,0.2123,0.2124,0.2091,0.2111,797843.9,1744959599999,167975.13422,1306,261488.2,55084.7529,0,0.33
2025-04-18 07:00:00,0.2111,0.2125,0.2098,0.2107,844735.4,1744963199999,178172.96742,1437,558501.2,117794.68018,0,0.33
2025-04-18 08:00:00,0.2107,0.2141,0.2107,0.2137,566677.0,1744966799999,120440.79447,1116,388015.3,82470.12923,0,0.33
2025-04-18 09:00:00,0.2137,0.2152,0.2125,0.2128,1036432.6,1744970399999,221767.8253,1698,618006.6,132350.72267,0,0.33
2025-04-18 10:00:00,0.2128,0.214,0.2127,0.2136,319191.3,1744973999999,68097.07115,678,214280.9,45713.2535,0,0.33
2025-04-18 11:00:00,0.2135,0.2149,0.2135,0.2146,244255.5,1744977599999,52326.70163,459,146134.1,31305.46914,0,0.33
2025-04-18 12:00:00,0.2146,0.2192,0.214,0.2187,556626.6,1744981199999,120170.64927,1050,359274.4,77599.81559,0,0.33
2025-04-18 13:00:00,0.2188,0.219,0.2165,0.2184,633830.3,1744984799999,137896.78927,1746,426910.9,92899.34574,0,0.33
2025-04-18 14:00:00,0.2184,0.2203,0.2146,0.2177,1092980.8,1744988399999,237638.58189,2642,655159.2,142509.39676,0,0.33
2025-04-18 15:00:00,0.2177,0.2192,0.2164,0.2186,513603.5,1744991999999,112050.3385,1542,272587.6,59481.97117,0,0.33
2025-04-18 16:00:00,0.2185,0.2202,0.2173,0.2195,871585.1,1744995599999,190805.01153,1716,508510.9,111312.68572,0,0.33
2025-04-18 17:00:00,0.2195,0.2227,0.219,0.221,901661.9,1744999199999,199692.65596,1551,576323.6,127614.18642,0,0.33
2025-04-18 18:00:00,0.221,0.2211,0.2198,0.22,144883.0,1745002799999,31905.49274,439,35875.1,7905.77241,0,0.33
2025-04-18 19:00:00,0.22,0.2206,0.2183,0.2186,443767.3,1745006399999,97259.30388,741,160695.0,35239.85087,0,0.33
2025-04-18 20:00:00,0.2185,0.2203,0.2182,0.2196,193060.6,1745009999999,42296.46505,528,119017.7,26070.72771,0,0.33
2025-04-18 21:00:00,0.2196,0.22,0.2181,0.2188,98166.0,1745013599999,21495.68879,455,65099.0,14259.49545,0,0.33
2025-04-18 22:00:00,0.219,0.22,0.2183,0.2198,216423.7,1745017199999,47399.41834,561,112645.2,24681.99866,0,0.33
2025-04-18 23:00:00,0.2199,0.2201,0.217,0.2186,232641.5,1745020799999,50675.84114,546,113147.9,24632.8647,0,0.33
2025-04-19 00:00:00,0.2184,0.2211,0.2165,0.2205,748773.5,1745024399999,163990.48648,1905,439873.6,96397.9277,0,0.32
2025-04-19 01:00:00,0.2206,0.2218,0.2148,0.2155,709379.9,1745027999999,154167.93413,1506,331580.8,72007.51579,0,0.32
2025-04-19 02:00:00,0.2154,0.2174,0.2154,0.2164,357517.8,1745031599999,77296.49178,814,193853.6,41883.72937,0,0.32
2025-04-19 03:00:00,0.2166,0.2179,0.2157,0.2166,107613.3,1745035199999,23314.40059,370,53304.4,11548.06495,0,0.32
2025-04-19 04:00:00,0.2166,0.2167,0.2152,0.2155,229565.2,1745038799999,49573.07811,503,108381.3,23403.66232,0,0.32
2025-04-19 05:00:00,0.2154,0.2168,0.2147,0.2163,268399.5,1745042399999,57824.00227,436,115154.2,24824.87743,0,0.32
2025-04-19 06:00:00,0.2163,0.2174,0.2148,0.2156,522156.3,1745045999999,112843.80344,635,373560.0,80728.19935,0,0.32
2025-04-19 07:00:00,0.2156,0.2165,0.2147,0.2154,485404.3,1745049599999,104594.14517,428,335757.5,72307.99265,0,0.32
2025-04-19 08:00:00,0.2154,0.2169,0.2144,0.2164,719619.4,1745053199999,155241.11949,1209,381374.8,82236.66334,0,0.32
2025-04-19 09:00:00,0.2163,0.2163,0.2131,0.2138,706872.8,1745056799999,151632.15865,1131,324150.1,69463.46173,0,0.32
2025-04-19 10:00:00,0.2138,0.2149,0.2131,0.2131,294084.1,1745060399999,62933.03814,404,108478.0,23243.20175,0,0.32
2025-04-19 11:00:00,0.2131,0.2147,0.2129,0.2133,228860.5,1745063999999,48895.38779,352,109167.7,23306.40016,0,0.32
2025-04-19 12:00:00,0.2133,0.2153,0.2131,0.2151,276015.1,1745067599999,59238.97982,491,197590.2,42415.83071,0,0.32
2025-04-19 13:00:00,0.215,0.2169,0.2143,0.2167,249057.0,1745071199999,53734.18836,490,156143.6,33694.97406,0,0.32
2025-04-19 14:00:00,0.2169,0.2176,0.2156,0.2161,416707.0,1745074799999,90264.46286,590,169143.1,36650.32557,0,0.32
2025-04-19 15:00:00,0.2162,0.2172,0.2157,0.2163,259060.6,1745078399999,56078.95044,447,100231.4,21697.18882,0,0.32
2025-04-19 16:00:00,0.2162,0.2173,0.2161,0.2163,100114.3,1745081999999,21693.04718,230,53519.0,11595.82136,0,0.32
2025-04-19 17:00:00,0.2164,0.2198,0.2164,0.219,214571.8,1745085599999,46799.16898,370,152689.8,33304.89626,0,0.32
2025-04-19 18:00:00,0.219,0.2193,0.2175,0.2181,142080.5,1745089199999,30996.87515,267,64308.5,14027.9957,0,0.32
2025-04-19 19:00:00,0.2179,0.2187,0.2174,0.2174,113617.3,1745092799999,24783.22115,269,51112.9,11144.26547,0,0.32
2025-04-19 20:00:00,0.2174,0.2179,0.2166,0.2173,141436.6,1745096399999,30717.54435,310,88969.4,19324.94701,0,0.32
2025-04-19 21:00:00,0.2173,0.218,0.2168,0.2169,91238.2,1745099999999,19851.8473,197,27773.7,6047.62056,0,0.32
2025-04-19 22:00:00,0.2168,0.2174,0.2163,0.2165,109626.8,1745103599999,23768.27713,228,35588.3,7720.40013,0,0.32
2025-04-19 23:00:00,0.2165,0.2166,0.2159,0.2159,71363.6,1745107199999,15434.24581,144,29003.3,6275.41299,0,0.32
2025-04-20 00:00:00,0.2159,0.2312,0.2151,0.2247,2611276.4,1745110799999,585880.92362,5523,1417819.1,318095.40284,0,0.37
2025-04-20 01:00:00,0.2246,0.2247,0.2196,0.2221,913905.9,1745114399999,203005.70729,1907,508871.0,112998.36333,0,0.37
2025-04-20 02:00:00,0.2222,0.2222,0.2186,0.2187,341621.5,1745117999999,75377.0727,673,139079.7,30718.66932,0,0.37
2025-04-20 03:00:00,0.2185,0.2193,0.2172,0.219,366287.5,1745121599999,79873.87087,648,219509.8,47863.96655,0,0.37
2025-04-20 04:00:00,0.2191,0.2209,0.218,0.2201,190081.5,1745125199999,41780.56206,501,105112.6,23102.33979,0,0.37
2025-04-20 05:00:00,0.2201,0.2201,0.2174,0.2176,911851.6,1745128799999,199029.79427,1140,652940.6,142486.66403,0,0.37
2025-04-20 06:00:00,0.2176,0.2195,0.2162,0.2168,1155388.5,1745132399999,251652.19525,1512,707543.0,154042.68463,0,0.37
2025-04-20 07:00:00,0.2167,0.2168,0.2134,0.2142,808924.8,1745135999999,173873.42562,1248,438342.3,94221.92164,0,0.37
2025-04-20 08:00:00,0.2141,0.2148,0.212,0.214,397606.6,1745139599999,84744.97792,632,154698.7,33032.10864,0,0.37
2025-04-20 09:00:00,0.2138,0.2145,0.2114,0.2118,337519.7,1745143199999,71907.9329,628,135835.7,28957.58239,0,0.37
2025-04-20 10:00:00,0.2118,0.213,0.2086,0.2095,432480.5,1745146799999,91182.98841,1074,162094.2,34176.13685,0,0.37
2025-04-20 11:00:00,0.2094,0.2099,0.2083,0.2093,468275.5,1745150399999,97938.49219,776,185914.1,38896.08317,0,0.37
2025-04-20 12:00:00,0.2093,0.2104,0.2092,0.2093,123929.5,1745153999999,26010.05839,341,63785.0,13390.48016,0,0.37
2025-04-20 13:00:00,0.2093,0.2102,0.2084,0.2099,284424.2,1745157599999,59502.74306,499,139119.2,29131.37012,0,0.37
2025-04-20 14:00:00,0.2099,0.2112,0.2093,0.211,112482.0,1745161199999,23660.3453,332,59796.7,12582.19655,0,0.37
2025-04-20 15:00:00,0.2109,0.2109,0.2083,0.2088,96397.6,1745164799999,20153.1186,189,67799.1,14148.9024,0,0.37
2025-04-20 16:00:00,0.2089,0.211,0.2089,0.2109,637830.4,1745168399999,133905.50891,897,497629.6,104456.62281,0,0.37
2025-04-20 17:00:00,0.2109,0.2113,0.2097,0.2102,239004.8,1745171999999,50352.12342,466,156689.8,33015.53173,0,0.37
2025-04-20 18:00:00,0.2101,0.2105,0.2096,0.2105,62640.2,1745175599999,13165.973,180,37908.8,7968.30342,0,0.37
2025-04-20 19:00:00,0.2105,0.2112,0.2102,0.2112,66786.5,1745179199999,14064.33304,153,22299.4,4700.296,0,0.37
2025-04-20 20:00:00,0.2112,0.2123,0.2104,0.2109,230297.5,1745182799999,48649.55342,523,127096.6,26860.18611,0,0.37
2025-04-20 21:00:00,0.2109,0.2114,0.21,0.2108,183235.0,1745186399999,38603.01324,465,80515.3,16952.77574,0,0.37
2025-04-20 22:00:00,0.2109,0.2109,0.2091,0.2099,39833.8,1745189999999,8347.74873,109,23981.5,5025.53471,0,0.37
2025-04-20 23:00:00,0.2099,0.21,0.2084,0.2099,200899.3,1745193599999,42052.85145,386,82518.6,17268.67276,0,0.37
2025-04-21 00:00:00,0.21,0.2138,0.209,0.2119,202346.9,1745197199999,42775.49153,456,115326.1,24347.36847,0,0.39
2025-04-21 01:00:00,0.212,0.2126,0.211,0.2124,106119.6,1745200799999,22467.28961,219,60023.4,12709.58333,0,0.39
2025-04-21 02:00:00,0.2126,0.2132,0.2109,0.2117,138766.5,1745204399999,29418.7566,306,78660.4,16695.69464,0,0.39
2025-04-21 03:00:00,0.2116,0.2122,0.2102,0.2108,115632.1,1745207999999,24413.46531,262,45282.6,9563.58206,0,0.39
2025-04-21 04:00:00,0.2108,0.2111,0.2098,0.2103,126036.7,1745211599999,26538.64482,249,74658.6,15720.30166,0,0.39
2025-04-21 05:00:00,0.2105,0.2114,0.2093,0.2113,229225.1,1745215199999,48192.2058,425,112359.1,23625.55725,0,0.39
2025-04-21 06:00:00,0.2113,0.213,0.2111,0.2114,366814.4,1745218799999,77709.16872,741,243945.5,51658.06348,0,0.39
2025-04-21 07:00:00,0.2115,0.2127,0.2111,0.2127,168594.3,1745222399999,35723.75654,451,100052.5,21182.95942,0,0.39
2025-04-21 08:00:00,0.2127,0.213,0.2116,0.2117,561419.6,1745225999999,119083.10523,967,126845.3,26906.58707,0,0.39
2025-04-21 09:00:00,0.2117,0.212,0.21,0.212,812507.2,1745229599999,171265.26372,1119,480344.3,101260.20824,0,0.39
2025-04-21 10:00:00,0.212,0.2127,0.2098,0.2117,932020.5,1745233199999,196956.58578,1354,395162.3,83604.46416,0,0.39
2025-04-21 11:00:00,0.2116,0.212,0.2077,0.2077,671437.2,1745236799999,140976.57434,927,171255.9,35884.01796,0,0.39
2025-04-21 12:00:00,0.2078,0.2107,0.2078,0.2098,472231.0,1745240399999,99112.53278,649,254087.7,53289.62251,0,0.39
2025-04-21 13:00:00,0.2098,0.2114,0.2097,0.2102,498927.1,1745243999999,105105.13086,833,312297.2,65807.8164,0,0.39
2025-04-21 14:00:00,0.2101,0.2124,0.2095,0.2119,286503.6,1745247599999,60577.9449,707,129698.5,27422.44198,0,0.39
2025-04-21 15:00:00,0.2118,0.2119,0.2097,0.2104,156758.4,1745251199999,33084.28796,356,64203.7,13561.72696,0,0.39
2025-04-21 16:00:00,0.2106,0.2113,0.2083,0.2085,206253.0,1745254799999,43401.85271,334,124485.9,26204.90828,0,0.39
2025-04-21 17:00:00,0.2085,0.2085,0.2049,0.2075,376915.5,1745258399999,77863.5155,1084,175780.2,36301.07032,0,0.39
2025-04-21 18:00:00,0.2075,0.2097,0.2071,0.2094,308182.2,1745261999999,64252.21201,515,149274.1,31114.47051,0,0.39
2025-04-21 19:00:00,0.2093,0.2108,0.209,0.21,203300.5,1745265599999,42712.92028,310,64497.9,13554.23696,0,0.39
2025-04-21 20:00:00,0.21,0.2106,0.2096,0.2097,195272.8,1745269199999,40986.5627,259,55010.7,11553.50738,0,0.39
2025-04-21 21:00:00,0.2098,0.2098,0.2071,0.2073,434623.2,1745272799999,90517.52452,677,44223.1,9230.19581,0,0.39
2025-04-21 22:00:00,0.2073,0.2073,0.2047,0.2066,951209.9,1745276399999,195757.09491,1333,321128.2,66059.41132,0,0.39
2025-04-21 23:00:00,0.2063,0.2067,0.2053,0.2063,117853.9,1745279999999,24297.53275,400,66461.9,13705.25958,0,0.39
2025-04-22 00:00:00,0.2063,0.2092,0.2011,0.2032,1374782.3,1745283599999,280854.83366,2884,730196.8,149113.13132,0,0.47
2025-04-22 01:00:00,0.2033,0.2064,0.2029,0.2048,199156.0,1745287199999,40799.48525,464,68746.8,14076.98338,0,0.47
2025-04-22 02:00:00,0.2048,0.2055,0.2027,0.2034,367260.2,1745290799999,74783.32036,340,90147.4,18380.11234,0,0.47
2025-04-22 03:00:00,0.2034,0.2035,0.2019,0.2032,358400.0,1745294399999,72602.74061,409,125119.6,25385.17956,0,0.47
2025-04-22 04:00:00,0.203,0.203,0.2012,0.2012,176121.4,1745297999999,35628.96425,309,69559.0,14052.81354,0,0.47
2025-04-22 05:00:00,0.2013,0.2015,0.1994,0.1997,492178.9,1745301599999,98536.18295,736,151973.5,30435.05643,0,0.47
2025-04-22 06:00:00,0.1998,0.2003,0.198,0.1999,662166.2,1745305199999,131656.26214,602,321162.0,63858.02494,0,0.47
2025-04-22 07:00:00,0.1998,0.2028,0.1998,0.2028,726185.0,1745308799999,146393.67508,582,142188.1,28608.2621,0,0.47
2025-04-22 08:00:00,0.2029,0.2029,0.1997,0.2005,672305.3,1745312399999,135247.71644,529,213854.6,43015.94949,0,0.47
2025-04-22 09:00:00,0.2007,0.201,0.1992,0.1994,274495.8,1745315999999,55027.71565,371,134975.7,27066.95444,0,0.47
2025-04-22 10:00:00,0.1994,0.2041,0.1994,0.2018,1305561.2,1745319599999,263681.57738,2421,709321.3,142983.22236,0,0.47
2025-04-22 11:00:00,0.2017,0.2036,0.2014,0.2035,548359.0,1745323199999,111154.8377,996,316050.1,64052.82051,0,0.47
2025-04-22 12:00:00,0.2035,0.2042,0.2032,0.2036,151356.4,1745326799999,30838.26919,350,76719.8,15632.47171,0,0.47
2025-04-22 13:00:00,0.2036,0.2079,0.2036,0.2069,458750.6,1745330399999,94441.5875,737,223938.9,46067.44567,0,0.47
2025-04-22 14:00:00,0.207,0.2111,0.2063,0.21,447030.5,1745333999999,93370.83669,703,284208.4,59426.11213,0,0.47
2025-04-22 15:00:00,0.2099,0.2123,0.2085,0.21,600214.7,1745337599999,126542.25383,798,210098.8,44302.58571,0,0.47
2025-04-22 16:00:00,0.2101,0.2104,0.2083,0.209,203372.6,1745341199999,42516.5751,346,108200.3,22614.6246,0,0.47
2025-04-22 17:00:00,0.2092,0.2098,0.2078,0.2091,352512.9,1745344799999,73599.05714,562,146058.1,30498.22403,0,0.47
2025-04-22 18:00:00,0.2091,0.2103,0.2084,0.2099,278229.0,1745348399999,58200.25273,468,84179.6,17639.06649,0,0.47
2025-04-22 19:00:00,0.2099,0.21,0.208,0.2093,133542.3,1745351999999,27940.368,200,87051.0,18208.68556,0,0.47
2025-04-22 20:00:00,0.2095,0.2097,0.2088,0.2093,135591.4,1745355599999,28385.34041,236,88295.2,18486.63505,0,0.47
2025-04-22 21:00:00,0.2093,0.214,0.2087,0.2135,291534.1,1745359199999,61406.29452,509,191191.9,40141.97688,0,0.47
2025-04-22 22:00:00,0.2136,0.2142,0.2126,0.214,276202.7,1745362799999,58926.41387,547,148647.6,31712.25673,0,0.47
2025-04-22 23:00:00,0.2141,0.2169,0.2137,0.2154,612577.4,1745366399999,131983.81939,1096,351606.3,75799.43288,0,0.47
2025-04-23 00:00:00,0.2153,0.216,0.2127,0.2134,598494.2,1745369999999,128241.4481,1418,199472.9,42799.69784,0,0.72
2025-04-23 01:00:00,0.2134,0.2156,0.2134,0.2139,289869.7,1745373599999,62157.45852,648,144407.2,30964.91774,0,0.72
2025-04-23 02:00:00,0.2139,0.2168,0.2139,0.2166,247433.3,1745377199999,53314.29455,431,120231.8,25893.66266,0,0.72
2025-04-23 03:00:00,0.2165,0.2174,0.215,0.2173,145979.9,1745380799999,31582.75854,384,60535.0,13095.60127,0,0.72
2025-04-23 04:00:00,0.2173,0.2183,0.2155,0.2183,221492.2,1745384399999,48017.86797,542,117358.2,25455.6279,0,0.72
2025-04-23 05:00:00,0.2183,0.2183,0.2165,0.217,454355.2,1745387999999,98767.39121,621,202991.4,44090.88408,0,0.72
2025-04-23 06:00:00,0.2171,0.2178,0.2165,0.2173,313826.2,1745391599999,68126.35375,585,102772.2,22316.16736,0,0.72
2025-04-23 07:00:00,0.2172,0.2173,0.214,0.2154,959926.9,1745395199999,206515.23493,926,189118.1,40648.71403,0,0.72
2025-04-23 08:00:00,0.2151,0.2167,0.2143,0.2155,838188.0,1745398799999,180570.72101,1076,370744.2,79905.16514,0,0.72
2025-04-23 09:00:00,0.2154,0.2157,0.2139,0.214,435762.8,1745402399999,93463.3207,819,232638.3,49885.36418,0,0.72
2025-04-23 10:00:00,0.214,0.2141,0.2112,0.2123,982505.8,1745405999999,208469.93139,1441,571041.6,121156.55835,0,0.72
2025-04-23 11:00:00,0.2123,0.2123,0.2104,0.2109,299419.8,1745409599999,63321.22587,909,154142.3,32609.65386,0,0.72
2025-04-23 12:00:00,0.2109,0.2124,0.2105,0.2123,431716.1,1745413199999,91390.285,620,180922.9,38293.41473,0,0.72
2025-04-23 13:00:00,0.2123,0.2135,0.2079,0.2087,851251.8,1745416799999,179737.76933,2061,410721.7,86879.14629,0,0.72
2025-04-23 14:00:00,0.2089,0.2118,0.2088,0.2109,417115.5,1745420399999,87795.72133,903,245463.9,51645.55729,0,0.72
2025-04-23 15:00:00,0.2107,0.2113,0.2065,0.2105,630071.0,1745423999999,131495.71528,1112,361835.8,75532.20107,0,0.72
2025-04-23 16:00:00,0.2105,0.2106,0.2077,0.2101,347330.3,1745427599999,72741.77314,619,161971.2,33923.46356,0,0.72
2025-04-23 17:00:00,0.2099,0.2111,0.209,0.2101,412287.8,1745431199999,86568.24361,496,290446.3,60990.66784,0,0.72
2025-04-23 18:00:00,0.2102,0.2121,0.2099,0.2105,424638.8,1745434799999,89676.95147,829,234035.3,49455.9781,0,0.72
2025-04-23 19:00:00,0.2104,0.2105,0.2076,0.2091,343821.5,1745438399999,72026.75705,493,108585.6,22725.08493,0,0.72
2025-04-23 20:00:00,0.2091,0.2102,0.2085,0.2097,201148.4,1745441999999,42149.80809,304,113052.5,23689.91966,0,0.72
2025-04-23 21:00:00,0.2093,0.2101,0.2084,0.2093,195036.3,1745445599999,40775.77802,375,97663.2,20413.42151,0,0.72
2025-04-23 22:00:00,0.2095,0.2115,0.209,0.2115,165191.6,1745449199999,34784.88547,293,110354.1,23249.92244,0,0.72
2025-04-23 23:00:00,0.2116,0.2121,0.2106,0.2111,139051.3,1745452799999,29383.16665,315,44009.6,9300.06768,0,0.72
2025-04-24 00:00:00,0.2111,0.2126,0.2089,0.2097,333683.3,1745456399999,70513.39338,789,225189.6,47643.56876,0,0.63
2025-04-24 01:00:00,0.2098,0.2105,0.2088,0.2097,158215.3,1745459999999,33178.35441,280,80897.1,16972.72084,0,0.63
2025-04-24 02:00:00,0.2095,0.2105,0.2075,0.2083,126199.0,1745463599999,26354.55126,257,54190.8,11324.96148,0,0.63
2025-04-24 03:00:00,0.2083,0.2098,0.2066,0.2069,369956.6,1745467199999,76835.90051,852,248772.5,51643.52026,0,0.63
2025-04-24 04:00:00,0.207,0.209,0.2069,0.2084,264380.9,1745470799999,54974.3611,735,137696.1,28638.06119,0,0.63
2025-04-24 05:00:00,0.2086,0.2096,0.2082,0.2085,563214.5,1745474399999,117574.73481,664,392075.5,81843.42855,0,0.63
2025-04-24 06:00:00,0.2086,0.2094,0.2068,0.2069,815191.2,1745477999999,169737.58434,1365,494521.2,103010.29222,0,0.63
2025-04-24 07:00:00,0.2069,0.2084,0.2044,0.2047,260386.6,1745481599999,53760.88328,476,100976.4,20865.12868,0,0.63
2025-04-24 08:00:00,0.2047,0.2058,0.2016,0.2028,463398.0,1745485199999,94212.48582,832,202314.3,41130.72172,0,0.63
2025-04-24 09:00:00,0.2027,0.2042,0.2026,0.2039,292886.6,1745488799999,59585.77018,683,134301.1,27319.35177,0,0.63
2025-04-24 10:00:00,0.204,0.2051,0.2031,0.2047,137169.1,1745492399999,27991.00724,448,71843.1,14654.25583,0,0.63
2025-04-24 11:00:00,0.2046,0.2046,0.2031,0.2044,184038.0,1745495999999,37513.51835,467,105655.3,21531.32587,0,0.63
2025-04-24 12:00:00,0.2043,0.2047,0.2033,0.2043,171624.5,1745499599999,34988.21701,278,116782.6,23804.12671,0,0.63
2025-04-24 13:00:00,0.2043,0.2063,0.2036,0.205,390794.9,1745503199999,80096.92311,733,223365.6,45735.89915,0,0.63
2025-04-24 14:00:00,0.2052,0.208,0.205,0.207,387367.4,1745506799999,80002.1856,710,229013.0,47304.36389,0,0.63
2025-04-24 15:00:00,0.2069,0.209,0.2066,0.2071,426985.5,1745510399999,88691.73247,641,216324.6,44928.79919,0,0.63
2025-04-24 16:00:00,0.2073,0.2082,0.2067,0.2078,214408.1,1745513999999,44498.10222,325,127174.9,26392.60322,0,0.63
2025-04-24 17:00:00,0.2078,0.2085,0.2037,0.2054,399641.7,1745517599999,82083.25607,852,159831.4,32838.60096,0,0.63
2025-04-24 18:00:00,0.2056,0.2067,0.2056,0.2061,121948.2,1745521199999,25117.78372,349,68558.6,14123.17092,0,0.63
2025-04-24 19:00:00,0.206,0.2079,0.2051,0.2071,187804.4,1745524799999,38825.45989,232,99690.6,20626.96546,0,0.63
2025-04-24 20:00:00,0.2071,0.2077,0.2069,0.2073,139134.8,1745528399999,28853.13379,253,43982.9,9122.95407,0,0.63
2025-04-24 21:00:00,0.2074,0.2081,0.2056,0.2081,126034.4,1745531999999,26072.18798,158,37040.0,7679.01879,0,0.63
2025-04-24 22:00:00,0.2081,0.2081,0.2071,0.2075,86393.2,1745535599999,17918.71724,176,34357.6,7128.81728,0,0.63
2025-04-24 23:00:00,0.2074,0.2093,0.2073,0.2084,151503.2,1745539199999,31599.79986,299,81044.4,16907.61261,0,0.63
2025-04-25 00:00:00,0.2084,0.2099,0.2074,0.2086,247230.2,1745542799999,51607.21737,461,97028.1,20245.08867,0,0.6
2025-04-25 01:00:00,0.2084,0.2097,0.207,0.207,162574.1,1745546399999,33814.09223,260,88197.4,18348.79481,0,0.6
2025-04-25 02:00:00,0.207,0.2075,0.2033,0.2036,282346.0,1745549999999,57846.26732,580,119081.4,24397.53945,0,0.6
2025-04-25 03:00:00,0.2038,0.2079,0.2035,0.2076,344759.6,1745553599999,70900.38955,456,244878.7,50391.37839,0,0.6
2025-04-25 04:00:00,0.2074,0.2092,0.2074,0.209,310080.4,1745557199999,64589.63499,512,162447.6,33851.5529,0,0.6
2025-04-25 05:00:00,0.2089,0.2107,0.2086,0.2104,153818.3,1745560799999,32279.46289,254,93477.1,19616.01797,0,0.6
2025-04-25 06:00:00,0.2104,0.2125,0.2099,0.2116,578888.6,1745564399999,122382.81568,863,353172.4,74673.38269,0,0.6
2025-04-25 07:00:00,0.2116,0.2124,0.2102,0.2117,603895.5,1745567999999,127705.59284,597,313983.8,66397.45601,0,0.6
2025-04-25 08:00:00,0.2118,0.219,0.2095,0.2144,1691804.8,1745571599999,361688.67693,2905,965257.9,206489.49899,0,0.6
2025-04-25 09:00:00,0.2143,0.217,0.2129,0.2147,934436.1,1745575199999,201074.31279,1658,487304.0,104806.87297,0,0.6
2025-04-25 10:00:00,0.2147,0.2155,0.2129,0.213,735017.6,1745578799999,157382.88077,1131,348932.5,74738.84468,0,0.6
2025-04-25 11:00:00,0.2131,0.2166,0.2131,0.2158,570961.6,1745582399999,123042.63012,575,337404.4,72663.1645,0,0.6
2025-04-25 12:00:00,0.2157,0.2174,0.2136,0.2138,629359.2,1745585999999,135790.31987,706,308893.8,66589.07089,0,0.6
2025-04-25 13:00:00,0.2139,0.215,0.2122,0.2145,676509.3,1745589599999,144735.36496,989,408763.0,87480.23285,0,0.6
2025-04-25 14:00:00,0.2144,0.2172,0.2141,0.2165,224831.4,1745593199999,48469.65307,502,128030.4,27605.20969,0,0.6
2025-04-25 15:00:00,0.2167,0.2169,0.2141,0.2153,334679.0,1745596799999,72120.16633,572,162473.2,34988.77326,0,0.6
2025-04-25 16:00:00,0.2153,0.2162,0.2134,0.2157,202504.3,1745600399999,43567.98934,273,100398.0,21596.75368,0,0.6
2025-04-25 17:00:00,0.2158,0.2165,0.2129,0.2131,375192.5,1745603999999,80564.98018,571,169334.8,36379.45403,0,0.6
2025-04-25 18:00:00,0.2131,0.2159,0.2131,0.2143,243186.1,1745607599999,52137.28333,373,154236.1,33054.81471,0,0.6
2025-04-25 19:00:00,0.2146,0.2148,0.2131,0.2142,123250.2,1745611199999,26361.82583,365,49652.1,10623.92824,0,0.6
2025-04-25 20:00:00,0.2145,0.2149,0.2136,0.2146,106631.6,1745614799999,22846.81253,260,66676.5,14286.15791,0,0.6
2025-04-25 21:00:00,0.2145,0.2156,0.2139,0.214,202734.0,1745618399999,43537.03888,574,109878.4,23608.242,0,0.6
2025-04-25 22:00:00,0.2141,0.2168,0.2141,0.2166,99924.0,1745621999999,21539.30152,230,49442.3,10674.09904,0,0.6
2025-04-25 23:00:00,0.2167,0.2168,0.2156,0.2158,91376.6,1745625599999,19739.2963,190,16876.2,3649.40106,0,0.6
2025-04-26 00:00:00,0.2158,0.218,0.2152,0.2178,390020.0,1745629199999,84613.37901,796,276290.0,60038.36273,0,0.65
2025-04-26 01:00:00,0.2177,0.221,0.2168,0.2207,298783.9,1745632799999,65555.16844,715,191383.2,42036.71994,0,0.65
2025-04-26 02:00:00,0.2205,0.2205,0.2163,0.2183,800886.8,1745636399999,174760.84357,1426,247952.6,54027.01343,0,0.65
2025-04-26 03:00:00,0.2182,0.2188,0.2169,0.2174,117843.6,1745639999999,25655.82018,444,46553.9,10134.52536,0,0.65
2025-04-26 04:00:00,0.2173,0.218,0.2152,0.2155,220056.8,1745643599999,47625.09263,431,126613.3,27409.67826,0,0.65
2025-04-26 05:00:00,0.2154,0.2162,0.2143,0.2159,196180.8,1745647199999,42241.66792,438,78515.7,16902.87381,0,0.65
2025-04-26 06:00:00,0.2155,0.2172,0.2149,0.217,95572.7,1745650799999,20630.42978,386,35947.4,7765.40362,0,0.65
2025-04-26 07:00:00,0.217,0.2179,0.2159,0.2159,120291.3,1745654399999,26106.58967,237,47583.9,10335.55799,0,0.65
2025-04-26 08:00:00,0.2159,0.2177,0.2133,0.2135,445350.5,1745657999999,95697.81313,720,122843.7,26452.69487,0,0.65
2025-04-26 09:00:00,0.2135,0.2147,0.2103,0.2126,588452.7,1745661599999,124996.33339,977,119353.0,25380.89919,0,0.65
2025-04-26 10:00:00,0.2127,0.214,0.2121,0.2137,175689.0,1745665199999,37453.91013,418,92536.9,19723.63917,0,0.65
2025-04-26 11:00:00,0.2134,0.2136,0.2096,0.2101,298637.8,1745668799999,63100.66376,779,119313.1,25233.10813,0,0.65
2025-04-26 12:00:00,0.2102,0.2116,0.2102,0.2111,175559.6,1745672399999,37016.07932,310,94986.9,20020.69861,0,0.65
2025-04-26 13:00:00,0.211,0.2115,0.2091,0.2109,167087.5,1745675999999,35137.19916,419,57817.1,12157.71516,0,0.65
2025-04-26 14:00:00,0.2108,0.213,0.2098,0.2119,215822.1,1745679599999,45682.78845,352,165106.9,34961.29861,0,0.65
2025-04-26 15:00:00,0.212,0.2133,0.212,0.2126,110392.5,1745683199999,23470.94879,285,43650.7,9282.80626,0,0.65
2025-04-26 16:00:00,0.2126,0.2138,0.2115,0.2118,278036.3,1745686799999,59149.59956,654,151728.4,32310.56916,0,0.65
2025-04-26 17:00:00,0.212,0.2129,0.2114,0.2123,171668.0,1745690399999,36422.45951,411,68126.1,14458.81699,0,0.65
2025-04-26 18:00:00,0.2123,0.2126,0.2113,0.2117,99842.3,1745693999999,21182.20198,275,39072.5,8284.80778,0,0.65
2025-04-26 19:00:00,0.2118,0.2122,0.2111,0.2119,159655.5,1745697599999,33801.32659,392,101520.0,21494.3964,0,0.65
2025-04-26 20:00:00,0.212,0.2123,0.2111,0.2113,198911.3,1745701199999,42088.28378,356,123662.2,26163.12984,0,0.65
2025-04-26 21:00:00,0.2113,0.2126,0.2112,0.2124,71083.9,1745704799999,15069.49517,237,26086.9,5527.04174,0,0.65
2025-04-26 22:00:00,0.2123,0.2141,0.2123,0.2136,127474.4,1745708399999,27198.87549,335,62616.4,13369.35462,0,0.65
2025-04-26 23:00:00,0.2136,0.2144,0.2132,0.2141,93275.8,1745711999999,19941.47212,284,37601.2,8036.10333,0,0.65
2025-04-27 00:00:00,0.214,0.2168,0.213,0.2165,303476.8,1745715599999,65353.99929,650,173041.9,37282.59781,0,0.61
2025-04-27 01:00:00,0.2165,0.2165,0.2076,0.2078,700953.0,1745719199999,148663.42719,1630,315301.4,66870.70824,0,0.61
2025-04-27 02:00:00,0.2077,0.2098,0.2077,0.2096,113804.7,1745722799999,23794.91388,258,74149.2,15502.89228,0,0.61
2025-04-27 03:00:00,0.2096,0.2102,0.2088,0.2091,83768.7,1745726399999,17551.65398,259,52412.3,10980.2973,0,0.61
2025-04-27 04:00:00,0.2091,0.2097,0.2067,0.207,152723.7,1745729999999,31780.79097,385,47238.2,9838.80251,0,0.61
2025-04-27 05:00:00,0.2068,0.2082,0.2052,0.2063,176832.3,1745733599999,36498.58813,487,90789.7,18749.79944,0,0.61
2025-04-27 06:00:00,0.2061,0.2073,0.2057,0.2058,622760.9,1745737199999,128553.09441,786,465185.5,96022.15965,0,0.61
2025-04-27 07:00:00,0.2058,0.2072,0.2058,0.2072,197244.9,1745740799999,40727.84942,406,139829.6,28863.57507,0,0.61
2025-04-27 08:00:00,0.2068,0.2092,0.2061,0.2076,499932.3,1745744399999,104101.32694,841,263550.6,54933.76147,0,0.61
2025-04-27 09:00:00,0.2077,0.2084,0.2067,0.2079,117611.7,1745747999999,24407.52438,272,79345.8,16470.73646,0,0.61
2025-04-27 10:00:00,0.2078,0.2079,0.207,0.2078,165069.2,1745751599999,34240.84481,564,92696.8,19231.15491,0,0.61
2025-04-27 11:00:00,0.2078,0.2094,0.2074,0.2075,263157.1,1745755199999,54872.65384,679,129122.3,26920.20058,0,0.61
2025-04-27 12:00:00,0.2074,0.208,0.205,0.2052,272705.6,1745758799999,56313.19037,712,145180.5,29958.4633,0,0.61
2025-04-27 13:00:00,0.2053,0.2058,0.2021,0.2054,319477.1,1745762399999,65182.30626,816,177953.7,36341.94071,0,0.61
2025-04-27 14:00:00,0.2051,0.2059,0.2047,0.2047,104646.0,1745765999999,21459.57015,230,38376.4,7870.14571,0,0.61
2025-04-27 15:00:00,0.2046,0.2051,0.2037,0.2044,330017.6,1745769599999,67545.91947,342,274927.0,56282.6207,0,0.61
2025-04-27 16:00:00,0.2044,0.2044,0.2028,0.2032,153738.4,1745773199999,31283.60151,535,63841.8,12984.11339,0,0.61
2025-04-27 17:00:00,0.2032,0.2046,0.2026,0.2043,113373.9,1745776799999,23102.50988,281,50435.7,10281.01873,0,0.61
2025-04-27 18:00:00,0.2044,0.2058,0.2041,0.2047,137104.8,1745780399999,28098.2697,319,36514.4,7487.43582,0,0.61
2025-04-27 19:00:00,0.2046,0.2046,0.2033,0.2044,96063.0,1745783999999,19586.7994,183,27015.5,5507.48844,0,0.61
2025-04-27 20:00:00,0.2046,0.2046,0.2036,0.2037,112329.5,1745787599999,22947.34895,248,16922.5,3455.8644,0,0.61
2025-04-27 21:00:00,0.2032,0.2057,0.203,0.2048,182792.1,1745791199999,37280.68405,702,92862.6,18967.00886,0,0.61
2025-04-27 22:00:00,0.2047,0.2047,0.203,0.2037,217258.8,1745794799999,44242.0089,381,54800.8,11163.90028,0,0.61
2025-04-27 23:00:00,0.2036,0.2038,0.2028,0.2035,153363.4,1745798399999,31184.53732,273,21500.2,4370.526,0,0.61
2025-04-28 00:00:00,0.2037,0.2115,0.2,0.2064,7999115.7,1745801999999,1667493.8558,19819,5560611.7,1159374.96352,0,0.54
2025-04-28 01:00:00,0.2064,0.2067,0.1957,0.1974,1414678.8,1745805599999,282921.00093,3511,640836.2,127724.35393,0,0.54
2025-04-28 02:00:00,0.1974,0.2009,0.1958,0.2008,337797.0,1745809199999,67024.33789,691,163278.9,32489.85123,0,0.54
2025-04-28 03:00:00,0.2009,0.2036,0.1997,0.2026,221651.0,1745812799999,44760.24204,394,137074.7,27681.97201,0,0.54
2025-04-28 04:00:00,0.2028,0.2031,0.2017,0.2023,268650.1,1745816399999,54389.48254,429,156932.6,31772.23916,0,0.54
2025-04-28 05:00:00,0.2023,0.2027,0.2014,0.2023,255627.9,1745819999999,51667.04499,385,131937.5,26668.68246,0,0.54
2025-04-28 06:00:00,0.2024,0.2055,0.202,0.2052,235670.5,1745823599999,48055.64977,432,136814.7,27904.9236,0,0.54
2025-04-28 07:00:00,0.2053,0.2072,0.2046,0.2059,645647.2,1745827199999,133122.01816,832,325026.0,67033.33189,0,0.54
2025-04-28 08:00:00,0.2059,0.2075,0.2059,0.2062,423447.4,1745830799999,87458.99134,623,253603.6,52352.92137,0,0.54
2025-04-28 09:00:00,0.2064,0.207,0.2057,0.2058,381289.9,1745834399999,78709.67703,640,132429.9,27350.49073,0,0.54
2025-04-28 10:00:00,0.206,0.2078,0.2037,0.2068,476616.5,1745837999999,98382.51811,690,240630.8,49679.35013,0,0.54
2025-04-28 11:00:00,0.2068,0.2076,0.2061,0.2068,164004.1,1745841599999,33944.48946,272,95472.3,19756.04495,0,0.54
2025-04-28 12:00:00,0.2069,0.2103,0.2052,0.2086,617520.4,1745845199999,128852.14259,1006,314191.1,65608.96481,0,0.54
2025-04-28 13:00:00,0.2084,0.21,0.2054,0.2054,471118.9,1745848799999,98198.82855,645,187107.8,39076.404,0,0.54
2025-04-28 14:00:00,0.2054,0.2084,0.2049,0.2068,282027.4,1745852399999,58382.9105,587,151290.1,31301.39509,0,0.54
2025-04-28 15:00:00,0.2067,0.207,0.203,0.2042,318254.3,1745855999999,65164.53156,604,121208.6,24805.51918,0,0.54
2025-04-28 16:00:00,0.2044,0.2064,0.2033,0.2057,203268.1,1745859599999,41617.42317,379,101573.7,20806.51715,0,0.54
2025-04-28 17:00:00,0.2055,0.2087,0.2055,0.2086,158403.2,1745863199999,32778.35477,333,101595.9,21012.99152,0,0.54
2025-04-28 18:00:00,0.2087,0.2094,0.2077,0.2093,169310.6,1745866799999,35344.45348,404,89369.4,18652.74734,0,0.54
2025-04-28 19:00:00,0.2093,0.2128,0.2092,0.2116,842702.9,1745870399999,178096.33069,1214,424425.7,89681.41498,0,0.54
2025-04-28 20:00:00,0.2115,0.2121,0.2101,0.2107,236346.0,1745873999999,49875.06499,618,125265.7,26438.9429,0,0.54
2025-04-28 21:00:00,0.2107,0.2109,0.2093,0.2107,277377.1,1745877599999,58247.61205,585,72853.6,15306.38271,0,0.54
2025-04-28 22:00:00,0.2108,0.2114,0.2099,0.2106,84235.7,1745881199999,17728.40891,269,24188.2,5092.38451,0,0.54
2025-04-28 23:00:00,0.2107,0.2107,0.2092,0.21,91677.3,1745884799999,19246.46078,288,39830.0,8363.40129,0,0.54
2025-04-29 00:00:00,0.2101,0.212,0.209,0.2109,227792.0,1745888399999,47903.64033,548,96645.1,20330.69383,0,0.6
2025-04-29 01:00:00,0.2109,0.2124,0.2106,0.2108,192746.4,1745891999999,40776.82598,424,77059.7,16288.96946,0,0.6
2025-04-29 02:00:00,0.2108,0.2114,0.2091,0.2098,487500.2,1745895599999,102464.24262,1469,138941.7,29205.74204,0,0.6
2025-04-29 03:00:00,0.2101,0.2147,0.2093,0.2136,661653.2,1745899199999,140157.82874,932,500292.3,105946.51345,0,0.6
2025-04-29 04:00:00,0.2136,0.2143,0.211,0.2117,298467.0,1745902799999,63609.84071,872,142227.6,30331.59483,0,0.6
2025-04-29 05:00:00,0.2117,0.2141,0.211,0.2122,266659.2,1745906399999,56742.20315,713,142691.7,30361.2716,0,0.6
2025-04-29 06:00:00,0.2122,0.2148,0.2122,0.2132,257119.7,1745909999999,54954.22989,921,123582.7,26418.41809,0,0.6
2025-04-29 07:00:00,0.2131,0.2136,0.2123,0.2132,160482.4,1745913599999,34173.92254,421,88809.1,18909.38452,0,0.6
2025-04-29 08:00:00,0.2133,0.2149,0.2126,0.2131,287709.1,1745917199999,61497.16507,708,163262.3,34905.1891,0,0.6
2025-04-29 09:00:00,0.2132,0.2132,0.2101,0.2109,578530.8,1745920799999,121847.4103,740,337374.4,70980.05517,0,0.6
2025-04-29 10:00:00,0.2109,0.211,0.2057,0.2073,316089.5,1745924399999,65784.8167,720,102710.1,21331.01932,0,0.6
2025-04-29 11:00:00,0.207,0.2086,0.207,0.208,264600.1,1745927999999,54942.87487,480,154379.9,32052.39708,0,0.6
2025-04-29 12:00:00,0.2078,0.2081,0.2056,0.206,263489.8,1745931599999,54427.63107,498,177527.5,36666.96834,0,0.6
2025-04-29 13:00:00,0.2058,0.2078,0.205,0.2077,367647.0,1745935199999,75834.23567,621,229570.0,47405.54022,0,0.6
2025-04-29 14:00:00,0.2075,0.2108,0.2071,0.2098,469461.5,1745938799999,98319.82896,1111,283718.2,59387.30758,0,0.6
2025-04-29 15:00:00,0.2099,0.2099,0.2082,0.2086,146293.1,1745942399999,30568.868,384,76537.4,15987.69248,0,0.6
2025-04-29 16:00:00,0.2087,0.2106,0.2083,0.2096,233666.8,1745945999999,48994.68474,501,125639.8,26336.80748,0,0.6
2025-04-29 17:00:00,0.2095,0.2103,0.2084,0.2095,142611.5,1745949599999,29815.29825,324,65560.1,13704.92719,0,0.6
2025-04-29 18:00:00,0.2093,0.2099,0.2091,0.2091,100035.5,1745953199999,20944.02808,200,41031.6,8593.54795,0,0.6
2025-04-29 19:00:00,0.2092,0.2096,0.2086,0.2088,51724.9,1745956799999,10815.13212,248,18876.2,3947.03698,0,0.6
2025-04-29 20:00:00,0.2089,0.2091,0.2077,0.2081,74186.9,1745960399999,15442.72325,221,32174.4,6697.09036,0,0.6
2025-04-29 21:00:00,0.2082,0.2082,0.2054,0.2072,112513.0,1745963999999,23252.75745,361,47945.1,9898.24933,0,0.6
2025-04-29 22:00:00,0.207,0.207,0.205,0.2054,94947.7,1745967599999,19548.72282,312,30386.2,6257.34986,0,0.6
2025-04-29 23:00:00,0.2053,0.2106,0.2046,0.2096,392048.1,1745971199999,81624.62138,992,210941.3,43959.30259,0,0.6
2025-04-30 00:00:00,0.2095,0.2108,0.2077,0.2086,333068.6,1745974799999,69713.29685,693,134421.8,28152.42536,0,0.56
2025-04-30 01:00:00,0.2088,0.2088,0.2053,0.2068,463743.0,1745978399999,95626.64453,828,141566.4,29231.87171,0,0.56
2025-04-30 02:00:00,0.2067,0.2086,0.2067,0.2078,158956.4,1745981999999,33020.39875,365,90904.2,18881.78471,0,0.56
2025-04-30 03:00:00,0.2078,0.208,0.206,0.2078,303304.2,1745985599999,62877.04148,353,93292.2,19301.3254,0,0.56
2025-04-30 04:00:00,0.2079,0.2088,0.2073,0.2087,335520.9,1745989199999,69714.69105,543,154604.6,32108.6395,0,0.56
2025-04-30 05:00:00,0.2085,0.2088,0.2069,0.207,470182.3,1745992799999,97811.01668,1047,72233.7,15021.87727,0,0.56
2025-04-30 06:00:00,0.2071,0.2074,0.2058,0.2059,297359.7,1745996399999,61458.53126,529,49596.0,10260.32219,0,0.56
2025-04-30 07:00:00,0.2061,0.2066,0.2047,0.2052,176412.1,1745999999999,36296.04613,361,80249.7,16502.39049,0,0.56
2025-04-30 08:00:00,0.2052,0.2056,0.2044,0.2053,105058.5,1746003599999,21543.92186,172,50719.9,10400.03913,0,0.56
2025-04-30 09:00:00,0.2052,0.2077,0.2052,0.2076,104237.1,1746007199999,21568.2635,202,56474.8,11677.01362,0,0.56
2025-04-30 10:00:00,0.2074,0.2078,0.2067,0.2074,212433.7,1746010799999,44000.77531,292,152108.8,31502.6928,0,0.56
2025-04-30 11:00:00,0.2075,0.2088,0.2073,0.2078,202095.5,1746014399999,42046.04699,267,103540.3,21541.70986,0,0.56
2025-04-30 12:00:00,0.2078,0.208,0.2023,0.2038,228151.6,1746017999999,46651.00657,438,107862.9,22064.41302,0,0.56
2025-04-30 13:00:00,0.2037,0.2037,0.1968,0.1973,758658.3,1746021599999,151675.50643,1235,234168.9,46886.97907,0,0.56
2025-04-30 14:00:00,0.1973,0.2018,0.197,0.2,376303.0,1746025199999,74979.93054,811,242575.2,48312.44388,0,0.56
2025-04-30 15:00:00,0.2,0.2022,0.2,0.2009,299846.9,1746028799999,60377.84514,531,222915.2,44885.67295,0,0.56
2025-04-30 16:00:00,0.2007,0.2011,0.1984,0.201,100879.7,1746032399999,20158.09708,326,53175.5,10632.0584,0,0.56
2025-04-30 17:00:00,0.2011,0.2026,0.2001,0.2021,70562.0,1746035999999,14225.68511,203,36022.8,7258.42624,0,0.56
2025-04-30 18:00:00,0.2022,0.2036,0.2017,0.2021,209868.9,1746039599999,42475.61238,329,138132.1,27947.3057,0,0.56
2025-04-30 19:00:00,0.2022,0.2027,0.2006,0.2021,103184.3,1746043199999,20803.27631,235,45223.1,9129.53619,0,0.56
2025-04-30 20:00:00,0.2022,0.2046,0.2021,0.2035,119877.0,1746046799999,24436.97648,230,69832.6,14246.15621,0,0.56
2025-04-30 21:00:00,0.2038,0.2044,0.2026,0.2031,70075.9,1746050399999,14266.7453,216,13157.2,2681.43248,0,0.56
2025-04-30 22:00:00,0.2032,0.2045,0.2028,0.2032,176148.0,1746053999999,35882.69236,386,115204.7,23488.3538,0,0.56
2025-04-30 23:00:00,0.2033,0.2039,0.2027,0.2038,46286.8,1746057599999,9420.71318,122,26424.7,5379.43092,0,0.56
2025-05-01 00:00:00,0.2038,0.2048,0.2032,0.2048,61399.9,1746061199999,12516.2953,162,28871.7,5886.01815,0,0.53
2025-05-01 01:00:00,0.2047,0.2055,0.2041,0.2044,123697.3,1746064799999,25323.62088,267,77510.3,15869.73246,0,0.53
2025-05-01 02:00:00,0.2046,0.205,0.2034,0.2034,82222.1,1746068399999,16797.32068,176,38175.8,7793.67799,0,0.53
2025-05-01 03:00:00,0.2034,0.2046,0.2026,0.2026,98921.1,1746071999999,20128.01891,173,50114.2,10214.69985,0,0.53
2025-05-01 04:00:00,0.2024,0.2036,0.2024,0.2035,61542.3,1746075599999,12492.26452,154,35977.6,7303.8462,0,0.53
2025-05-01 05:00:00,0.2036,0.2053,0.2035,0.2049,265863.0,1746079199999,54347.2078,440,195759.4,40002.68293,0,0.53
2025-05-01 06:00:00,0.2051,0.2052,0.2041,0.2042,85447.0,1746082799999,17487.46068,248,52515.4,10746.32811,0,0.53
2025-05-01 07:00:00,0.2044,0.2054,0.2043,0.205,79351.8,1746086399999,16263.91769,178,45196.3,9264.6507,0,0.53
2025-05-01 08:00:00,0.2048,0.2055,0.2045,0.2055,163663.6,1746089999999,33550.01199,346,83296.8,17085.30185,0,0.53
2025-05-01 09:00:00,0.2056,0.2069,0.2052,0.2066,133161.1,1746093599999,27425.78172,451,57439.1,11837.65018,0,0.53
2025-05-01 10:00:00,0.2064,0.2086,0.2063,0.2083,242135.0,1746097199999,50251.4388,565,135536.1,28129.78729,0,0.53
2025-05-01 11:00:00,0.2083,0.2086,0.2068,0.2071,246830.2,1746100799999,51148.02367,495,77918.5,16163.62084,0,0.53
2025-05-01 12:00:00,0.2072,0.2085,0.2069,0.2082,176084.8,1746104399999,36542.78387,421,118098.7,24510.34324,0,0.53
2025-05-01 13:00:00,0.2081,0.2082,0.2047,0.2049,187436.0,1746107999999,38708.53147,487,66613.3,13762.42117,0,0.53
2025-05-01 14:00:00,0.2048,0.2073,0.2048,0.2073,182663.7,1746111599999,37620.77926,396,127517.3,26265.69094,0,0.53
2025-05-01 15:00:00,0.2072,0.2083,0.2052,0.2053,288934.1,1746115199999,59772.0376,627,102179.9,21191.11497,0,0.53
2025-05-01 16:00:00,0.2053,0.2068,0.2049,0.2051,363579.0,1746118799999,74837.23874,785,203344.1,41844.42739,0,0.53
2025-05-01 17:00:00,0.2052,0.2061,0.2038,0.2047,105596.4,1746122399999,21657.31607,187,66380.9,13615.34005,0,0.53
2025-05-01 18:00:00,0.205,0.2051,0.2026,0.2048,416656.6,1746125999999,84940.14908,861,77903.6,15888.22045,0,0.53
2025-05-01 19:00:00,0.205,0.205,0.204,0.2042,115360.6,1746129599999,23595.00511,429,51378.2,10513.16861,0,0.53
2025-05-01 20:00:00,0.2042,0.2055,0.2035,0.2047,174364.2,1746133199999,35683.18446,557,88213.9,18044.34361,0,0.53
2025-05-01 21:00:00,0.2047,0.2058,0.2046,0.2054,116621.1,1746136799999,23909.05046,451,36890.0,7562.41032,0,0.53
2025-05-01 22:00:00,0.2054,0.2054,0.2042,0.2045,29565.7,1746140399999,6051.84358,133,14252.3,2919.14903,0,0.53
2025-05-01 23:00:00,0.2047,0.2048,0.2028,0.2035,211087.3,1746143999999,42934.90592,404,93122.6,18937.17106,0,0.53
2025-05-02 00:00:00,0.2035,0.2048,0.2023,0.2041,149825.3,1746147599999,30524.50292,469,78239.5,15949.27418,0,0.67
2025-05-02 01:00:00,0.2043,0.2051,0.2034,0.2042,67812.9,1746151199999,13840.16076,279,28041.4,5726.02692,0,0.67
2025-05-02 02:00:00,0.2042,0.2058,0.204,0.2056,126255.8,1746154799999,25902.75865,269,64362.1,13209.41116,0,0.67
2025-05-02 03:00:00,0.2057,0.2062,0.2047,0.205,95675.3,1746158399999,19653.7558,256,31680.6,6505.95162,0,0.67
2025-05-02 04:00:00,0.2051,0.2054,0.2031,0.2036,82259.8,1746161999999,16789.80496,202,34392.7,7016.14449,0,0.67
2025-05-02 05:00:00,0.2035,0.2038,0.2022,0.2028,98626.4,1746165599999,20004.23995,181,37152.3,7540.6134,0,0.67
2025-05-02 06:00:00,0.2027,0.204,0.2024,0.2031,218450.3,1746169199999,44399.28614,551,92579.2,18827.40012,0,0.67
2025-05-02 07:00:00,0.2032,0.2032,0.2013,0.2015,235789.1,1746172799999,47615.99106,328,156283.0,31566.00805,0,0.67
2025-05-02 08:00:00,0.2015,0.2034,0.2015,0.2031,105098.8,1746176399999,21290.51009,232,31651.9,6410.5703,0,0.67
2025-05-02 09:00:00,0.203,0.2035,0.2021,0.2023,167548.1,1746179999999,33943.15252,427,92198.6,18681.8599,0,0.67
2025-05-02 10:00:00,0.2024,0.2029,0.2017,0.2018,145785.7,1746183599999,29510.18941,227,93642.3,18954.82613,0,0.67
2025-05-02 11:00:00,0.2019,0.2026,0.2016,0.2017,106597.9,1746187199999,21554.83587,205,40097.7,8109.09031,0,0.67
2025-05-02 12:00:00,0.2016,0.2031,0.2004,0.2027,227023.0,1746190799999,45832.73635,467,118825.9,23997.66593,0,0.67
2025-05-02 13:00:00,0.2028,0.2029,0.2016,0.2017,70336.0,1746194399999,14222.08944,172,37497.2,7580.88818,0,0.67
2025-05-02 14:00:00,0.2019,0.204,0.2018,0.2036,147576.9,1746197999999,29953.24813,312,76008.2,15416.79936,0,0.67
2025-05-02 15:00:00,0.2039,0.2041,0.2018,0.2027,88876.1,1746201599999,18026.68695,226,51127.0,10367.24088,0,0.67
2025-05-02 16:00:00,0.2028,0.2044,0.2026,0.2034,102694.2,1746205199999,20891.83806,252,39798.7,8100.22567,0,0.67
2025-05-02 17:00:00,0.2033,0.204,0.2026,0.2037,198811.0,1746208799999,40411.71094,367,91798.9,18655.79341,0,0.67
2025-05-02 18:00:00,0.2038,0.2042,0.2032,0.2033,71659.6,1746212399999,14598.40225,168,46260.9,9422.18065,0,0.67
2025-05-02 19:00:00,0.2034,0.2034,0.2013,0.2017,108760.2,1746215999999,22011.3935,288,46118.9,9327.64321,0,0.67
2025-05-02 20:00:00,0.2014,0.2032,0.2014,0.2032,96756.7,1746219599999,19585.53883,113,49542.8,10019.99083,0,0.67
2025-05-02 21:00:00,0.2032,0.2035,0.2027,0.2029,17047.4,1746223199999,3461.18861,73,7853.0,1594.38586,0,0.67
2025-05-02 22:00:00,0.203,0.2047,0.2028,0.2047,155478.1,1746226799999,31695.91855,461,94174.9,19204.98908,0,0.67
2025-05-02 23:00:00,0.2047,0.2052,0.2041,0.2051,77872.7,1746230399999,15934.87937,241,23358.9,4782.6452,0,0.67
2025-05-03 00:00:00,0.2052,0.2066,0.2048,0.2062,181766.2,1746233999999,37410.93541,411,78286.1,16108.36872,0,0.65
2025-05-03 01:00:00,0.2063,0.2068,0.2043,0.2045,459239.0,1746237599999,94446.42571,698,265606.4,54640.00696,0,0.65
2025-05-03 02:00:00,0.2044,0.2056,0.2044,0.2054,85477.0,1746241199999,17532.39019,185,53254.7,10924.22991,0,0.65
2025-05-03 03:00:00,0.2055,0.2081,0.2055,0.2073,264688.1,1746244799999,54852.05157,326,182239.1,37767.54762,0,0.65
2025-05-03 04:00:00,0.2073,0.2085,0.2066,0.2068,221365.1,1746248399999,45994.52086,472,98579.4,20501.98615,0,0.65
2025-05-03 05:00:00,0.2067,0.2079,0.2063,0.2071,162742.6,1746251999999,33687.97112,337,91972.2,19044.26593,0,0.65
2025-05-03 06:00:00,0.2072,0.2081,0.2063,0.2074,376994.1,1746255599999,78120.61158,648,199615.1,41396.37381,0,0.65
2025-05-03 07:00:00,0.2073,0.2114,0.207,0.209,1486051.7,1746259199999,311621.2864,3594,918514.8,192695.55946,0,0.65
2025-05-03 08:00:00,0.209,0.2104,0.2062,0.2094,1155171.9,1746262799999,241194.38956,2177,581991.4,121511.30173,0,0.65
2025-05-03 09:00:00,0.2093,0.2098,0.2074,0.2098,571915.2,1746266399999,119289.34032,1424,304004.4,63414.89984,0,0.65
2025-05-03 10:00:00,0.2099,0.21,0.2049,0.2049,872487.4,1746269999999,181461.08111,1360,377899.4,78645.85445,0,0.65
2025-05-03 11:00:00,0.2049,0.2067,0.2037,0.2037,879987.0,1746273599999,180600.57641,995,513648.9,105407.81549,0,0.65
2025-05-03 12:00:00,0.2036,0.2045,0.2024,0.2038,281093.6,1746277199999,57249.55855,457,141507.4,28826.22448,0,0.65
2025-05-03 13:00:00,0.2037,0.2037,0.2011,0.2017,466905.9,1746280799999,94298.67021,511,182237.0,36828.631,0,0.65
2025-05-03 14:00:00,0.2016,0.2025,0.2004,0.2005,231890.1,1746284399999,46682.81376,372,103570.1,20849.66256,0,0.65
2025-05-03 15:00:00,0.2006,0.2017,0.2005,0.2008,132995.1,1746287999999,26740.62166,243,74163.4,14913.14088,0,0.65
2025-05-03 16:00:00,0.2009,0.2009,0.1977,0.1989,675720.9,1746291599999,134534.13001,962,284322.1,56572.31574,0,0.65
2025-05-03 17:00:00,0.1987,0.1988,0.1943,0.1982,753484.6,1746295199999,148424.09473,1110,420394.5,82763.31286,0,0.65
2025-05-03 18:00:00,0.1982,0.1991,0.196,0.1968,254834.0,1746298799999,50406.40351,457,133765.6,26473.00247,0,0.65
2025-05-03 19:00:00,0.1967,0.1998,0.1965,0.1996,309846.0,1746302399999,61310.09289,424,207307.3,41030.60588,0,0.65
2025-05-03 20:00:00,0.1996,0.2,0.1981,0.1982,331567.5,1746305999999,65978.44201,332,184969.5,36801.62997,0,0.65
2025-05-03 21:00:00,0.1981,0.1996,0.1969,0.1985,141102.8,1746309599999,28005.60995,164,78231.3,15537.82815,0,0.65
2025-05-03 22:00:00,0.1984,0.1996,0.1976,0.199,143292.3,1746313199999,28451.04862,181,102159.5,20276.33552,0,0.65
2025-05-03 23:00:00,0.1988,0.1988,0.1973,0.1978,137574.4,1746316799999,27240.03903,226,33489.4,6640.55575,0,0.65
2025-05-04 00:00:00,0.1977,0.1994,0.1954,0.1956,411066.0,1746320399999,81208.28881,533,198957.4,39266.00947,0,0.64
2025-05-04 01:00:00,0.1956,0.1975,0.1949,0.1972,252032.6,1746323999999,49437.33324,325,146639.3,28761.16827,0,0.64
2025-05-04 02:00:00,0.1971,0.1993,0.1959,0.1967,402463.1,1746327599999,79374.56831,432,234040.4,46147.20942,0,0.64
2025-05-04 03:00:00,0.1966,0.1967,0.1945,0.1952,259235.1,1746331199999,50710.2559,343,112547.7,22011.62797,0,0.64
2025-05-04 04:00:00,0.1953,0.1963,0.1947,0.1957,245134.7,1746334799999,47898.20874,356,120792.1,23601.2152,0,0.64
2025-05-04 05:00:00,0.1958,0.1977,0.1956,0.1972,280477.7,1746338399999,55237.61499,423,163397.7,32189.82984,0,0.64
2025-05-04 06:00:00,0.1972,0.1984,0.1964,0.1981,345720.1,1746341999999,68273.48122,521,199155.4,39309.88158,0,0.64
2025-05-04 07:00:00,0.1983,0.1987,0.197,0.1979,366824.6,1746345599999,72497.46788,416,103803.0,20522.36813,0,0.64
2025-05-04 08:00:00,0.1977,0.1983,0.1953,0.196,415392.9,1746349199999,81648.98769,577,133763.2,26315.19665,0,0.64
2025-05-04 09:00:00,0.1958,0.1966,0.1947,0.195,216345.3,1746352799999,42228.12919,320,134853.1,26322.3641,0,0.64
2025-05-04 10:00:00,0.1949,0.1957,0.1947,0.1952,63377.9,1746356399999,12362.5634,125,30076.7,5868.90648,0,0.64
2025-05-04 11:00:00,0.1951,0.1966,0.1947,0.1959,196898.3,1746359999999,38583.57966,278,134438.4,26340.28633,0,0.64
2025-05-04 12:00:00,0.1959,0.1964,0.1956,0.1956,65943.8,1746363599999,12915.88654,183,29064.8,5691.64113,0,0.64
2025-05-04 13:00:00,0.1956,0.196,0.1945,0.1948,497854.0,1746367199999,97185.03423,785,318253.3,62123.62779,0,0.64
2025-05-04 14:00:00,0.1948,0.1983,0.1948,0.1982,296374.6,1746370799999,58362.43607,364,210399.7,41415.00034,0,0.64
2025-05-04 15:00:00,0.1979,0.1981,0.1965,0.1972,119240.4,1746374399999,23525.4206,224,39175.5,7736.45124,0,0.64
2025-05-04 16:00:00,0.1972,0.1975,0.1947,0.1955,201103.8,1746377999999,39401.40365,272,119918.0,23514.59112,0,0.64
2025-05-04 17:00:00,0.1954,0.196,0.1937,0.1955,285582.4,1746381599999,55703.78426,372,138895.2,27079.65127,0,0.64
2025-05-04 18:00:00,0.1955,0.196,0.1936,0.1937,81839.8,1746385199999,15931.48876,182,33534.3,6535.59292,0,0.64
2025-05-04 19:00:00,0.1936,0.1946,0.1929,0.1939,118234.6,1746388799999,22896.34534,265,75623.9,14649.29259,0,0.64
2025-05-04 20:00:00,0.1939,0.1955,0.1937,0.1954,78872.3,1746392399999,15367.81043,183,31414.6,6121.09527,0,0.64
2025-05-04 21:00:00,0.195,0.1955,0.1942,0.1953,43408.4,1746395999999,8461.50212,82,26027.1,5071.6924,0,0.64
2025-05-04 22:00:00,0.1951,0.1951,0.1925,0.1936,224258.0,1746399599999,43399.52401,316,81295.0,15723.64385,0,0.64
2025-05-04 23:00:00,0.1934,0.1937,0.1922,0.1932,178540.7,1746403199999,34463.81793,254,58296.1,11249.75581,0,0.64
2025-05-05 00:00:00,0.1932,0.194,0.192,0.1939,262965.9,1746406799999,50674.63129,470,101792.8,19638.2188,0,0.52
2025-05-05 01:00:00,0.1939,0.194,0.1897,0.1907,255785.0,1746410399999,49022.44739,552,146667.0,28114.19232,0,0.52
2025-05-05 02:00:00,0.1907,0.195,0.1905,0.1945,182388.6,1746413999999,35188.3269,495,98160.8,18941.18526,0,0.52
2025-05-05 03:00:00,0.1945,0.195,0.1934,0.1934,155533.5,1746417599999,30181.06169,328,80870.9,15701.21256,0,0.52
2025-05-05 04:00:00,0.1934,0.1947,0.1933,0.1942,66652.8,1746421199999,12935.60917,220,37522.3,7284.30652,0,0.52
2025-05-05 05:00:00,0.1942,0.1946,0.1933,0.1946,83427.1,1746424799999,16167.55127,203,45519.9,8824.26742,0,0.52
2025-05-05 06:00:00,0.1947,0.1953,0.1936,0.194,56288.7,1746428399999,10930.81185,136,28719.9,5578.12495,0,0.52
2025-05-05 07:00:00,0.1939,0.1939,0.1931,0.1936,108967.8,1746431999999,21079.57617,143,60719.2,11745.71657,0,0.52
2025-05-05 08:00:00,0.1938,0.1943,0.1933,0.1935,195088.9,1746435599999,37846.02241,270,110845.3,21514.56914,0,0.52
2025-05-05 09:00:00,0.1936,0.1938,0.1904,0.1911,406867.5,1746439199999,78034.98712,800,167407.0,32154.18131,0,0.52
2025-05-05 10:00:00,0.1911,0.1917,0.1884,0.1891,495844.6,1746442799999,94182.61176,611,237049.0,45049.73862,0,0.52
2025-05-05 11:00:00,0.1893,0.1902,0.1886,0.1897,212011.4,1746446399999,40150.9244,338,102369.5,19381.2347,0,0.52
2025-05-05 12:00:00,0.1894,0.1897,0.1881,0.1886,170296.8,1746449999999,32187.56791,316,86119.7,16276.20624,0,0.52
2025-05-05 13:00:00,0.1887,0.1893,0.1861,0.1871,478081.5,1746453599999,89629.42,708,202358.0,37980.51639,0,0.52
2025-05-05 14:00:00,0.1874,0.1883,0.1866,0.1877,263572.1,1746457199999,49354.25489,400,123287.0,23085.41373,0,0.52
2025-05-05 15:00:00,0.1877,0.1887,0.1869,0.1887,189385.2,1746460799999,35567.03959,350,126273.9,23728.42729,0,0.52
2025-05-05 16:00:00,0.1885,0.1908,0.1883,0.1904,335967.5,1746464399999,63680.94572,367,251780.4,47691.26936,0,0.52
2025-05-05 17:00:00,0.1904,0.1929,0.1893,0.1928,181788.7,1746467999999,34686.76896,314,124784.2,23801.79192,0,0.52
2025-05-05 18:00:00,0.1927,0.1959,0.1927,0.1955,234809.5,1746471599999,45791.19671,540,131607.7,25668.47677,0,0.52
2025-05-05 19:00:00,0.1954,0.1967,0.1949,0.1955,244392.1,1746475199999,47836.98272,578,122332.2,23959.50127,0,0.52
2025-05-05 20:00:00,0.1956,0.1968,0.1937,0.1956,625469.8,1746478799999,122001.99462,927,332911.1,64999.31323,0,0.52
2025-05-05 21:00:00,0.1959,0.1978,0.1954,0.1978,279144.2,1746482399999,54840.04349,357,180034.8,35371.36446,0,0.52
2025-05-05 22:00:00,0.1976,0.1983,0.197,0.197,83152.4,1746485999999,16435.98701,152,28364.8,5611.38281,0,0.52
2025-05-05 23:00:00,0.1971,0.1972,0.1962,0.1965,143387.6,1746489599999,28202.66449,228,54554.9,10734.02391,0,0.52
2025-05-06 00:00:00,0.1965,0.1971,0.1942,0.1951,342328.0,1746493199999,67005.00096,543,184683.4,36152.06046,0,0.59
2025-05-06 01:00:00,0.195,0.1972,0.1945,0.1945,167705.7,1746496799999,32837.10521,288,85054.2,16654.07737,0,0.59
2025-05-06 02:00:00,0.1944,0.1948,0.1929,0.1944,195818.2,1746500399999,38007.35018,510,88345.8,17154.63166,0,0.59
2025-05-06 03:00:00,0.1946,0.1962,0.1939,0.1956,342216.5,1746503999999,66684.07863,805,235437.2,45841.48465,0,0.59
2025-05-06 04:00:00,0.1958,0.1971,0.1957,0.1962,110500.0,1746507599999,21702.7546,376,48314.3,9491.31393,0,0.59
2025-05-06 05:00:00,0.1962,0.1969,0.1952,0.1952,202707.7,1746511199999,39779.79382,365,114221.1,22439.83824,0,0.59
2025-05-06 06:00:00,0.1954,0.1958,0.1938,0.194,187932.8,1746514799999,36590.50945,350,110218.5,21436.71429,0,0.59
2025-05-06 07:00:00,0.1941,0.1948,0.1928,0.193,205771.6,1746518399999,39817.70773,444,102133.0,19758.19174,0,0.59
2025-05-06 08:00:00,0.1931,0.1935,0.1898,0.1908,219792.4,1746521999999,42062.0018,501,104222.1,19939.45749,0,0.59
2025-05-06 09:00:00,0.1909,0.191,0.1875,0.1887,280015.3,1746525599999,53029.28846,388,116894.6,22135.76122,0,0.59
2025-05-06 10:00:00,0.1886,0.1887,0.1856,0.1862,264565.4,1746529199999,49354.79805,984,114848.9,21430.62384,0,0.59
2025-05-06 11:00:00,0.1862,0.1873,0.1844,0.1857,307031.4,1746532799999,57079.23199,924,127984.5,23812.36635,0,0.59
2025-05-06 12:00:00,0.1857,0.1864,0.1836,0.1849,213600.3,1746536399999,39522.17175,290,142608.9,26379.20599,0,0.59
2025-05-06 13:00:00,0.1848,0.1851,0.1822,0.1829,303453.1,1746539999999,55563.40499,410,152720.0,27946.10292,0,0.59
2025-05-06 14:00:00,0.1829,0.1861,0.1829,0.1834,410362.5,1746543599999,75551.32845,511,222268.8,40876.54459,0,0.59
2025-05-06 15:00:00,0.1834,0.1845,0.1822,0.1823,298003.4,1746547199999,54507.23479,474,137004.1,25073.99646,0,0.59
2025-05-06 16:00:00,0.1826,0.1829,0.1806,0.1809,362080.6,1746550799999,65834.84605,678,190969.4,34731.98742,0,0.59
2025-05-06 17:00:00,0.181,0.184,0.1809,0.1824,185196.9,1746554399999,33851.31497,365,113934.9,20828.91301,0,0.59
2025-05-06 18:00:00,0.1824,0.1853,0.1824,0.1852,192166.9,1746557999999,35351.03127,363,132963.7,24466.61583,0,0.59
2025-05-06 19:00:00,0.1855,0.1856,0.1834,0.1836,352473.2,1746561599999,65041.1395,789,206589.0,38123.84427,0,0.59
2025-05-06 20:00:00,0.1837,0.1842,0.1813,0.1815,93263.3,1746565199999,17010.27566,210,30068.1,5483.98252,0,0.59
2025-05-06 21:00:00,0.1815,0.1824,0.1786,0.1812,227057.7,1746568799999,40964.51852,449,114942.7,20778.60681,0,0.59
2025-05-06 22:00:00,0.1816,0.1858,0.1816,0.1856,346241.8,1746572399999,63841.44843,666,181911.5,33495.60757,0,0.59
2025-05-06 23:00:00,0.1854,0.186,0.1845,0.1859,177810.2,1746575999999,32950.52884,300,95208.0,17643.4575,0,0.59
2025-05-07 00:00:00,0.1859,0.1886,0.1855,0.1876,211860.4,1746579599999,39631.69868,377,121018.2,22636.15222,0,0.67
2025-05-07 01:00:00,0.1876,0.1899,0.1875,0.1885,239658.1,1746583199999,45228.1289,500,119041.6,22471.48551,0,0.67
2025-05-07 02:00:00,0.1885,0.1887,0.1862,0.1863,106709.3,1746586799999,20002.7614,334,66668.8,12496.39964,0,0.67
2025-05-07 03:00:00,0.1863,0.1866,0.185,0.186,115057.2,1746590399999,21392.50212,215,55920.8,10391.48499,0,0.67
2025-05-07 04:00:00,0.1862,0.187,0.186,0.1866,90611.2,1746593999999,16906.20978,253,46464.8,8667.35073,0,0.67
2025-05-07 05:00:00,0.1866,0.1868,0.1852,0.1853,82721.7,1746597599999,15386.88758,196,43594.8,8110.32978,0,0.67
2025-05-07 06:00:00,0.1854,0.1862,0.1849,0.1859,196161.1,1746601199999,36416.92632,307,101768.4,18899.70464,0,0.67
2025-05-07 07:00:00,0.1859,0.1881,0.1859,0.1879,83620.7,1746604799999,15637.13658,191,52752.7,9861.22375,0,0.67
2025-05-07 08:00:00,0.1879,0.1899,0.1871,0.1894,200842.6,1746608399999,37868.47856,364,111320.1,21014.88477,0,0.67
2025-05-07 09:00:00,0.1895,0.19,0.1889,0.1892,121866.4,1746611999999,23077.04561,238,43120.1,8166.32263,0,0.67
2025-05-07 10:00:00,0.1895,0.1899,0.1888,0.1891,103535.6,1746615599999,19599.5905,199,53389.7,10105.25142,0,0.67
2025-05-07 11:00:00,0.1893,0.1897,0.1885,0.1894,120852.1,1746619199999,22860.80137,182,74814.8,14154.56225,0,0.67
2025-05-07 12:00:00,0.1896,0.1899,0.1884,0.1889,139162.8,1746622799999,26311.81806,225,71576.1,13530.04052,0,0.67
2025-05-07 13:00:00,0.1886,0.1899,0.1881,0.1892,218265.5,1746626399999,41192.11563,427,135943.2,25658.39574,0,0.67
2025-05-07 14:00:00,0.189,0.1904,0.1875,0.188,159344.2,1746629999999,30160.99457,288,73126.4,13851.91236,0,0.67
2025-05-07 15:00:00,0.188,0.188,0.1856,0.1866,533487.2,1746633599999,99669.93261,912,341348.1,63775.9207,0,0.67
2025-05-07 16:00:00,0.1863,0.1864,0.184,0.1849,355087.7,1746637199999,65681.67017,901,204587.2,37851.58598,0,0.67
2025-05-07 17:00:00,0.1848,0.185,0.1831,0.1841,281600.1,1746640799999,51820.8626,1025,166465.9,30638.46228,0,0.67
2025-05-07 18:00:00,0.1841,0.1864,0.183,0.1853,374845.6,1746644399999,69231.9392,940,215093.6,39713.35875,0,0.67
2025-05-07 19:00:00,0.1853,0.1854,0.183,0.1843,175700.4,1746647999999,32396.69673,289,81487.7,15018.0549,0,0.67
2025-05-07 20:00:00,0.1841,0.185,0.1839,0.1849,96282.7,1746651599999,17758.11622,192,48508.8,8947.03405,0,0.67
2025-05-07 21:00:00,0.185,0.1864,0.1843,0.186,144803.6,1746655199999,26822.72109,351,97126.3,17973.94573,0,0.67
2025-05-07 22:00:00,0.1859,0.1882,0.1859,0.1876,154755.4,1746658799999,28998.53402,283,80521.1,15091.87144,0,0.67
2025-05-07 23:00:00,0.1876,0.1883,0.1872,0.1875,130843.4,1746662399999,24563.82678,244,57836.3,10861.28148,0,0.67
2025-05-08 00:00:00,0.1876,0.1906,0.1876,0.1906,224704.9,1746665999999,42340.86808,442,127523.7,24054.963,0,0.65
2025-05-08 01:00:00,0.1905,0.1923,0.1905,0.1911,386304.0,1746669599999,73978.42035,1186,123619.6,23676.60614,0,0.65
2025-05-08 02:00:00,0.1912,0.1937,0.1909,0.1933,298448.5,1746673199999,57458.83231,1098,125014.6,24043.91784,0,0.65
2025-05-08 03:00:00,0.1935,0.1959,0.193,0.1959,198377.3,1746676799999,38518.05574,740,98584.3,19151.77476,0,0.65
2025-05-08 04:00:00,0.1959,0.1974,0.1956,0.1968,226982.5,1746680399999,44641.30208,597,101410.1,19947.50581,0,0.65
2025-05-08 05:00:00,0.1969,0.1975,0.1963,0.1966,258587.6,1746683999999,50877.53199,426,103923.0,20455.72772,0,0.65
2025-05-08 06:00:00,0.1966,0.1969,0.1961,0.1965,155216.5,1746687599999,30497.59634,339,86673.0,17031.2863,0,0.65
2025-05-08 07:00:00,0.1965,0.1973,0.196,0.1963,185297.4,1746691199999,36431.18497,579,91740.8,18041.63046,0,0.65
2025-05-08 08:00:00,0.1964,0.1972,0.1963,0.1969,237023.1,1746694799999,46647.44187,441,163377.1,32154.55669,0,0.65
2025-05-08 09:00:00,0.197,0.1972,0.1964,0.1967,129639.9,1746698399999,25500.45291,332,77574.0,15258.66481,0,0.65
2025-05-08 10:00:00,0.1968,0.1973,0.1956,0.1971,264069.5,1746701999999,51831.9082,458,112234.7,22053.70598,0,0.65
2025-05-08 11:00:00,0.1971,0.1975,0.1967,0.1971,127931.9,1746705599999,25211.18927,247,51487.1,10147.63167,0,0.65
2025-05-08 12:00:00,0.1973,0.198,0.1969,0.1973,206286.5,1746709199999,40711.62587,325,102082.1,20153.8602,0,0.65
2025-05-08 13:00:00,0.1973,0.198,0.1967,0.1971,338866.9,1746712799999,66856.5475,454,180839.4,35678.448,0,0.65
2025-05-08 14:00:00,0.1972,0.1986,0.1963,0.197,205287.8,1746716399999,40556.12173,339,130726.0,25837.92997,0,0.65
2025-05-08 15:00:00,0.197,0.2014,0.1969,0.2,725356.2,1746719999999,144800.04448,1207,406123.2,81084.96648,0,0.65
2025-05-08 16:00:00,0.2005,0.2026,0.2001,0.2021,820708.7,1746723599999,165418.0215,1117,309818.4,62413.55354,0,0.65
2025-05-08 17:00:00,0.2021,0.203,0.2015,0.203,931202.7,1746727199999,188392.33434,1261,329345.1,66635.74455,0,0.65
2025-05-08 18:00:00,0.2029,0.2032,0.202,0.2026,824712.2,1746730799999,167149.94612,976,295692.2,59942.57837,0,0.65
2025-05-08 19:00:00,0.2027,0.2037,0.2013,0.2033,551305.4,1746734399999,111618.24554,511,364327.6,73770.62043,0,0.65
2025-05-08 20:00:00,0.2039,0.2089,0.2039,0.2088,864796.2,1746737999999,178830.99651,1674,499202.9,103235.50941,0,0.65
2025-05-08 21:00:00,0.2089,0.214,0.2077,0.2084,832934.1,1746741599999,174965.45844,1760,493214.6,103580.63788,0,0.65
2025-05-08 22:00:00,0.2086,0.2096,0.2079,0.2091,544799.7,1746745199999,113639.60303,1318,304787.8,63556.40103,0,0.65
2025-05-08 23:00:00,0.2091,0.2101,0.2084,0.21,310562.8,1746748799999,65059.3951,995,146513.5,30703.55788,0,0.65
2025-05-09 00:00:00,0.21,0.2106,0.2086,0.2094,546798.2,1746752399999,114468.04331,1111,243822.4,51061.33077,0,0.73
2025-05-09 01:00:00,0.2094,0.2118,0.209,0.2112,329645.1,1746755999999,69318.43214,825,159217.7,33484.16393,0,0.73
2025-05-09 02:00:00,0.2112,0.2115,0.2099,0.2101,297462.6,1746759599999,62619.2398,432,123923.0,26091.02337,0,0.73
2025-05-09 03:00:00,0.2101,0.2119,0.2092,0.2096,413470.5,1746763199999,87127.67459,630,196844.9,41451.40717,0,0.73
2025-05-09 04:00:00,0.2096,0.2115,0.2096,0.2112,423140.8,1746766799999,89144.90596,628,248616.5,52359.0207,0,0.73
2025-05-09 05:00:00,0.2114,0.2128,0.211,0.2127,286957.5,1746770399999,60830.50324,561,158759.9,33653.58158,0,0.73
2025-05-09 06:00:00,0.2127,0.2136,0.2121,0.2135,292517.6,1746773999999,62241.64459,559,129957.7,27667.69049,0,0.73
2025-05-09 07:00:00,0.2136,0.2177,0.2133,0.2169,871941.7,1746777599999,187868.52812,1386,472205.3,101639.14099,0,0.73
2025-05-09 08:00:00,0.2168,0.2213,0.2143,0.2174,1234491.4,1746781199999,269086.65253,2741,706457.9,154022.5941,0,0.73
2025-05-09 09:00:00,0.2173,0.2187,0.2134,0.2155,720277.9,1746784799999,155189.07735,1955,289680.1,62356.35517,0,0.73
2025-05-09 10:00:00,0.2155,0.2196,0.2149,0.219,635278.1,1746788399999,138105.37559,1388,413650.0,90040.60428,0,0.73
2025-05-09 11:00:00,0.2187,0.22,0.2159,0.2182,711265.9,1746791999999,155435.00357,1970,295724.5,64684.40227,0,0.73
2025-05-09 12:00:00,0.2182,0.2191,0.2159,0.2188,353763.4,1746795599999,76913.75444,652,136698.2,29772.86038,0,0.73
2025-05-09 13:00:00,0.2189,0.2205,0.2174,0.2196,468015.9,1746799199999,102639.50406,786,251781.0,55302.7935,0,0.73
2025-05-09 14:00:00,0.2196,0.2198,0.2138,0.2167,570519.0,1746802799999,123556.03696,1364,206940.0,44800.82257,0,0.73
2025-05-09 15:00:00,0.2167,0.218,0.2155,0.218,407304.9,1746806399999,88207.74898,743,203082.5,43995.25295,0,0.73
2025-05-09 16:00:00,0.2181,0.2186,0.216,0.2166,183272.5,1746809999999,39911.10537,425,99551.1,21677.81193,0,0.73
2025-05-09 17:00:00,0.2167,0.2206,0.2164,0.22,250151.7,1746813599999,54864.02227,662,137077.2,30051.75411,0,0.73
2025-05-09 18:00:00,0.22,0.2204,0.2186,0.2191,134692.1,1746817199999,29535.70508,503,47809.2,10487.04851,0,0.73
2025-05-09 19:00:00,0.219,0.2194,0.2179,0.2184,136631.6,1746820799999,29870.49155,447,47850.2,10456.39807,0,0.73
2025-05-09 20:00:00,0.2185,0.2202,0.2181,0.2202,211053.9,1746824399999,46217.82151,370,83057.3,18195.89296,0,0.73
2025-05-09 21:00:00,0.22,0.2209,0.2189,0.2201,295422.0,1746827999999,65048.3842,772,130596.4,28773.01194,0,0.73
2025-05-09 22:00:00,0.2207,0.2209,0.2185,0.2185,89770.6,1746831599999,19754.91165,299,41907.9,9224.07206,0,0.73
2025-05-09 23:00:00,0.2185,0.2211,0.2185,0.2208,103757.5,1746835199999,22821.33129,288,79062.0,17389.3095,0,0.73
2025-05-10 00:00:00,0.2211,0.2231,0.2183,0.2189,374405.1,1746838799999,83107.69762,1277,204355.0,45376.48645,0,0.7
2025-05-10 01:00:00,0.219,0.2218,0.2189,0.2196,143600.6,1746842399999,31676.55512,680,56529.8,12463.57495,0,0.7
2025-05-10 02:00:00,0.2194,0.2217,0.2193,0.2204,125514.0,1746845999999,27695.93121,519,75184.2,16597.99357,0,0.7
2025-05-10 03:00:00,0.2204,0.2207,0.2191,0.22,184858.1,1746849599999,40648.72833,574,100352.2,22084.77409,0,0.7
2025-05-10 04:00:00,0.22,0.22,0.2178,0.2197,230431.6,1746853199999,50467.29856,677,105013.1,23005.85283,0,0.7
2025-05-10 05:00:00,0.2198,0.2217,0.2194,0.2215,298245.7,1746856799999,65684.75175,898,173514.6,38214.92295,0,0.7
2025-05-10 06:00:00,0.2213,0.2233,0.2205,0.2218,258519.7,1746860399999,57415.31757,729,105877.5,23511.71208,0,0.7
2025-05-10 07:00:00,0.2219,0.2239,0.2214,0.2234,306164.0,1746863999999,68032.72333,634,128169.2,28481.90672,0,0.7
2025-05-10 08:00:00,0.2233,0.2247,0.2201,0.2222,466367.8,1746867599999,103863.45011,1227,162669.8,36252.93214,0,0.7
2025-05-10 09:00:00,0.2222,0.2238,0.2205,0.2235,236296.2,1746871199999,52626.65359,635,92382.9,20561.8715,0,0.7
2025-05-10 10:00:00,0.2235,0.2245,0.221,0.221,212438.3,1746874799999,47428.19669,484,99202.9,22156.29015,0,0.7
2025-05-10 11:00:00,0.2204,0.2217,0.2184,0.2196,277004.1,1746878399999,61004.67611,788,142200.9,31337.54074,0,0.7
2025-05-10 12:00:00,0.2197,0.2209,0.2191,0.2202,278391.8,1746881999999,61280.0005,646,107909.9,23756.06509,0,0.7
2025-05-10 13:00:00,0.2202,0.224,0.2202,0.2238,588643.1,1746885599999,130814.31624,2140,409916.5,91079.10107,0,0.7
2025-05-10 14:00:00,0.2239,0.2242,0.2222,0.2233,788519.5,1746889199999,176162.09109,1483,548054.8,122457.58603,0,0.7
2025-05-10 15:00:00,0.2233,0.2233,0.2203,0.2225,731236.9,1746892799999,162314.09088,1131,309322.9,68694.8679,0,0.7
2025-05-10 16:00:00,0.2226,0.2259,0.2224,0.2255,230136.7,1746896399999,51649.26136,598,100839.9,22618.20896,0,0.7
2025-05-10 17:00:00,0.2254,0.2272,0.2248,0.2255,383203.0,1746899999999,86626.04588,1066,155070.1,35065.28547,0,0.7
2025-05-10 18:00:00,0.2255,0.2261,0.2236,0.2243,764620.9,1746903599999,171630.57379,881,365050.6,81839.88169,0,0.7
2025-05-10 19:00:00,0.2243,0.2287,0.2236,0.2268,399868.1,1746907199999,90669.11056,1025,224331.2,50857.91345,0,0.7
2025-05-10 20:00:00,0.227,0.2285,0.2253,0.2281,226663.4,1746910799999,51488.42156,682,112086.6,25484.84564,0,0.7
2025-05-10 21:00:00,0.2278,0.2287,0.2273,0.2284,164695.2,1746914399999,37565.44659,490,80311.9,18324.15264,0,0.7
2025-05-10 22:00:00,0.2287,0.2325,0.2284,0.2319,953057.2,1746917999999,219262.30168,2068,683178.5,157128.91796,0,0.7
2025-05-10 23:00:00,0.2318,0.2352,0.2315,0.2345,556781.5,1746921599999,130206.19693,1613,268484.2,62755.6304,0,0.7
2025-05-11 00:00:00,0.2345,0.2363,0.2271,0.2328,997365.1,1746925199999,231684.89303,3715,355597.6,82846.26348,0,0.7
2025-05-11 01:00:00,0.2326,0.2327,0.2276,0.2285,339925.9,1746928799999,78513.4333,1129,167669.1,38762.71441,0,0.7
2025-05-11 02:00:00,0.2284,0.2323,0.2279,0.2295,353556.2,1746932399999,81304.64954,1107,190671.6,43885.94209,0,0.7
2025-05-11 03:00:00,0.2295,0.2325,0.2289,0.2318,487760.4,1746935999999,112944.28226,1001,258150.7,59761.9112,0,0.7
2025-05-11 04:00:00,0.2319,0.234,0.2318,0.2339,434290.8,1746939599999,101145.17419,1185,235253.2,54820.50062,0,0.7
2025-05-11 05:00:00,0.2339,0.2345,0.2322,0.2325,195509.7,1746943199999,45686.23596,503,100111.4,23386.70544,0,0.7
2025-05-11 06:00:00,0.2324,0.2337,0.2293,0.2303,345672.4,1746946799999,79961.96165,918,131126.8,30355.17252,0,0.7
2025-05-11 07:00:00,0.2303,0.2304,0.2238,0.2254,923522.9,1746950399999,209412.9222,3169,398277.3,90357.68046,0,0.7
2025-05-11 08:00:00,0.2257,0.2276,0.224,0.2257,483263.5,1746953999999,109228.41694,1234,235620.5,53271.75682,0,0.7
2025-05-11 09:00:00,0.2254,0.2283,0.2253,0.2277,279588.9,1746957599999,63580.14024,859,115166.6,26185.65308,0,0.7
2025-05-11 10:00:00,0.2272,0.228,0.226,0.2275,222079.7,1746961199999,50451.78144,788,115922.1,26350.78786,0,0.7
2025-05-11 11:00:00,0.2277,0.2291,0.2276,0.2287,168731.0,1746964799999,38525.38741,481,89316.8,20392.07741,0,0.7
2025-05-11 12:00:00,0.2287,0.23,0.2283,0.2297,263343.2,1746968399999,60307.11293,767,93797.6,21487.37425,0,0.7
2025-05-11 13:00:00,0.2297,0.2301,0.2249,0.2249,333323.4,1746971999999,75985.2705,999,111349.9,25380.16492,0,0.7
2025-05-11 14:00:00,0.2249,0.2281,0.2249,0.2275,316798.1,1746975599999,71867.67567,727,108530.6,24595.67936,0,0.7
2025-05-11 15:00:00,0.2275,0.2294,0.2252,0.227,326671.0,1746979199999,74339.9791,938,140437.8,31929.45516,0,0.7
2025-05-11 16:00:00,0.227,0.2282,0.2239,0.2272,475859.7,1746982799999,107398.3496,1129,211191.0,47693.68449,0,0.7
2025-05-11 17:00:00,0.2271,0.2303,0.2265,0.2293,188602.4,1746986399999,43138.55538,636,110225.6,25212.96029,0,0.7
2025-05-11 18:00:00,0.2292,0.231,0.2271,0.2298,352668.7,1746989999999,80913.31068,929,219587.8,50425.6291,0,0.7
2025-05-11 19:00:00,0.2298,0.2307,0.2293,0.2296,212878.1,1746993599999,48918.16443,500,108452.4,24920.14383,0,0.7
2025-05-11 20:00:00,0.2295,0.2299,0.228,0.2289,212830.6,1746997199999,48746.64786,673,99026.5,22684.8181,0,0.7
2025-05-11 21:00:00,0.2288,0.2299,0.2281,0.2298,182002.1,1747000799999,41677.20343,602,100827.4,23099.24563,0,0.7
2025-05-11 22:00:00,0.2299,0.2314,0.228,0.2291,339021.9,1747004399999,77740.10485,959,174900.5,40114.61546,0,0.7
2025-05-11 23:00:00,0.229,0.2305,0.2283,0.2287,130141.0,1747007999999,29795.62721,351,61680.2,14127.79359,0,0.7
2025-05-12 00:00:00,0.2288,0.2308,0.2287,0.2307,237116.7,1747011599999,54508.5413,757,83374.2,19163.89737,0,0.7
2025-05-12 01:00:00,0.2308,0.2321,0.2253,0.2282,318275.5,1747015199999,72625.63679,1004,158633.2,36184.20763,0,0.7
2025-05-12 02:00:00,0.2284,0.2309,0.2279,0.2288,113522.7,1747018799999,26018.78894,431,51232.9,11747.61283,0,0.7
2025-05-12 03:00:00,0.2287,0.23,0.2276,0.23,151362.2,1747022399999,34656.21152,611,50223.5,11502.15909,0,0.7
2025-05-12 04:00:00,0.2301,0.2308,0.2277,0.2305,194522.4,1747025999999,44661.15029,868,71356.0,16385.6086,0,0.7
2025-05-12 05:00:00,0.2306,0.231,0.2263,0.2276,316819.5,1747029599999,72389.91839,691,144702.7,33097.69298,0,0.7
2025-05-12 06:00:00,0.2277,0.243,0.227,0.241,2469760.5,1747033199999,586926.68303,9175,1324641.0,314503.60907,0,0.7
2025-05-12 07:00:00,0.241,0.2539,0.2368,0.2466,4328198.9,1747036799999,1055720.98951,13935,2138211.7,521683.19147,0,0.7
2025-05-12 08:00:00,0.2465,0.2466,0.2362,0.2397,2344661.6,1747040399999,561367.29804,6332,1119951.5,268075.98096,0,0.7
2025-05-12 09:00:00,0.2398,0.2404,0.2368,0.2371,662054.0,1747043999999,158282.24042,1367,290921.6,69526.09581,0,0.7
2025-05-12 10:00:00,0.2374,0.2392,0.2359,0.2391,524044.2,1747047599999,124422.63272,1350,285076.7,67713.72335,0,0.7
2025-05-12 11:00:00,0.2389,0.2396,0.2348,0.2351,549736.6,1747051199999,130640.57026,1018,225790.8,53741.48144,0,0.7
2025-05-12 12:00:00,0.2349,0.2402,0.2349,0.2389,709061.2,1747054799999,168003.87102,1665,403485.3,95664.95574,0,0.7
2025-05-12 13:00:00,0.239,0.24,0.2333,0.2362,761413.3,1747058399999,180384.07167,2026,259764.0,61577.52276,0,0.7
2025-05-12 14:00:00,0.2362,0.2374,0.2275,0.2289,980981.4,1747061999999,226134.0924,2705,434774.3,100039.70812,0,0.7
2025-05-12 15:00:00,0.2289,0.231,0.2254,0.2285,457106.2,1747065599999,104388.58249,1508,214214.7,48943.51158,0,0.7
2025-05-12 16:00:00,0.2285,0.2343,0.2282,0.2332,487560.0,1747069199999,112799.33387,897,255505.6,59118.70905,0,0.7
2025-05-12 17:00:00,0.2332,0.2353,0.2291,0.2299,557752.8,1747072799999,130011.46761,1304,241216.7,56292.89248,0,0.7
2025-05-12 18:00:00,0.23,0.2317,0.2174,0.2218,1296301.5,1747076399999,289601.88037,3422,503918.6,112708.03758,0,0.7
2025-05-12 19:00:00,0.2219,0.2262,0.2214,0.2262,257898.8,1747079999999,57880.45337,738,129185.4,29008.03226,0,0.7
2025-05-12 20:00:00,0.2261,0.228,0.2253,0.2271,209121.7,1747083599999,47367.2519,496,88988.9,20169.17968,0,0.7
2025-05-12 21:00:00,0.2272,0.229,0.227,0.2288,78790.3,1747087199999,17949.76921,262,36215.2,8255.1884,0,0.7
2025-05-12 22:00:00,0.2288,0.2305,0.2281,0.2297,145982.4,1747090799999,33518.36097,373,67196.3,15435.12629,0,0.7
2025-05-12 23:00:00,0.2297,0.2311,0.2295,0.2303,193336.0,1747094399999,44534.8703,351,87142.0,20078.31429,0,0.7
2025-05-13 00:00:00,0.2303,0.2305,0.2257,0.2257,218575.5,1747097999999,49836.09578,570,93456.3,21320.45786,0,0.7
2025-05-13 01:00:00,0.2258,0.2265,0.2208,0.222,255968.2,1747101599999,57223.40505,516,96286.2,21510.75989,0,0.7
2025-05-13 02:00:00,0.2221,0.2227,0.2173,0.2193,393040.6,1747105199999,86524.40064,1266,184892.9,40749.94458,0,0.7
2025-05-13 03:00:00,0.2193,0.2203,0.2155,0.2164,239601.3,1747108799999,52067.66118,484,103782.1,22552.70396,0,0.7
2025-05-13 04:00:00,0.2166,0.221,0.2156,0.221,170714.2,1747112399999,37343.81094,359,87058.4,19051.42811,0,0.7
2025-05-13 05:00:00,0.2207,0.2219,0.2196,0.2211,200831.4,1747115999999,44339.96999,401,104217.9,23008.74166,0,0.7
2025-05-13 06:00:00,0.221,0.2233,0.2208,0.2214,214613.2,1747119599999,47670.04403,344,100819.5,22399.25927,0,0.7
2025-05-13 07:00:00,0.2215,0.2238,0.2214,0.2224,171341.2,1747123199999,38148.68606,281,76193.4,16967.03392,0,0.7
2025-05-13 08:00:00,0.2227,0.2235,0.2213,0.2225,218459.5,1747126799999,48584.78993,472,74970.3,16686.71402,0,0.7
2025-05-13 09:00:00,0.2225,0.2268,0.2225,0.2259,236582.2,1747130399999,53345.19965,618,123347.9,27813.71985,0,0.7
2025-05-13 10:00:00,0.2259,0.2263,0.2245,0.2257,194990.6,1747133999999,43956.48662,351,98901.5,22308.60579,0,0.7
2025-05-13 11:00:00,0.2255,0.2258,0.2241,0.2245,149882.0,1747137599999,33732.07048,338,74532.6,16778.77044,0,0.7
2025-05-13 12:00:00,0.2245,0.2269,0.223,0.2261,407451.5,1747141199999,91516.18044,792,187661.9,42167.26574,0,0.7
2025-05-13 13:00:00,0.226,0.2268,0.2239,0.2249,225035.1,1747144799999,50737.99096,609,110509.5,24930.31782,0,0.7
2025-05-13 14:00:00,0.2248,0.225,0.2218,0.2231,314063.0,1747148399999,70340.38246,690,112781.7,25232.31939,0,0.7
2025-05-13 15:00:00,0.2232,0.2255,0.223,0.2255,105908.7,1747151999999,23785.02037,262,53886.1,12102.32341,0,0.7
2025-05-13 16:00:00,0.2254,0.228,0.2249,0.2267,377277.1,1747155599999,85577.86532,722,193121.8,43765.59407,0,0.7
2025-05-13 17:00:00,0.2266,0.2286,0.2266,0.2276,186310.6,1747159199999,42423.52622,462,81514.5,18572.32349,0,0.7
2025-05-13 18:00:00,0.2278,0.2303,0.2275,0.23,267776.4,1747162799999,61228.00638,655,154323.7,35293.79981,0,0.7
2025-05-13 19:00:00,0.23,0.2326,0.2282,0.2315,487007.3,1747166399999,112219.64298,1336,240881.2,55570.07416,0,0.7
2025-05-13 20:00:00,0.2313,0.2321,0.2297,0.2315,225801.2,1747169999999,52199.89166,509,93275.0,21579.9172,0,0.7
2025-05-13 21:00:00,0.2314,0.2327,0.2301,0.2325,232648.0,1747173599999,53877.89721,558,157271.1,36439.2424,0,0.7
2025-05-13 22:00:00,0.2325,0.2332,0.2311,0.2323,200482.9,1747177199999,46621.62782,499,105881.8,24611.64764,0,0.7
2025-05-13 23:00:00,0.2323,0.2325,0.2294,0.2314,362889.6,1747180799999,83650.07171,990,163499.4,37694.46028,0,0.7
2025-05-14 00:00:00,0.2315,0.2329,0.2305,0.2323,407523.1,1747184399999,94570.01669,722,216992.9,50375.04593,0,0.73
2025-05-14 01:00:00,0.2319,0.2334,0.2304,0.2314,181970.6,1747187999999,42227.89526,459,60390.8,14023.11443,0,0.73
2025-05-14 02:00:00,0.2307,0.231,0.2278,0.2301,270445.4,1747191599999,62129.76036,571,126961.2,29162.92743,0,0.73
2025-05-14 03:00:00,0.2301,0.2305,0.229,0.2301,236376.6,1747195199999,54310.23902,440,70836.0,16277.75769,0,0.73
2025-05-14 04:00:00,0.2301,0.2306,0.2286,0.2299,149309.8,1747198799999,34298.9222,295,46420.7,10668.05399,0,0.73
2025-05-14 05:00:00,0.23,0.2323,0.2297,0.2321,311193.6,1747202399999,71841.77186,547,134537.5,31072.50073,0,0.73
2025-05-14 06:00:00,0.232,0.233,0.2317,0.2326,242068.8,1747205999999,56234.06925,370,104661.5,24321.47991,0,0.73
2025-05-14 07:00:00,0.2324,0.2324,0.2289,0.2304,208043.4,1747209599999,47979.48285,431,64631.2,14903.72381,0,0.73
2025-05-14 08:00:00,0.2304,0.231,0.2238,0.2242,678283.2,1747213199999,153729.86508,1476,194240.2,44095.91722,0,0.73
2025-05-14 09:00:00,0.2242,0.2268,0.2236,0.2263,368120.0,1747216799999,83032.6197,808,173604.5,39176.61199,0,0.73
2025-05-14 10:00:00,0.2263,0.2288,0.2263,0.227,145116.9,1747220399999,33022.53453,273,56191.7,12792.18586,0,0.73
2025-05-14 11:00:00,0.2271,0.2293,0.2271,0.2281,157843.9,1747223999999,36043.47541,282,68889.9,15723.09241,0,0.73
2025-05-14 12:00:00,0.2282,0.2292,0.2258,0.2264,170814.7,1747227599999,38908.10532,308,60379.9,13756.31066,0,0.73
2025-05-14 13:00:00,0.2264,0.2273,0.2227,0.2251,264795.2,1747231199999,59517.70539,683,114241.1,25702.87315,0,0.73
2025-05-14 14:00:00,0.2251,0.2254,0.2222,0.2234,153751.1,1747234799999,34340.68373,396,60433.3,13526.71904,0,0.73
2025-05-14 15:00:00,0.2232,0.2243,0.2213,0.2234,270539.0,1747238399999,60235.82604,724,93521.4,20807.15755,0,0.73
2025-05-14 16:00:00,0.2233,0.2242,0.2205,0.2222,311786.0,1747241999999,69219.46606,727,113604.7,25251.38896,0,0.73
2025-05-14 17:00:00,0.2223,0.2223,0.2178,0.2199,438770.7,1747245599999,96274.54178,1427,223746.0,49056.60864,0,0.73
2025-05-14 18:00:00,0.2202,0.2234,0.2202,0.2226,363232.0,1747249199999,80659.16608,861,162167.5,36040.29521,0,0.73
2025-05-14 19:00:00,0.2224,0.2234,0.2219,0.223,68622.5,1747252799999,15281.79731,129,27705.3,6170.89101,0,0.73
2025-05-14 20:00:00,0.2229,0.2237,0.2222,0.2222,136890.6,1747256399999,30534.41045,404,61003.3,13622.24425,0,0.73
2025-05-14 21:00:00,0.2222,0.2225,0.2207,0.2225,195973.7,1747259999999,43446.80905,316,79432.7,17602.27256,0,0.73
2025-05-14 22:00:00,0.2225,0.2229,0.2201,0.2206,238462.8,1747263599999,52751.07167,551,101157.0,22373.81293,0,0.73
2025-05-14 23:00:00,0.2205,0.2218,0.2194,0.2213,67244.3,1747267199999,14838.50361,206,32203.9,7107.42749,0,0.73
2025-05-15 00:00:00,0.2211,0.2236,0.2207,0.2233,143065.4,1747270799999,31808.1333,275,62170.9,13814.64139,0,0.7
2025-05-15 01:00:00,0.2233,0.2237,0.2172,0.2179,280030.6,1747274399999,61363.84304,526,158544.9,34706.24487,0,0.7
2025-05-15 02:00:00,0.2177,0.221,0.2176,0.22,174026.5,1747277999999,38167.45759,463,82522.3,18105.8843,0,0.7
2025-05-15 03:00:00,0.2201,0.221,0.2178,0.2183,145696.1,1747281599999,31964.8167,313,55437.3,12159.31383,0,0.7
2025-05-15 04:00:00,0.2184,0.2198,0.2178,0.2187,253569.7,1747285199999,55472.3127,677,99043.9,21662.50067,0,0.7
2025-05-15 05:00:00,0.2186,0.2189,0.2137,0.2141,659170.5,1747288799999,142844.50984,1141,227675.4,49235.95887,0,0.7
2025-05-15 06:00:00,0.2141,0.2156,0.2115,0.2131,401053.9,1747292399999,85450.31356,1081,155635.0,33163.53754,0,0.7
2025-05-15 07:00:00,0.2131,0.2132,0.2085,0.2087,387922.0,1747295999999,81728.24819,1008,182723.9,38472.51854,0,0.7
2025-05-15 08:00:00,0.2087,0.2126,0.2087,0.2119,381113.7,1747299599999,80428.54369,753,222238.0,46891.5194,0,0.7
2025-05-15 09:00:00,0.2118,0.2118,0.2079,0.2098,403266.5,1747303199999,84735.28598,1128,208911.3,43882.52115,0,0.7
2025-05-15 10:00:00,0.2096,0.2099,0.2066,0.2081,254187.2,1747306799999,52862.42135,657,140309.7,29169.6312,0,0.7
2025-05-15 11:00:00,0.2082,0.2105,0.2081,0.2096,221866.5,1747310399999,46436.03968,638,110489.7,23130.18806,0,0.7
2025-05-15 12:00:00,0.2094,0.2112,0.2083,0.2098,416536.1,1747313999999,87382.17632,1478,245346.7,51482.61327,0,0.7
2025-05-15 13:00:00,0.2096,0.2117,0.206,0.2078,763408.7,1747317599999,160246.89656,1972,380660.8,79918.08981,0,0.7
2025-05-15 14:00:00,0.2082,0.209,0.2043,0.2068,477286.0,1747321199999,98246.43635,1369,301540.0,62083.16323,0,0.7
2025-05-15 15:00:00,0.2067,0.2142,0.2064,0.2142,500523.7,1747324799999,105329.02285,1706,311809.3,65595.20694,0,0.7
2025-05-15 16:00:00,0.2142,0.2154,0.212,0.2154,279014.1,1747328399999,59699.49644,619,161713.7,34639.95257,0,0.7
2025-05-15 17:00:00,0.2154,0.216,0.214,0.2144,205189.0,1747331999999,44136.08165,361,79041.0,17005.23744,0,0.7
2025-05-15 18:00:00,0.2145,0.2148,0.2089,0.2091,281895.1,1747335599999,59867.36853,580,124138.9,26374.47145,0,0.7
2025-05-15 19:00:00,0.2096,0.2115,0.2083,0.2103,205080.7,1747339199999,43045.77636,481,103128.2,21678.58729,0,0.7
2025-05-15 20:00:00,0.2106,0.2115,0.2085,0.2109,547568.8,1747342799999,115202.97343,1292,289709.8,60962.58206,0,0.7
2025-05-15 21:00:00,0.2109,0.2114,0.2077,0.2109,209628.6,1747346399999,43996.65891,794,118444.2,24873.22287,0,0.7
2025-05-15 22:00:00,0.2108,0.2126,0.2098,0.2099,84715.6,1747349999999,17939.48206,283,46351.8,9804.49254,0,0.7
2025-05-15 23:00:00,0.2098,0.2114,0.2064,0.2109,184301.0,1747353599999,38486.44405,553,96173.9,20068.75645,0,0.7
2025-05-16 00:00:00,0.2105,0.2132,0.2098,0.2113,242670.8,1747357199999,51349.20008,751,111293.2,23548.73542,0,0.71
2025-05-16 01:00:00,0.2114,0.2134,0.2095,0.2129,124018.4,1747360799999,26226.48717,479,55860.4,11816.7939,0,0.71
2025-05-16 02:00:00,0.213,0.2145,0.2122,0.2137,379717.8,1747364399999,81078.03234,843,187991.7,40142.02601,0,0.71
2025-05-16 03:00:00,0.2136,0.2143,0.2126,0.2134,129536.3,1747367999999,27660.41684,361,67540.1,14427.93121,0,0.71
2025-05-16 04:00:00,0.2133,0.2139,0.2107,0.2123,147572.6,1747371599999,31311.94781,324,77923.0,16526.4083,0,0.71
2025-05-16 05:00:00,0.2123,0.2139,0.2123,0.2131,103123.9,1747375199999,21997.93348,302,63812.7,13613.76414,0,0.71
2025-05-16 06:00:00,0.2128,0.2142,0.2124,0.2132,104800.3,1747378799999,22338.37892,216,46884.9,9990.18073,0,0.71
2025-05-16 07:00:00,0.2131,0.2143,0.2118,0.2134,230416.3,1747382399999,49071.20546,624,106452.8,22681.77771,0,0.71
2025-05-16 08:00:00,0.2135,0.2139,0.2095,0.2106,217975.9,1747385999999,46032.18955,784,112476.7,23746.1953,0,0.71
2025-05-16 09:00:00,0.2107,0.2129,0.2106,0.2127,160459.4,1747389599999,34035.617,309,99499.0,21114.66364,0,0.71
2025-05-16 10:00:00,0.2122,0.2136,0.212,0.2133,227710.3,1747393199999,48491.56952,438,91038.3,19370.34655,0,0.71
2025-05-16 11:00:00,0.2134,0.2137,0.2116,0.2117,125753.6,1747396799999,26752.42227,273,66244.0,14092.29734,0,0.71
2025-05-16 12:00:00,0.2119,0.2125,0.2107,0.211,199365.3,1747400399999,42170.52635,667,126095.9,26671.07351,0,0.71
2025-05-16 13:00:00,0.2109,0.2132,0.2106,0.2131,161087.0,1747403999999,34171.11928,399,96081.4,20368.38727,0,0.71
2025-05-16 14:00:00,0.2131,0.2131,0.2088,0.2099,222726.2,1747407599999,46985.1064,662,107768.2,22742.42261,0,0.71
2025-05-16 15:00:00,0.2101,0.2116,0.2098,0.2103,116266.7,1747411199999,24498.86905,363,72174.5,15206.58939,0,0.71
2025-05-16 16:00:00,0.2105,0.2114,0.208,0.2097,208309.1,1747414799999,43624.21603,505,128082.9,26831.30298,0,0.71
2025-05-16 17:00:00,0.2096,0.2101,0.2074,0.2078,189434.1,1747418399999,39574.68638,702,104261.1,21772.62088,0,0.71
2025-05-16 18:00:00,0.2076,0.2087,0.2075,0.208,202443.7,1747421999999,42107.30677,621,80349.4,16720.96051,0,0.71
2025-05-16 19:00:00,0.2076,0.2088,0.2071,0.2083,138322.2,1747425599999,28774.03972,442,68095.2,14172.60539,0,0.71
2025-05-16 20:00:00,0.2083,0.2085,0.2047,0.2062,349596.4,1747429199999,72087.10764,933,196529.2,40512.07896,0,0.71
2025-05-16 21:00:00,0.2062,0.2077,0.2058,0.2069,298687.3,1747432799999,61721.5679,449,73084.0,15090.46611,0,0.71
2025-05-16 22:00:00,0.2069,0.2069,0.2028,0.2037,252322.8,1747436399999,51650.66044,877,96959.9,19834.7178,0,0.71
2025-05-16 23:00:00,0.204,0.2053,0.2034,0.2042,162456.7,1747439999999,33210.59387,354,64702.0,13233.59728,0,0.71
2025-05-17 00:00:00,0.2043,0.2045,0.2009,0.2019,366186.8,1747443599999,74098.8323,1124,131560.7,26617.50145,0,0.74
2025-05-17 01:00:00,0.2016,0.2019,0.1978,0.1992,366929.6,1747447199999,73330.54527,773,183766.2,36705.02427,0,0.74
2025-05-17 02:00:00,0.1992,0.201,0.1981,0.2,443126.5,1747450799999,88672.85951,526,313662.8,62796.5145,0,0.74
2025-05-17 03:00:00,0.2001,0.2014,0.1985,0.2013,76259.2,1747454399999,15227.68274,171,40669.4,8118.11207,0,0.74
2025-05-17 04:00:00,0.2012,0.2034,0.2012,0.2028,57793.8,1747457999999,11673.3711,97,16432.4,3318.00008,0,0.74
2025-05-17 05:00:00,0.2029,0.2032,0.2001,0.2001,161537.7,1747461599999,32642.85311,184,41368.6,8350.6573,0,0.74
2025-05-17 06:00:00,0.2003,0.2013,0.1999,0.2009,180334.7,1747465199999,36156.7869,196,80031.1,16041.2709,0,0.74
2025-05-17 07:00:00,0.2009,0.2025,0.1996,0.2004,146937.4,1747468799999,29600.85071,217,71314.9,14375.72063,0,0.74
2025-05-17 08:00:00,0.2006,0.2015,0.1993,0.1996,203537.1,1747472399999,40830.7738,302,102440.0,20556.71058,0,0.74
2025-05-17 09:00:00,0.1996,0.2014,0.1991,0.2011,379509.1,1747475999999,75847.25989,484,217050.6,43369.83343,0,0.74
2025-05-17 10:00:00,0.201,0.2036,0.2008,0.2033,320553.2,1747479599999,64992.7969,486,200109.1,40583.18551,0,0.74
2025-05-17 11:00:00,0.2034,0.2061,0.2027,0.2037,423887.0,1747483199999,86650.24127,558,213870.0,43731.67683,0,0.74
2025-05-17 12:00:00,0.2035,0.2038,0.2027,0.2027,313965.7,1747486799999,63799.76049,446,229687.4,46678.32568,0,0.74
2025-05-17 13:00:00,0.2028,0.2041,0.1998,0.2006,390854.5,1747490399999,79032.88021,595,235478.0,47669.06301,0,0.74
2025-05-17 14:00:00,0.2007,0.2035,0.2007,0.2031,132349.3,1747493999999,26713.30839,221,69707.6,14060.34122,0,0.74
2025-05-17 15:00:00,0.2032,0.2032,0.201,0.2012,316921.2,1747497599999,63875.13598,276,110962.2,22374.42555,0,0.74
2025-05-17 16:00:00,0.2011,0.2013,0.199,0.201,588284.4,1747501199999,117777.8914,708,383738.0,76815.05241,0,0.74
2025-05-17 17:00:00,0.2011,0.2024,0.2004,0.2007,74688.0,1747504799999,15049.71635,151,42942.5,8647.65237,0,0.74
2025-05-17 18:00:00,0.2004,0.202,0.1993,0.1993,197558.2,1747508399999,39676.73859,351,79411.2,15975.93716,0,0.74
2025-05-17 19:00:00,0.1993,0.2014,0.1991,0.2,124072.2,1747511999999,24815.5291,200,64684.6,12942.44116,0,0.74
2025-05-17 20:00:00,0.1996,0.2031,0.1993,0.2027,185199.0,1747515599999,37211.31837,258,116194.6,23365.25299,0,0.74
2025-05-17 21:00:00,0.2023,0.2023,0.2003,0.2015,65852.0,1747519199999,13266.77303,113,28120.8,5662.11573,0,0.74
2025-05-17 22:00:00,0.2014,0.2014,0.1974,0.199,542938.4,1747522799999,107653.18735,799,163648.9,32457.85986,0,0.74
2025-05-17 23:00:00,0.1987,0.1993,0.1981,0.1986,91991.3,1747526399999,18279.82113,137,40248.2,8001.78425,0,0.74
2025-05-18 00:00:00,0.1987,0.1994,0.1971,0.1989,415367.7,1747529999999,82202.61194,604,198130.3,39248.71227,0,0.74
2025-05-18 01:00:00,0.199,0.2011,0.1985,0.2005,88970.1,1747533599999,17753.13372,188,48670.2,9711.59961,0,0.74
2025-05-18 02:00:00,0.2004,0.2006,0.1995,0.1998,81603.7,1747537199999,16335.07297,149,24922.1,4987.44742,0,0.74
2025-05-18 03:00:00,0.2,0.2006,0.1991,0.2,258697.9,1747540799999,51718.79368,581,127751.6,25545.31867,0,0.74
2025-05-18 04:00:00,0.1996,0.2009,0.1993,0.2002,67956.9,1747544399999,13608.24973,191,20286.3,4063.07204,0,0.74
2025-05-18 05:00:00,0.2003,0.2035,0.2003,0.2035,101431.8,1747547999999,20476.09979,201,52911.0,10682.3161,0,0.74
2025-05-18 06:00:00,0.2035,0.2035,0.2018,0.2022,52015.9,1747551599999,10530.32378,103,25036.6,5069.74496,0,0.74
2025-05-18 07:00:00,0.2021,0.2039,0.2019,0.2038,177303.2,1747555199999,35938.23684,438,63192.3,12814.67972,0,0.74
2025-05-18 08:00:00,0.2037,0.2063,0.2037,0.2059,252854.5,1747558799999,51864.69226,481,102250.1,20970.36935,0,0.74
2025-05-18 09:00:00,0.206,0.2063,0.2042,0.2043,301501.4,1747562399999,61791.70035,457,115837.4,23736.50696,0,0.74
2025-05-18 10:00:00,0.2043,0.2103,0.2028,0.2043,7532124.6,1747565999999,1549824.07053,10224,3387220.7,697839.12532,0,0.74
2025-05-18 11:00:00,0.2043,0.2045,0.2013,0.2024,2284221.6,1747569599999,464044.03885,2588,1126877.4,229075.24253,0,0.74
2025-05-18 12:00:00,0.2024,0.2042,0.2019,0.2041,986846.8,1747573199999,200084.8025,937,565068.2,114504.10181,0,0.74
2025-05-18 13:00:00,0.2042,0.2058,0.2032,0.2057,471910.3,1747576799999,96249.96381,764,234161.8,47766.16956,0,0.74
2025-05-18 14:00:00,0.2057,0.2078,0.2045,0.2064,784493.1,1747580399999,161903.81913,1048,412820.1,85238.03633,0,0.74
2025-05-18 15:00:00,0.2063,0.2103,0.2061,0.21,415978.7,1747583999999,86500.627,583,201550.6,41909.95954,0,0.74
2025-05-18 16:00:00,0.2101,0.2105,0.2091,0.2098,263287.6,1747587599999,55223.91631,330,146625.7,30763.95981,0,0.74
2025-05-18 17:00:00,0.2098,0.2098,0.2042,0.2042,987804.3,1747591199999,205234.81021,765,470693.3,97801.62032,0,0.74
2025-05-18 18:00:00,0.2042,0.2047,0.1993,0.2012,785467.9,1747594799999,158379.384,876,259057.6,52163.83658,0,0.74
2025-05-18 19:00:00,0.2009,0.2018,0.1973,0.1974,353969.6,1747598399999,70528.94968,373,119139.2,23763.54676,0,0.74
2025-05-18 20:00:00,0.1974,0.1999,0.1934,0.1994,476931.4,1747601999999,93741.48612,629,244204.2,48182.24161,0,0.74
2025-05-18 21:00:00,0.1995,0.2037,0.1995,0.2019,123974.3,1747605599999,25023.86641,333,80279.7,16198.0535,0,0.74
2025-05-18 22:00:00,0.201,0.2053,0.2006,0.2053,238008.0,1747609199999,48356.51905,350,130472.9,26499.26868,0,0.74
2025-05-18 23:00:00,0.2051,0.2082,0.2042,0.2081,199783.4,1747612799999,41108.65181,332,102907.0,21187.63523,0,0.74
2025-05-19 00:00:00,0.2078,0.209,0.204,0.2044,235647.6,1747616399999,48649.1958,355,121095.9,25016.21881,0,0.74
2025-05-19 01:00:00,0.2044,0.2055,0.2029,0.2034,189229.6,1747619999999,38599.90049,252,81641.9,16660.43043,0,0.74
2025-05-19 02:00:00,0.2035,0.204,0.2009,0.2013,216767.4,1747623599999,43846.07292,335,116547.1,23565.34248,0,0.74
2025-05-19 03:00:00,0.2012,0.2015,0.199,0.1994,141731.7,1747627199999,28376.79397,243,61220.3,12259.46893,0,0.74
2025-05-19 04:00:00,0.1993,0.2001,0.1958,0.1967,243877.6,1747630799999,48225.41909,373,110791.5,21912.7037,0,0.74
2025-05-19 05:00:00,0.197,0.1984,0.1955,0.1976,281924.6,1747634399999,55457.8636,443,117869.6,23203.06758,0,0.74
2025-05-19 06:00:00,0.1976,0.1995,0.1946,0.1947,197147.0,1747637999999,38773.57665,289,79588.3,15685.76455,0,0.74
2025-05-19 07:00:00,0.1945,0.1946,0.1907,0.1927,1208240.4,1747641599999,233002.54434,1374,507302.5,97852.09029,0,0.74
2025-05-19 08:00:00,0.1928,0.1931,0.191,0.1924,513211.1,1747645199999,98637.46695,546,181484.3,34905.90526,0,0.74
2025-05-19 09:00:00,0.1924,0.1935,0.1911,0.1917,308984.6,1747648799999,59505.84022,380,140089.4,27010.57447,0,0.74
2025-05-19 10:00:00,0.1918,0.1935,0.191,0.1928,328829.5,1747652399999,63057.05302,473,156691.9,30054.02482,0,0.74
2025-05-19 11:00:00,0.1928,0.1937,0.1922,0.1935,218808.3,1747655999999,42256.32512,252,128792.3,24891.89134,0,0.74
2025-05-19 12:00:00,0.1933,0.1934,0.19,0.1907,562861.0,1747659599999,107549.03944,995,172793.0,33046.54319,0,0.74
2025-05-19 13:00:00,0.1907,0.1959,0.1905,0.1948,435303.1,1747663199999,83439.98487,1654,142316.0,27374.18828,0,0.74
2025-05-19 14:00:00,0.1948,0.1971,0.1942,0.1965,187772.9,1747666799999,36770.01389,311,101668.9,19913.79357,0,0.74
2025-05-19 15:00:00,0.1967,0.1992,0.1965,0.199,366999.3,1747670399999,72697.15417,439,150520.2,29815.43233,0,0.74
2025-05-19 16:00:00,0.199,0.2003,0.1961,0.2002,609372.2,1747673999999,120438.39848,429,324239.2,64130.47722,0,0.74
2025-05-19 17:00:00,0.2002,0.2018,0.1995,0.1997,233814.0,1747677599999,46865.97855,385,97681.2,19616.78784,0,0.74
2025-05-19 18:00:00,0.1998,0.2002,0.1971,0.1979,211408.5,1747681199999,41887.71248,319,72703.1,14413.19115,0,0.74
2025-05-19 19:00:00,0.198,0.1989,0.1967,0.1989,428740.0,1747684799999,84790.3557,522,264939.2,52435.47033,0,0.74
2025-05-19 20:00:00,0.199,0.1995,0.1984,0.1989,190110.0,1747688399999,37806.82489,421,100592.9,20007.71419,0,0.74
2025-05-19 21:00:00,0.1989,0.1996,0.1976,0.1995,72963.3,1747691999999,14502.45646,172,30657.5,6097.93985,0,0.74
2025-05-19 22:00:00,0.1997,0.1997,0.1985,0.1995,100476.7,1747695599999,20001.24615,254,47655.9,9483.90617,0,0.74
2025-05-19 23:00:00,0.1993,0.2006,0.1989,0.2001,137933.8,1747699199999,27552.1813,264,51197.6,10223.39343,0,0.74
2025-05-20 00:00:00,0.2003,0.2025,0.1991,0.1991,274349.7,1747702799999,55054.87904,548,133032.7,26698.19517,0,0.71
2025-05-20 01:00:00,0.199,0.2027,0.1988,0.2018,164583.8,1747706399999,33022.13462,386,74813.3,15020.19884,0,0.71
2025-05-20 02:00:00,0.2019,0.2039,0.2012,0.2018,290782.6,1747709999999,58874.8113,450,119848.9,24276.98134,0,0.71
2025-05-20 03:00:00,0.2019,0.2021,0.1988,0.1995,222924.7,1747713599999,44593.08652,298,79910.6,16006.7566,0,0.71
2025-05-20 04:00:00,0.1998,0.2022,0.199,0.2018,174011.1,1747717199999,34927.64716,268,104552.5,20972.07818,0,0.71
2025-05-20 05:00:00,0.2018,0.2024,0.2012,0.2013,115680.4,1747720799999,23341.82594,280,54199.4,10942.64505,0,0.71
2025-05-20 06:00:00,0.2014,0.2018,0.1998,0.2002,260516.7,1747724399999,52194.5519,426,62925.7,12612.49997,0,0.71
2025-05-20 07:00:00,0.2004,0.2004,0.1983,0.1988,191003.9,1747727999999,38052.71236,359,80176.3,15979.58149,0,0.71
2025-05-20 08:00:00,0.1988,0.1993,0.1975,0.1988,163616.0,1747731599999,32455.99764,277,84907.4,16848.37778,0,0.71
2025-05-20 09:00:00,0.1985,0.1999,0.1975,0.1982,919589.9,1747735199999,182657.00131,689,452088.9,89812.03865,0,0.71
2025-05-20 10:00:00,0.198,0.1985,0.1963,0.1969,169325.6,1747738799999,33423.0307,317,73504.8,14500.57929,0,0.71
2025-05-20 11:00:00,0.1968,0.1982,0.1956,0.1973,129085.6,1747742399999,25388.05014,221,53474.2,10521.91942,0,0.71
2025-05-20 12:00:00,0.1972,0.1972,0.1949,0.1961,282629.3,1747745999999,55382.06876,386,113111.2,22196.91476,0,0.71
2025-05-20 13:00:00,0.1963,0.1977,0.1959,0.1969,191643.4,1747749599999,37695.37281,464,94555.7,18608.71941,0,0.71
2025-05-20 14:00:00,0.1968,0.1984,0.1963,0.1973,153843.9,1747753199999,30335.08479,379,67851.5,13384.83725,0,0.71
2025-05-20 15:00:00,0.1972,0.1998,0.1972,0.1993,203777.2,1747756799999,40532.42049,289,104287.5,20745.35672,0,0.71
2025-05-20 16:00:00,0.1993,0.1997,0.1976,0.1978,187050.0,1747760399999,37124.92347,274,56929.9,11298.80612,0,0.71
2025-05-20 17:00:00,0.1978,0.2008,0.1978,0.2,143349.5,1747763999999,28609.61743,267,76695.3,15301.6838,0,0.71
2025-05-20 18:00:00,0.2,0.2001,0.1961,0.1964,189459.1,1747767599999,37620.04382,363,85071.9,16914.22405,0,0.71
2025-05-20 19:00:00,0.1963,0.2009,0.1961,0.2001,192030.0,1747771199999,38241.04136,329,94003.6,18718.2071,0,0.71
2025-05-20 20:00:00,0.2,0.2016,0.1995,0.2012,245392.4,1747774799999,49204.53862,368,87120.9,17482.01283,0,0.71
2025-05-20 21:00:00,0.2012,0.2018,0.1985,0.201,711310.3,1747778399999,142060.21376,678,389756.2,77779.91753,0,0.71
2025-05-20 22:00:00,0.2011,0.2011,0.1994,0.2006,168739.7,1747781999999,33760.46143,320,104878.2,20983.46092,0,0.71
2025-05-20 23:00:00,0.2004,0.2017,0.2001,0.2008,203295.6,1747785599999,40833.68438,418,104018.3,20894.41804,0,0.71
2025-05-21 00:00:00,0.2009,0.2013,0.1995,0.1997,127189.6,1747789199999,25470.65064,231,57738.3,11565.85523,0,0.7
2025-05-21 01:00:00,0.1996,0.2007,0.1987,0.1987,86420.7,1747792799999,17252.4702,131,49072.2,9797.90912,0,0.7
2025-05-21 02:00:00,0.1985,0.1998,0.1967,0.1997,231955.1,1747796399999,46028.60423,323,142960.3,28391.68728,0,0.7
2025-05-21 03:00:00,0.1999,0.2011,0.1994,0.2005,131608.6,1747799999999,26346.07491,239,57997.1,11612.70507,0,0.7
2025-05-21 04:00:00,0.2004,0.2021,0.2003,0.201,154975.1,1747803599999,31175.93952,231,89112.4,17925.03654,0,0.7
2025-05-21 05:00:00,0.2009,0.2022,0.2006,0.2018,145253.0,1747807199999,29279.5544,223,75817.2,15285.70857,0,0.7
2025-05-21 06:00:00,0.2018,0.2019,0.1996,0.2008,949497.5,1747810799999,190551.33546,1098,604822.5,121330.682,0,0.7
2025-05-21 07:00:00,0.2008,0.2012,0.1978,0.1982,232392.4,1747814399999,46316.92961,368,103951.4,20690.81057,0,0.7
2025-05-21 08:00:00,0.1983,0.1992,0.1976,0.1977,144238.0,1747817999999,28602.90176,279,46028.0,9132.89489,0,0.7
2025-05-21 09:00:00,0.1978,0.198,0.1966,0.1971,176959.9,1747821599999,34927.45962,309,56005.2,11051.25205,0,0.7
2025-05-21 10:00:00,0.1971,0.1985,0.1968,0.1984,270139.5,1747825199999,53432.49638,253,173789.6,34395.4585,0,0.7
2025-05-21 11:00:00,0.1983,0.2,0.1982,0.1992,189938.4,1747828799999,37887.43083,217,72568.0,14469.19558,0,0.7
2025-05-21 12:00:00,0.1993,0.2004,0.199,0.1993,125190.0,1747832399999,24961.10348,196,37658.5,7512.82439,0,0.7
2025-05-21 13:00:00,0.1995,0.2006,0.1983,0.1999,225667.4,1747835999999,45022.61964,272,100344.2,20039.40893,0,0.7
2025-05-21 14:00:00,0.1999,0.2019,0.1989,0.2017,196509.6,1747839599999,39315.75139,300,105601.1,21150.63655,0,0.7
2025-05-21 15:00:00,0.2019,0.202,0.2002,0.2011,655422.8,1747843199999,131761.06004,732,397099.2,79816.08684,0,0.7
2025-05-21 16:00:00,0.2012,0.205,0.2008,0.2035,564253.7,1747846799999,114473.14071,1115,256529.6,51979.17283,0,0.7
2025-05-21 17:00:00,0.2036,0.204,0.1947,0.1963,726130.9,1747850399999,144199.3772,1335,327184.4,65040.93643,0,0.7
2025-05-21 18:00:00,0.1961,0.1999,0.1955,0.1983,319484.0,1747853999999,63282.61332,544,169176.5,33512.04129,0,0.7
2025-05-21 19:00:00,0.1983,0.2012,0.1977,0.2011,220356.6,1747857599999,43948.98301,280,150610.3,30048.99065,0,0.7
2025-05-21 20:00:00,0.2008,0.2012,0.1993,0.2006,203170.7,1747861199999,40742.43632,246,105554.3,21160.25942,0,0.7
2025-05-21 21:00:00,0.2003,0.2008,0.1995,0.1997,65668.8,1747864799999,13148.37705,160,39500.7,7908.49,0,0.7
2025-05-21 22:00:00,0.2001,0.2021,0.1996,0.2019,111680.1,1747868399999,22443.20714,133,54709.5,10998.93813,0,0.7
2025-05-21 23:00:00,0.2017,0.2043,0.2011,0.2024,147873.9,1747871999999,29972.27576,225,53976.1,10948.05088,0,0.7
2025-05-22 00:00:00,0.2025,0.2042,0.2022,0.2042,175307.6,1747875599999,35579.78263,269,83104.2,16866.01159,0,0.72
2025-05-22 01:00:00,0.2043,0.2048,0.2026,0.2034,165434.3,1747879199999,33704.00225,272,79565.4,16221.46061,0,0.72
2025-05-22 02:00:00,0.2035,0.2047,0.2031,0.204,316247.6,1747882799999,64469.52533,232,205193.1,41830.90137,0,0.72
2025-05-22 03:00:00,0.2041,0.2061,0.2036,0.2057,149871.6,1747886399999,30745.03744,251,67264.5,13794.20261,0,0.72
2025-05-22 04:00:00,0.2057,0.2068,0.2054,0.2061,179999.9,1747889999999,37083.00792,339,118755.6,24467.42625,0,0.72
2025-05-22 05:00:00,0.206,0.2072,0.2054,0.2054,245570.1,1747893599999,50668.58831,485,144922.0,29889.10268,0,0.72
2025-05-22 06:00:00,0.2055,0.2062,0.2054,0.2055,138653.5,1747897199999,28528.79976,244,77936.1,16037.40218,0,0.72
2025-05-22 07:00:00,0.2055,0.2071,0.2054,0.2071,163739.1,1747900799999,33797.3004,227,104064.5,21474.27274,0,0.72
2025-05-22 08:00:00,0.2071,0.2087,0.2068,0.2079,305319.9,1747904399999,63416.64842,548,138975.1,28850.04484,0,0.72
2025-05-22 09:00:00,0.208,0.2103,0.2078,0.2092,310030.0,1747907999999,64898.41671,500,168664.4,35315.14199,0,0.72
2025-05-22 10:00:00,0.2095,0.2096,0.2077,0.2081,166750.4,1747911599999,34811.3172,469,63886.3,13335.83011,0,0.72
2025-05-22 11:00:00,0.2079,0.2081,0.2066,0.2075,146051.5,1747915199999,30270.12464,262,46743.5,9693.71896,0,0.72
2025-05-22 12:00:00,0.2075,0.2088,0.2071,0.2084,218714.5,1747918799999,45552.40897,247,90269.8,18807.42115,0,0.72
2025-05-22 13:00:00,0.2086,0.2086,0.2065,0.2072,150255.7,1747922399999,31139.4248,271,44874.7,9309.24935,0,0.72
2025-05-22 14:00:00,0.2073,0.2093,0.2073,0.2087,205403.6,1747925999999,42862.36215,299,108275.1,22598.65298,0,0.72
2025-05-22 15:00:00,0.2087,0.21,0.2087,0.2093,161837.5,1747929599999,33908.5372,263,79356.7,16621.44953,0,0.72
2025-05-22 16:00:00,0.2092,0.2106,0.2087,0.2087,145038.4,1747933199999,30440.68829,337,89851.7,18865.05401,0,0.72
2025-05-22 17:00:00,0.209,0.2103,0.2088,0.2096,100404.8,1747936799999,21038.5499,273,55102.1,11541.22801,0,0.72
2025-05-22 18:00:00,0.2096,0.2108,0.2091,0.2102,363178.5,1747940399999,76398.55456,387,155421.3,32686.15168,0,0.72
2025-05-22 19:00:00,0.2103,0.2105,0.2086,0.2092,178168.6,1747943999999,37335.7413,366,60340.4,12662.63544,0,0.72
2025-05-22 20:00:00,0.2093,0.2104,0.2092,0.2097,165120.3,1747947599999,34660.65,289,92926.4,19504.63156,0,0.72
2025-05-22 21:00:00,0.2096,0.2098,0.208,0.2087,242262.3,1747951199999,50544.53267,336,93513.6,19511.99762,0,0.72
2025-05-22 22:00:00,0.2091,0.2103,0.209,0.2094,48973.9,1747954799999,10268.49508,127,21937.7,4600.33697,0,0.72
2025-05-22 23:00:00,0.2095,0.211,0.2094,0.2104,55750.9,1747958399999,11710.18293,131,24752.4,5199.12898,0,0.72
2025-05-23 00:00:00,0.2105,0.2113,0.2083,0.2095,334570.2,1747961999999,70168.09036,760,143978.0,30204.10494,0,0.78
2025-05-23 01:00:00,0.2097,0.2112,0.209,0.2107,111672.5,1747965599999,23492.09959,448,55873.2,11754.80527,0,0.78
2025-05-23 02:00:00,0.2108,0.2146,0.2107,0.2129,348889.8,1747969199999,74333.62835,936,205122.8,43701.80425,0,0.78
2025-05-23 03:00:00,0.2133,0.2141,0.2125,0.2137,526102.9,1747972799999,112249.6614,767,184922.5,39448.41636,0,0.78
2025-05-23 04:00:00,0.2138,0.2141,0.21,0.2113,225715.0,1747976399999,47814.83437,377,113053.8,23948.28765,0,0.78
2025-05-23 05:00:00,0.2113,0.2117,0.2094,0.211,145900.3,1747979999999,30743.25738,320,68046.7,14362.81762,0,0.78
2025-05-23 06:00:00,0.211,0.211,0.2071,0.2078,106164.8,1747983599999,22208.58357,346,37607.8,7860.82355,0,0.78
2025-05-23 07:00:00,0.2079,0.2096,0.2078,0.2085,143174.1,1747987199999,29855.86477,447,59698.4,12460.12932,0,0.78
2025-05-23 08:00:00,0.2086,0.211,0.208,0.2104,710204.8,1747990799999,148745.20958,979,420494.8,88105.92328,0,0.78
2025-05-23 09:00:00,0.2105,0.2121,0.2103,0.2116,160122.0,1747994399999,33859.48705,287,74438.8,15736.44153,0,0.78
2025-05-23 10:00:00,0.2114,0.2114,0.2097,0.2104,111134.2,1747997999999,23393.70474,283,56218.9,11831.16261,0,0.78
2025-05-23 11:00:00,0.2104,0.2104,0.2,0.201,641256.1,1748001599999,130858.90776,1839,310285.3,63212.12292,0,0.78
2025-05-23 12:00:00,0.201,0.201,0.1923,0.1974,6472728.8,1748005199999,1268296.682,12195,2019147.2,396071.38855,0,0.78
2025-05-23 13:00:00,0.1977,0.2015,0.1966,0.2013,252696.2,1748008799999,50363.61737,624,149395.4,29755.84065,0,0.78
2025-05-23 14:00:00,0.2014,0.2023,0.2007,0.2018,258977.2,1748012399999,52235.24837,547,161949.4,32674.31223,0,0.78
2025-05-23 15:00:00,0.2018,0.2028,0.2006,0.2014,331300.0,1748015999999,66916.62387,635,134554.5,27175.94199,0,0.78
2025-05-23 16:00:00,0.201,0.2015,0.1992,0.2011,217640.0,1748019599999,43604.29689,569,126476.6,25332.86177,0,0.78
2025-05-23 17:00:00,0.201,0.2019,0.2004,0.201,218023.3,1748023199999,43816.41232,475,66390.3,13350.10851,0,0.78
2025-05-23 18:00:00,0.201,0.2014,0.1992,0.1996,136172.2,1748026799999,27247.70297,493,61511.6,12306.8648,0,0.78
2025-05-23 19:00:00,0.1995,0.2006,0.1994,0.2001,102281.9,1748030399999,20467.89665,186,78645.3,15745.4402,0,0.78
2025-05-23 20:00:00,0.1994,0.1995,0.1978,0.1978,96964.3,1748033999999,19269.35611,522,60263.2,11974.31047,0,0.78
2025-05-23 21:00:00,0.1977,0.1989,0.1975,0.1978,141848.0,1748037599999,28130.09359,424,81367.2,16134.17555,0,0.78
2025-05-23 22:00:00,0.1978,0.1995,0.1969,0.1972,143886.4,1748041199999,28570.34368,650,71784.0,14261.24947,0,0.78
2025-05-23 23:00:00,0.197,0.1976,0.1936,0.1944,325984.0,1748044799999,63638.05722,1279,172777.0,33773.76083,0,0.78
2025-05-24 00:00:00,0.1942,0.1964,0.1932,0.1943,193521.2,1748048399999,37683.25937,659,102941.4,20037.52456,0,0.66
2025-05-24 01:00:00,0.1942,0.1963,0.1942,0.1942,93637.3,1748051999999,18268.70655,181,53329.7,10403.43008,0,0.66
2025-05-24 02:00:00,0.1944,0.1964,0.194,0.1959,376032.0,1748055599999,73532.6484,533,177151.9,34653.79926,0,0.66
2025-05-24 03:00:00,0.1957,0.1968,0.1956,0.1962,60962.8,1748059199999,11961.26993,139,27999.4,5492.82104,0,0.66
2025-05-24 04:00:00,0.1962,0.1975,0.1957,0.1971,106264.5,1748062799999,20919.8302,157,78028.5,15369.20387,0,0.66
2025-05-24 05:00:00,0.1972,0.1972,0.196,0.197,91449.2,1748066399999,17988.4325,244,55993.4,11016.03176,0,0.66
2025-05-24 06:00:00,0.1969,0.1973,0.1957,0.1969,89942.4,1748069999999,17682.17237,181,41516.1,8159.80066,0,0.66
2025-05-24 07:00:00,0.1969,0.1982,0.1968,0.197,93961.4,1748073599999,18569.60642,379,64970.7,12842.69391,0,0.66
2025-05-24 08:00:00,0.1969,0.1973,0.196,0.1971,104826.1,1748077199999,20609.78614,415,63879.8,12556.60741,0,0.66
2025-05-24 09:00:00,0.197,0.1974,0.196,0.1961,71139.1,1748080799999,13998.87009,303,39715.2,7814.78574,0,0.66
2025-05-24 10:00:00,0.1962,0.1981,0.1958,0.1976,121089.1,1748084399999,23837.34194,412,63313.5,12471.75315,0,0.66
2025-05-24 11:00:00,0.1977,0.1982,0.1971,0.1972,91583.2,1748087999999,18095.92681,179,44809.5,8854.84802,0,0.66
2025-05-24 12:00:00,0.1973,0.1982,0.1968,0.1978,316139.3,1748091599999,62543.81363,421,125289.6,24783.98807,0,0.66
2025-05-24 13:00:00,0.1977,0.1978,0.1964,0.1965,235600.9,1748095199999,46423.35657,349,76135.1,15003.8168,0,0.66
2025-05-24 14:00:00,0.1964,0.1976,0.1964,0.1976,103750.9,1748098799999,20432.78437,170,34269.9,6757.36125,0,0.66
2025-05-24 15:00:00,0.1974,0.1977,0.1965,0.1971,79591.5,1748102399999,15681.71762,245,35127.6,6918.89278,0,0.66
2025-05-24 16:00:00,0.1971,0.1978,0.1962,0.1973,81440.6,1748105999999,16043.55704,201,45628.8,8987.89287,0,0.66
2025-05-24 17:00:00,0.1974,0.1982,0.1969,0.1974,67368.6,1748109599999,13304.85285,136,30493.7,6023.77522,0,0.66
2025-05-24 18:00:00,0.1971,0.1975,0.196,0.1962,76455.9,1748113199999,15037.79712,153,36651.3,7209.87603,0,0.66
2025-05-24 19:00:00,0.196,0.1967,0.196,0.1965,65284.0,1748116799999,12813.50476,108,32564.8,6392.81541,0,0.66
2025-05-24 20:00:00,0.1963,0.1969,0.196,0.1963,67569.3,1748120399999,13269.54018,103,33043.3,6489.77102,0,0.66
2025-05-24 21:00:00,0.1963,0.1963,0.1945,0.1952,107217.0,1748123999999,20926.82924,270,50760.8,9901.19598,0,0.66
2025-05-24 22:00:00,0.1952,0.1952,0.1942,0.1943,105826.3,1748127599999,20610.75702,293,57525.1,11203.77019,0,0.66
2025-05-24 23:00:00,0.1942,0.1953,0.1936,0.1944,114131.5,1748131199999,22201.42486,420,74091.3,14412.88102,0,0.66
2025-05-25 00:00:00,0.1945,0.195,0.1903,0.1912,799797.4,1748134799999,153343.59454,2002,412981.9,79095.33865,0,0.74
2025-05-25 01:00:00,0.1912,0.1928,0.1906,0.1922,309854.0,1748138399999,59379.01841,719,211719.5,40583.10263,0,0.74
2025-05-25 02:00:00,0.1923,0.1936,0.1913,0.1933,258886.9,1748141999999,49885.94604,430,164294.4,31659.05777,0,0.74
2025-05-25 03:00:00,0.1934,0.1942,0.1934,0.1939,39190.3,1748145599999,7595.15903,127,22786.8,4416.70114,0,0.74
2025-05-25 04:00:00,0.194,0.1951,0.1936,0.1949,105764.3,1748149199999,20521.96005,161,66549.6,12907.94457,0,0.74
2025-05-25 05:00:00,0.1947,0.1949,0.1939,0.1949,70272.2,1748152799999,13656.96844,136,44057.5,8561.48863,0,0.74
2025-05-25 06:00:00,0.1949,0.1952,0.1945,0.195,57713.9,1748156399999,11246.33397,165,26047.9,5078.51504,0,0.74
2025-05-25 07:00:00,0.1949,0.1949,0.1928,0.1935,130096.1,1748159999999,25227.6186,232,16709.6,3236.57898,0,0.74
2025-05-25 08:00:00,0.1934,0.1934,0.1905,0.1915,247385.2,1748163599999,47397.40524,334,106797.6,20466.57024,0,0.74
2025-05-25 09:00:00,0.1913,0.1923,0.1904,0.1919,140372.0,1748167199999,26844.74098,236,65831.1,12596.41161,0,0.74
2025-05-25 10:00:00,0.1921,0.1925,0.1913,0.1914,45989.7,1748170799999,8824.29882,133,17442.7,3348.58078,0,0.74
2025-05-25 11:00:00,0.1913,0.1924,0.1911,0.1919,72084.9,1748174399999,13811.3766,148,40148.8,7694.81366,0,0.74
2025-05-25 12:00:00,0.1921,0.1929,0.1912,0.1928,119283.9,1748177999999,22936.48451,179,83430.8,16050.46254,0,0.74
2025-05-25 13:00:00,0.1928,0.1936,0.1921,0.1928,118925.5,1748181599999,22931.97046,223,70827.2,13658.21527,0,0.74
2025-05-25 14:00:00,0.1928,0.1932,0.1909,0.1915,86151.0,1748185199999,16554.52493,188,39112.1,7519.78668,0,0.74
2025-05-25 15:00:00,0.1916,0.1916,0.1873,0.1905,877762.2,1748188799999,165839.06535,984,358211.9,67628.77589,0,0.74
2025-05-25 16:00:00,0.1904,0.1905,0.1869,0.1884,196407.9,1748192399999,36944.93557,235,120666.6,22658.52812,0,0.74
2025-05-25 17:00:00,0.1884,0.1893,0.188,0.1888,73750.7,1748195999999,13904.14729,172,44884.3,8462.49652,0,0.74
2025-05-25 18:00:00,0.1889,0.1893,0.1881,0.1883,51113.0,1748199599999,9642.37662,176,26530.7,5004.23498,0,0.74
2025-05-25 19:00:00,0.1881,0.1903,0.1879,0.1897,100368.7,1748203199999,19007.47591,209,68213.2,12927.29716,0,0.74
2025-05-25 20:00:00,0.1895,0.1897,0.1885,0.189,79494.1,1748206799999,15035.49606,164,30902.8,5850.19027,0,0.74
2025-05-25 21:00:00,0.189,0.1896,0.1878,0.1887,218013.1,1748210399999,41184.22335,336,94673.7,17888.6836,0,0.74
2025-05-25 22:00:00,0.189,0.1935,0.1887,0.1934,263236.6,1748213999999,50608.88718,329,166847.7,32114.47842,0,0.74
2025-05-25 23:00:00,0.1935,0.1943,0.1927,0.1937,192899.6,1748217599999,37331.38553,269,120140.4,23254.17402,0,0.74
2025-05-26 00:00:00,0.1938,0.1952,0.193,0.1952,117946.5,1748221199999,22851.14395,160,69276.3,13424.34009,0,0.73
2025-05-26 01:00:00,0.1956,0.1958,0.1944,0.1951,82316.7,1748224799999,16058.51298,118,37992.7,7416.09153,0,0.73
2025-05-26 02:00:00,0.195,0.1954,0.1946,0.1947,71908.6,1748228399999,14014.55352,106,41482.4,8083.06636,0,0.73
2025-05-26 03:00:00,0.1946,0.196,0.1944,0.1956,101991.9,1748231999999,19928.8736,118,69016.2,13481.66761,0,0.73
2025-05-26 04:00:00,0.1957,0.1957,0.1953,0.1953,42541.9,1748235599999,8316.02355,63,16473.9,3220.31903,0,0.73
2025-05-26 05:00:00,0.1952,0.1959,0.1951,0.1955,51355.5,1748239199999,10036.79477,78,28769.9,5623.39447,0,0.73
2025-05-26 06:00:00,0.1954,0.196,0.1951,0.196,63614.9,1748242799999,12437.82462,95,20058.7,3922.19599,0,0.73
2025-05-26 07:00:00,0.1959,0.1971,0.1959,0.1971,148697.6,1748246399999,29259.32304,174,90069.7,17728.26908,0,0.73
2025-05-26 08:00:00,0.1972,0.1975,0.1958,0.196,68336.6,1748249999999,13445.05272,96,41487.1,8165.73603,0,0.73
2025-05-26 09:00:00,0.196,0.1969,0.1957,0.1958,94247.4,1748253599999,18494.52365,120,26046.4,5107.92273,0,0.73
2025-05-26 10:00:00,0.1958,0.1964,0.1955,0.1957,107214.8,1748257199999,21009.52585,131,37841.7,7414.95058,0,0.73
2025-05-26 11:00:00,0.1957,0.1957,0.1948,0.1954,95608.4,1748260799999,18681.01865,124,37069.4,7243.60099,0,0.73
2025-05-26 12:00:00,0.1954,0.1962,0.1946,0.1959,80162.9,1748264399999,15644.09847,133,45726.6,8925.407,0,0.73
2025-05-26 13:00:00,0.1958,0.196,0.1923,0.193,205733.0,1748267999999,39938.37508,289,98345.9,19104.71315,0,0.73
2025-05-26 14:00:00,0.1931,0.1939,0.1925,0.1933,145919.0,1748271599999,28176.49453,183,93971.3,18150.02503,0,0.73
2025-05-26 15:00:00,0.1935,0.1958,0.193,0.1952,133146.9,1748275199999,25924.25303,155,74882.7,14579.1639,0,0.73
2025-05-26 16:00:00,0.1955,0.1957,0.1924,0.1933,130147.3,1748278799999,25212.92551,176,61159.4,11837.67498,0,0.73
2025-05-26 17:00:00,0.1932,0.1936,0.1911,0.1916,85996.5,1748282399999,16528.93582,140,28734.1,5531.57123,0,0.73
2025-05-26 18:00:00,0.1915,0.1928,0.1914,0.192,35347.5,1748285999999,6791.45683,115,15094.0,2899.61815,0,0.73
2025-05-26 19:00:00,0.1919,0.1928,0.1918,0.1927,71594.6,1748289599999,13768.75217,181,33929.3,6521.82916,0,0.73
2025-05-26 20:00:00,0.1924,0.1936,0.1922,0.1934,112383.9,1748293199999,21671.79815,247,63680.9,12286.15397,0,0.73
2025-05-26 21:00:00,0.1933,0.1937,0.1929,0.1932,53756.3,1748296799999,10380.6319,146,16120.1,3113.33724,0,0.73
2025-05-26 22:00:00,0.1933,0.1947,0.1925,0.1927,66389.7,1748300399999,12839.42991,182,29737.9,5759.68873,0,0.73
2025-05-26 23:00:00,0.1927,0.1935,0.1919,0.1935,101951.4,1748303999999,19618.30733,102,38883.9,7492.79772,0,0.73
2025-05-27 00:00:00,0.1934,0.1941,0.192,0.192,41264.1,1748307599999,7962.11099,70,18875.0,3642.03185,0,0.74
2025-05-27 01:00:00,0.192,0.192,0.1882,0.1906,180834.9,1748311199999,34375.40046,395,66101.0,12564.86163,0,0.74
2025-05-27 02:00:00,0.1908,0.1921,0.1906,0.1916,91906.0,1748314799999,17602.2122,222,50553.1,9686.4505,0,0.74
2025-05-27 03:00:00,0.1916,0.1936,0.1916,0.1929,59078.4,1748318399999,11380.73393,127,30118.5,5800.42211,0,0.74
2025-05-27 04:00:00,0.1928,0.1943,0.1928,0.1937,79013.3,1748321999999,15294.76242,118,36227.2,7014.15623,0,0.74
2025-05-27 05:00:00,0.1937,0.1949,0.1926,0.1946,108108.5,1748325599999,20942.38444,128,51371.2,9946.49008,0,0.74
2025-05-27 06:00:00,0.1947,0.1972,0.1947,0.1954,163675.5,1748329199999,32078.21567,193,108397.7,21236.25476,0,0.74
2025-05-27 07:00:00,0.1957,0.1967,0.1955,0.1963,112355.0,1748332799999,22006.37492,157,78625.8,15394.89909,0,0.74
2025-05-27 08:00:00,0.1966,0.1971,0.1962,0.1965,111168.2,1748336399999,21866.34436,159,51782.7,10187.84098,0,0.74
2025-05-27 09:00:00,0.1966,0.1966,0.1955,0.1959,89834.2,1748339999999,17599.07122,147,23138.3,4532.85366,0,0.74
2025-05-27 10:00:00,0.196,0.1964,0.1955,0.1964,87423.9,1748343599999,17136.0479,149,48960.2,9598.81192,0,0.74
2025-05-27 11:00:00,0.1962,0.1966,0.1957,0.1963,203655.8,1748347199999,39953.91204,250,73586.3,14436.69172,0,0.74
2025-05-27 12:00:00,0.1964,0.1971,0.1962,0.1966,58039.4,1748350799999,11407.40199,80,30528.9,6001.94424,0,0.74
2025-05-27 13:00:00,0.1967,0.1994,0.1966,0.197,308485.1,1748354399999,61109.28887,397,173930.4,34471.52633,0,0.74
2025-05-27 14:00:00,0.1971,0.1973,0.1945,0.1956,151084.2,1748357999999,29618.78313,227,54538.1,10689.91771,0,0.74
2025-05-27 15:00:00,0.1956,0.1968,0.1951,0.1964,57434.9,1748361599999,11250.09174,135,25697.7,5038.53754,0,0.74
2025-05-27 16:00:00,0.1967,0.198,0.1962,0.1972,273192.0,1748365199999,53936.5921,1093,120385.2,23770.57545,0,0.74
2025-05-27 17:00:00,0.1974,0.1978,0.1965,0.197,323246.4,1748368799999,63750.73503,618,105827.5,20874.95246,0,0.74
2025-05-27 18:00:00,0.197,0.1972,0.1962,0.1964,126523.2,1748372399999,24906.25108,254,66640.8,13124.38718,0,0.74
2025-05-27 19:00:00,0.1964,0.1966,0.1958,0.1962,89691.7,1748375999999,17608.90429,298,48159.8,9457.90504,0,0.74
2025-05-27 20:00:00,0.1962,0.1969,0.196,0.1963,75769.0,1748379599999,14886.03316,262,30125.6,5920.11559,0,0.74
2025-05-27 21:00:00,0.1963,0.1964,0.1948,0.1948,117925.6,1748383199999,23066.1312,278,53888.9,10542.23436,0,0.74
2025-05-27 22:00:00,0.1952,0.1955,0.1938,0.1946,121896.8,1748386799999,23710.95824,355,78427.4,15255.27968,0,0.74
2025-05-27 23:00:00,0.1946,0.1948,0.1939,0.1946,72651.3,1748390399999,14116.68075,147,27758.3,5397.05648,0,0.74
2025-05-28 00:00:00,0.1946,0.195,0.1933,0.195,189152.9,1748393999999,36748.02048,536,106909.2,20780.62226,0,0.71
2025-05-28 01:00:00,0.195,0.1953,0.1941,0.1943,177297.1,1748397599999,34518.52519,354,74305.9,14469.68072,0,0.71
2025-05-28 02:00:00,0.1942,0.1945,0.1931,0.1942,102367.5,1748401199999,19856.13243,199,44975.2,8724.28686,0,0.71
2025-05-28 03:00:00,0.194,0.1954,0.1939,0.1954,126572.6,1748404799999,24640.12767,146,41195.8,8018.9685,0,0.71
2025-05-28 04:00:00,0.1954,0.1959,0.1942,0.1954,52589.0,1748408399999,10254.57116,93,22758.5,4433.68341,0,0.71
2025-05-28 05:00:00,0.1954,0.1954,0.1949,0.1949,91486.4,1748411999999,17846.65967,135,32171.7,6276.81095,0,0.71
2025-05-28 06:00:00,0.1947,0.1947,0.193,0.1935,177681.0,1748415599999,34428.37924,295,67712.5,13118.26435,0,0.71
2025-05-28 07:00:00,0.1935,0.1947,0.1931,0.1939,178926.4,1748419199999,34746.52081,441,66446.3,12897.88591,0,0.71
2025-05-28 08:00:00,0.194,0.1942,0.1923,0.1929,1011127.7,1748422799999,195127.37747,1521,659540.3,127287.79046,0,0.71
2025-05-28 09:00:00,0.193,0.1932,0.1914,0.192,204594.5,1748426399999,39326.1119,742,44425.1,8528.2499,0,0.71
2025-05-28 10:00:00,0.1919,0.1931,0.1906,0.1929,369932.9,1748429999999,71009.07325,538,76249.8,14604.63956,0,0.71
2025-05-28 11:00:00,0.1929,0.1945,0.1929,0.1942,188682.5,1748433599999,36566.00931,623,61248.1,11881.04002,0,0.71
2025-05-28 12:00:00,0.1943,0.1962,0.1936,0.1949,429183.1,1748437199999,83777.96186,743,225348.3,43975.76744,0,0.71
2025-05-28 13:00:00,0.1947,0.1952,0.1925,0.1926,363225.8,1748440799999,70504.11123,496,222298.0,43196.91515,0,0.71
2025-05-28 14:00:00,0.1927,0.193,0.1912,0.1916,401206.0,1748444399999,77063.5537,970,184655.1,35472.23861,0,0.71
2025-05-28 15:00:00,0.1915,0.1923,0.19,0.1903,404206.3,1748447999999,77020.31057,478,173660.2,33095.26883,0,0.71
2025-05-28 16:00:00,0.1903,0.1919,0.1902,0.1919,175052.1,1748451599999,33422.47043,401,98310.3,18779.72114,0,0.71
2025-05-28 17:00:00,0.192,0.1934,0.1912,0.192,102919.0,1748455199999,19792.95826,263,51643.2,9924.93424,0,0.71
2025-05-28 18:00:00,0.192,0.1924,0.1906,0.1908,92211.0,1748458799999,17675.86944,196,49740.6,9538.83877,0,0.71
2025-05-28 19:00:00,0.1906,0.1918,0.1889,0.1891,267393.0,1748462399999,50754.6966,448,96768.2,18396.63751,0,0.71
2025-05-28 20:00:00,0.1892,0.1908,0.1889,0.1907,186840.9,1748465999999,35421.09881,233,75366.8,14295.46879,0,0.71
2025-05-28 21:00:00,0.1908,0.1922,0.1904,0.1921,203886.1,1748469599999,39039.79646,221,125808.6,24104.81516,0,0.71
2025-05-28 22:00:00,0.1922,0.1923,0.1909,0.1917,48357.6,1748473199999,9264.54282,81,12014.6,2301.62095,0,0.71
2025-05-28 23:00:00,0.1916,0.194,0.1915,0.1939,166947.5,1748476799999,32250.77853,259,71470.0,13810.83936,0,0.71
2025-05-29 00:00:00,0.1938,0.1954,0.1928,0.1952,195021.8,1748480399999,37841.45821,352,91347.7,17752.76122,0,0.74
2025-05-29 01:00:00,0.1954,0.1968,0.1945,0.1964,331766.8,1748483999999,64842.90177,446,144276.1,28199.11502,0,0.74
2025-05-29 02:00:00,0.1963,0.1985,0.1952,0.1984,210219.1,1748487599999,41359.24326,249,112525.4,22176.40147,0,0.74
2025-05-29 03:00:00,0.1985,0.1985,0.1964,0.197,579968.2,1748491199999,114382.86313,355,106805.7,21065.32701,0,0.74
2025-05-29 04:00:00,0.1971,0.1971,0.1925,0.1941,785244.9,1748494799999,153095.6156,457,296468.4,57439.16651,0,0.74
2025-05-29 05:00:00,0.1942,0.1949,0.1932,0.1937,104438.2,1748498399999,20253.0148,200,38983.8,7560.99234,0,0.74
2025-05-29 06:00:00,0.1937,0.1945,0.1934,0.1942,42877.8,1748501999999,8322.05172,124,19856.6,3854.37375,0,0.74
2025-05-29 07:00:00,0.1942,0.1946,0.1935,0.1939,61943.3,1748505599999,12023.66868,246,24578.2,4771.37547,0,0.74
2025-05-29 08:00:00,0.1938,0.195,0.193,0.1944,96177.6,1748509199999,18683.18384,395,59606.9,11583.07305,0,0.74
2025-05-29 09:00:00,0.1943,0.1948,0.1937,0.1944,229321.3,1748512799999,44567.71126,461,77385.1,15040.46464,0,0.74
2025-05-29 10:00:00,0.1944,0.1946,0.1933,0.1941,207808.5,1748516399999,40299.72029,398,81397.4,15792.83635,0,0.74
2025-05-29 11:00:00,0.1941,0.1946,0.1937,0.1943,223456.4,1748519999999,43380.59151,465,64035.1,12431.0343,0,0.74
2025-05-29 12:00:00,0.1943,0.1943,0.1916,0.1924,591182.5,1748523599999,114250.53668,674,285110.0,55130.51057,0,0.74
2025-05-29 13:00:00,0.1926,0.1935,0.1909,0.1915,594866.5,1748527199999,114575.65906,977,117017.0,22521.69937,0,0.74
2025-05-29 14:00:00,0.1915,0.1926,0.1893,0.1926,167200.2,1748530799999,31941.84741,363,79277.3,15173.49827,0,0.74
2025-05-29 15:00:00,0.1923,0.1924,0.1905,0.1907,64799.9,1748534399999,12414.43336,115,28915.0,5532.44953,0,0.74
2025-05-29 16:00:00,0.1907,0.1912,0.19,0.1903,107310.8,1748537999999,20453.92558,203,47452.3,9047.20936,0,0.74
2025-05-29 17:00:00,0.1902,0.1918,0.1902,0.1913,170135.6,1748541599999,32469.46657,236,87995.8,16803.03277,0,0.74
2025-05-29 18:00:00,0.1912,0.1924,0.1907,0.1907,113658.5,1748545199999,21751.28101,166,35532.9,6803.27931,0,0.74
2025-05-29 19:00:00,0.1907,0.1907,0.1888,0.1895,104622.2,1748548799999,19821.41202,172,53501.6,10137.6458,0,0.74
2025-05-29 20:00:00,0.1895,0.1903,0.1894,0.1899,141677.2,1748552399999,26885.64779,205,69631.2,13209.73326,0,0.74
2025-05-29 21:00:00,0.1898,0.1917,0.1897,0.1917,85352.7,1748555999999,16289.37012,107,61529.9,11752.98321,0,0.74
2025-05-29 22:00:00,0.1916,0.192,0.1902,0.1902,63209.5,1748559599999,12083.7126,112,19641.5,3754.6335,0,0.74
2025-05-29 23:00:00,0.1903,0.1907,0.1891,0.1897,266509.4,1748563199999,50663.43527,447,114070.7,21693.23896,0,0.74
2025-05-30 00:00:00,0.1897,0.191,0.1778,0.1815,3010247.3,1748566799999,552511.1556,3407,1548039.9,284000.35248,0,0.74
2025-05-30 01:00:00,0.1815,0.1841,0.1812,0.1831,181383.7,1748570399999,33177.62726,274,91926.8,16804.75326,0,0.74
